street_id,line_id,voltage,current_in,current_out,leakage_current,load_kw,power_factor,temperature_c,humidity,time_slot,fault
151,38,228.88,6.73,5.65,1.08,1.29,1.0,52.14,38.7,2025-01-01 00:00:00,LEAKAGE_WARNING
192,38,221.63,10.72,10.64,0.08,2.36,0.86,49.01,52.96,2025-01-01 00:05:00,NORMAL
114,29,233.48,12.1,12.16,0.06,2.84,0.72,49.42,88.93,2025-01-01 00:10:00,NORMAL
171,41,240.5,7.35,6.67,0.68,1.6,0.93,62.29,62.63,2025-01-01 00:15:00,NORMAL
160,36,223.58,10.7,11.36,0.66,2.54,0.96,59.22,72.09,2025-01-01 00:20:00,NORMAL
120,26,213.18,7.91,7.77,0.14,1.66,0.98,69.38,69.8,2025-01-01 00:25:00,NORMAL
182,31,226.97,12.34,12.17,0.17,2.76,0.89,50.08,42.7,2025-01-01 00:30:00,NORMAL
186,44,237.56,6.8,6.34,0.46,1.51,0.85,58.71,80.77,2025-01-01 00:35:00,NORMAL
174,12,225.79,8.22,8.32,0.1,1.88,0.89,42.14,37.32,2025-01-01 00:40:00,NORMAL
174,17,215.02,10.26,10.15,0.11,2.18,0.7,47.88,85.3,2025-01-01 00:45:00,NORMAL
187,15,237.63,11.42,11.17,0.25,2.65,0.9,53.72,42.96,2025-01-01 00:50:00,NORMAL
199,9,244.15,10.19,10.12,0.07,2.47,0.91,37.59,87.28,2025-01-01 00:55:00,NORMAL
123,39,230.2,10.99,10.88,0.11,2.5,0.92,45.93,77.88,2025-01-01 01:00:00,NORMAL
102,42,213.94,8.9,8.28,0.62,1.77,0.87,25.78,40.26,2025-01-01 01:05:00,NORMAL
121,48,226.82,7.82,7.33,0.49,1.66,0.91,63.51,39.62,2025-01-01 01:10:00,NORMAL
152,12,231.52,12.93,12.47,0.46,2.89,0.89,63.95,35.07,2025-01-01 01:15:00,NORMAL
101,32,221.9,11.0,11.62,0.62,2.58,0.73,26.8,44.84,2025-01-01 01:20:00,NORMAL
187,25,235.83,9.02,8.61,0.41,2.03,0.97,62.37,69.55,2025-01-01 01:25:00,NORMAL
129,39,220.93,6.69,6.91,0.22,1.53,0.89,59.52,61.22,2025-01-01 01:30:00,NORMAL
137,18,230.26,12.45,11.25,1.2,2.59,0.92,49.8,66.8,2025-01-01 01:35:00,LEAKAGE_WARNING
101,15,227.72,12.53,12.33,0.2,2.81,0.8,49.84,31.87,2025-01-01 01:40:00,NORMAL
163,32,236.16,9.57,9.47,0.1,2.24,0.98,53.59,34.8,2025-01-01 01:45:00,NORMAL
159,6,229.86,8.68,7.72,0.96,1.77,0.85,25.29,71.52,2025-01-01 01:50:00,NORMAL
120,44,228.04,9.48,8.68,0.8,1.98,0.9,79.56,80.87,2025-01-01 01:55:00,NORMAL
132,43,221.97,9.58,9.5,0.08,2.11,0.99,12.46,51.57,2025-01-01 02:00:00,NORMAL
175,35,230.35,11.54,11.93,0.39,2.75,0.97,23.07,39.99,2025-01-01 02:05:00,NORMAL
157,34,227.4,7.72,8.4,0.68,1.91,0.89,60.92,48.5,2025-01-01 02:10:00,NORMAL
121,38,221.29,8.83,9.15,0.32,2.02,0.75,58.77,54.72,2025-01-01 02:15:00,NORMAL
188,5,231.59,9.63,9.27,0.36,2.15,0.99,70.56,67.81,2025-01-01 02:20:00,NORMAL
148,18,233.64,10.52,10.39,0.13,2.43,1.0,46.57,54.57,2025-01-01 02:25:00,NORMAL
190,16,226.62,11.73,12.0,0.27,2.72,0.73,31.15,83.82,2025-01-01 02:30:00,NORMAL
158,8,239.32,10.62,10.62,0.0,2.54,0.84,45.98,54.07,2025-01-01 02:35:00,NORMAL
141,25,232.64,13.5,12.44,1.06,2.89,0.86,57.78,40.88,2025-01-01 02:40:00,LEAKAGE_WARNING
191,32,217.16,8.02,7.26,0.76,1.58,0.73,34.58,44.9,2025-01-01 02:45:00,NORMAL
159,26,243.37,12.92,11.84,1.08,2.88,0.76,29.0,57.91,2025-01-01 02:50:00,LEAKAGE_WARNING
179,22,237.67,8.09,8.23,0.14,1.96,0.86,45.48,76.95,2025-01-01 02:55:00,NORMAL
114,31,240.02,9.21,8.61,0.6,2.07,0.99,34.17,82.16,2025-01-01 03:00:00,NORMAL
161,43,234.01,10.77,10.22,0.55,2.39,0.71,42.39,41.12,2025-01-01 03:05:00,NORMAL
161,10,206.62,12.36,11.43,0.93,2.36,0.97,35.73,30.21,2025-01-01 03:10:00,NORMAL
146,12,240.93,9.21,9.0,0.21,2.17,0.97,53.74,82.16,2025-01-01 03:15:00,NORMAL
161,28,230.61,10.79,10.98,0.19,2.53,0.96,38.25,43.69,2025-01-01 03:20:00,NORMAL
150,6,233.53,9.37,9.62,0.25,2.25,0.81,37.23,79.3,2025-01-01 03:25:00,NORMAL
154,20,235.4,5.41,5.22,0.19,1.23,0.85,55.58,63.04,2025-01-01 03:30:00,NORMAL
163,5,249.36,9.92,9.68,0.24,2.41,0.82,28.35,54.25,2025-01-01 03:35:00,NORMAL
102,23,224.54,7.52,7.18,0.34,1.61,0.98,31.41,38.81,2025-01-01 03:40:00,NORMAL
150,9,224.8,12.54,13.04,0.5,2.93,0.86,50.08,70.32,2025-01-01 03:45:00,NORMAL
106,29,221.49,12.56,11.71,0.85,2.59,0.72,31.88,79.09,2025-01-01 03:50:00,NORMAL
120,16,219.3,8.33,8.81,0.48,1.93,0.78,64.51,57.67,2025-01-01 03:55:00,NORMAL
172,46,219.48,8.02,7.17,0.85,1.57,0.84,29.2,56.78,2025-01-01 04:00:00,NORMAL
138,22,211.48,8.74,8.7,0.04,1.84,0.99,43.21,75.32,2025-01-01 04:05:00,NORMAL
117,8,234.27,11.06,9.94,1.12,2.33,0.87,31.98,60.01,2025-01-01 04:10:00,LEAKAGE_WARNING
103,20,249.88,11.07,11.74,0.67,2.93,0.91,66.94,77.14,2025-01-01 04:15:00,NORMAL
188,14,250.52,16.82,16.03,0.79,4.02,0.73,29.16,33.25,2025-01-01 04:20:00,NORMAL
159,39,221.48,9.38,9.7,0.32,2.15,0.96,73.77,81.46,2025-01-01 04:25:00,NORMAL
113,37,227.28,10.18,10.53,0.35,2.39,0.86,46.25,45.72,2025-01-01 04:30:00,NORMAL
108,34,242.33,13.86,12.83,1.03,3.11,0.98,42.23,40.15,2025-01-01 04:35:00,LEAKAGE_WARNING
189,11,234.32,10.57,9.99,0.58,2.34,0.83,13.71,31.94,2025-01-01 04:40:00,NORMAL
152,40,231.35,7.82,8.36,0.54,1.93,0.9,69.99,80.04,2025-01-01 04:45:00,NORMAL
101,33,227.43,10.68,10.38,0.3,2.36,0.84,52.62,33.61,2025-01-01 04:50:00,NORMAL
183,31,241.78,11.41,10.51,0.9,2.54,0.74,26.71,87.27,2025-01-01 04:55:00,NORMAL
191,44,219.27,9.32,8.84,0.48,1.94,0.78,37.18,63.89,2025-01-01 05:00:00,NORMAL
159,34,234.81,11.59,11.37,0.22,2.67,0.72,20.19,71.92,2025-01-01 05:05:00,NORMAL
170,7,233.45,11.41,10.63,0.78,2.48,0.83,33.33,73.52,2025-01-01 05:10:00,NORMAL
143,49,230.43,9.08,8.7,0.38,2.0,0.89,43.28,47.56,2025-01-01 05:15:00,NORMAL
107,23,237.88,13.1,13.73,0.63,3.27,0.77,69.55,78.39,2025-01-01 05:20:00,NORMAL
146,46,230.34,8.43,8.18,0.25,1.88,0.85,82.38,86.77,2025-01-01 05:25:00,OVERHEAT
134,7,224.65,10.87,10.43,0.44,2.34,0.84,53.0,52.19,2025-01-01 05:30:00,NORMAL
177,25,230.93,8.8,8.49,0.31,1.96,0.86,21.65,80.12,2025-01-01 05:35:00,NORMAL
180,3,214.08,6.61,6.61,0.0,1.42,0.76,79.94,76.32,2025-01-01 05:40:00,NORMAL
135,38,236.13,10.72,10.29,0.43,2.43,0.86,18.42,65.38,2025-01-01 05:45:00,NORMAL
149,20,238.68,13.86,13.57,0.29,3.24,0.81,57.88,52.06,2025-01-01 05:50:00,NORMAL
103,34,223.43,9.89,10.69,0.8,2.39,0.79,45.99,54.91,2025-01-01 05:55:00,NORMAL
101,49,221.05,7.01,7.47,0.46,1.65,0.88,63.49,48.46,2025-01-01 06:00:00,NORMAL
105,44,223.8,10.44,10.08,0.36,2.26,0.74,33.67,55.58,2025-01-01 06:05:00,NORMAL
153,44,229.37,8.36,7.79,0.57,1.79,0.97,60.52,89.38,2025-01-01 06:10:00,NORMAL
103,30,232.16,12.11,12.3,0.19,2.86,0.98,66.77,51.8,2025-01-01 06:15:00,NORMAL
153,17,246.15,9.54,8.97,0.57,2.21,0.9,51.15,69.93,2025-01-01 06:20:00,NORMAL
192,10,244.89,6.45,6.0,0.45,1.47,0.79,45.2,49.18,2025-01-01 06:25:00,NORMAL
162,35,238.32,11.02,10.91,0.11,2.6,0.89,60.31,58.0,2025-01-01 06:30:00,NORMAL
117,20,231.21,10.42,10.01,0.41,2.31,0.88,65.13,35.03,2025-01-01 06:35:00,NORMAL
189,18,220.73,9.4,9.0,0.4,1.99,0.82,38.01,75.79,2025-01-01 06:40:00,NORMAL
143,45,246.8,7.92,7.28,0.64,1.8,0.79,35.48,69.66,2025-01-01 06:45:00,NORMAL
133,44,227.52,13.58,12.92,0.66,2.94,0.75,35.33,50.85,2025-01-01 06:50:00,NORMAL
173,27,232.81,9.1,9.42,0.32,2.19,0.77,11.29,61.49,2025-01-01 06:55:00,NORMAL
161,49,236.27,11.79,11.96,0.17,2.83,0.9,59.0,82.33,2025-01-01 07:00:00,NORMAL
199,36,230.62,9.07,8.13,0.94,1.87,0.97,44.9,32.67,2025-01-01 07:05:00,NORMAL
113,23,241.51,11.36,10.72,0.64,2.59,0.82,40.74,85.81,2025-01-01 07:10:00,NORMAL
194,32,234.55,10.11,9.59,0.52,2.25,0.74,38.35,58.25,2025-01-01 07:15:00,NORMAL
147,10,239.89,10.06,9.46,0.6,2.27,0.7,51.56,81.58,2025-01-01 07:20:00,NORMAL
114,11,234.47,8.35,7.58,0.77,1.78,0.82,35.06,81.69,2025-01-01 07:25:00,NORMAL
171,38,229.62,11.06,10.79,0.27,2.48,0.77,58.46,33.52,2025-01-01 07:30:00,NORMAL
177,6,230.74,12.81,12.8,0.01,2.95,0.8,39.34,76.9,2025-01-01 07:35:00,NORMAL
186,41,229.38,7.93,7.45,0.48,1.71,0.77,27.79,73.97,2025-01-01 07:40:00,NORMAL
161,47,217.16,8.34,8.15,0.19,1.77,0.9,54.07,32.59,2025-01-01 07:45:00,NORMAL
139,34,219.99,15.89,14.92,0.97,3.28,0.89,31.96,86.43,2025-01-01 07:50:00,NORMAL
184,36,237.41,8.0,7.03,0.97,1.67,0.97,43.94,68.07,2025-01-01 07:55:00,NORMAL
179,37,217.41,8.89,8.24,0.65,1.79,0.91,59.03,40.05,2025-01-01 08:00:00,NORMAL
181,17,225.96,12.77,13.21,0.44,2.98,0.75,45.73,37.39,2025-01-01 08:05:00,NORMAL
152,40,219.5,12.83,13.18,0.35,2.89,0.93,46.62,63.72,2025-01-01 08:10:00,NORMAL
123,40,225.42,5.14,5.6,0.46,1.26,0.75,38.42,33.53,2025-01-01 08:15:00,NORMAL
125,12,228.45,11.53,11.24,0.29,2.57,0.87,47.52,39.86,2025-01-01 08:20:00,NORMAL
188,21,225.94,9.61,8.95,0.66,2.02,0.72,35.64,86.91,2025-01-01 08:25:00,NORMAL
159,40,215.72,9.7,9.65,0.05,2.08,0.71,52.91,74.68,2025-01-01 08:30:00,NORMAL
140,19,228.14,12.33,12.45,0.12,2.84,0.84,39.96,66.81,2025-01-01 08:35:00,NORMAL
128,3,220.41,9.3,9.05,0.25,1.99,0.73,42.17,42.53,2025-01-01 08:40:00,NORMAL
114,18,223.63,8.98,9.17,0.19,2.05,0.79,29.9,43.11,2025-01-01 08:45:00,NORMAL
144,19,237.41,9.36,9.03,0.33,2.14,0.8,52.76,56.75,2025-01-01 08:50:00,NORMAL
164,47,239.55,9.3,9.22,0.08,2.21,0.93,36.85,75.24,2025-01-01 08:55:00,NORMAL
188,6,216.89,10.69,10.82,0.13,2.35,0.8,28.6,30.24,2025-01-01 09:00:00,NORMAL
170,16,245.69,12.65,12.39,0.26,3.04,0.85,37.22,32.66,2025-01-01 09:05:00,NORMAL
108,8,224.9,10.86,10.22,0.64,2.3,0.93,57.22,82.21,2025-01-01 09:10:00,NORMAL
187,48,223.99,9.97,10.53,0.56,2.36,0.76,53.7,78.84,2025-01-01 09:15:00,NORMAL
100,18,221.08,11.09,10.81,0.28,2.39,0.94,11.44,71.68,2025-01-01 09:20:00,NORMAL
107,48,230.56,11.56,12.41,0.85,2.86,0.95,34.58,59.97,2025-01-01 09:25:00,NORMAL
187,43,249.82,11.16,11.09,0.07,2.77,1.0,66.58,38.71,2025-01-01 09:30:00,NORMAL
162,39,214.6,8.67,8.12,0.55,1.74,0.83,63.83,36.13,2025-01-01 09:35:00,NORMAL
110,49,209.43,10.85,10.14,0.71,2.12,0.81,26.2,84.32,2025-01-01 09:40:00,NORMAL
180,49,232.69,5.76,5.82,0.06,1.35,0.91,58.48,52.95,2025-01-01 09:45:00,NORMAL
107,12,235.69,13.07,13.14,0.07,3.1,0.72,23.43,71.74,2025-01-01 09:50:00,NORMAL
134,45,230.53,13.06,12.97,0.09,2.99,0.71,32.45,57.37,2025-01-01 09:55:00,NORMAL
134,10,235.96,11.78,12.13,0.35,2.86,0.8,28.94,73.86,2025-01-01 10:00:00,NORMAL
132,7,218.69,12.49,12.21,0.28,2.67,0.92,56.07,41.6,2025-01-01 10:05:00,NORMAL
104,46,220.55,9.85,10.15,0.3,2.24,0.73,45.5,59.07,2025-01-01 10:10:00,NORMAL
140,1,231.24,8.5,8.02,0.48,1.85,0.89,52.6,52.61,2025-01-01 10:15:00,NORMAL
127,49,247.58,7.49,7.65,0.16,1.89,0.78,15.6,44.7,2025-01-01 10:20:00,NORMAL
106,36,235.61,12.02,11.98,0.04,2.82,0.9,58.25,65.86,2025-01-01 10:25:00,NORMAL
172,21,236.07,8.5,8.05,0.45,1.9,0.84,69.54,62.22,2025-01-01 10:30:00,NORMAL
171,37,219.26,9.25,8.73,0.52,1.91,0.73,48.61,59.74,2025-01-01 10:35:00,NORMAL
111,24,234.22,10.45,9.96,0.49,2.33,0.77,74.8,65.47,2025-01-01 10:40:00,NORMAL
133,25,218.18,9.93,9.6,0.33,2.09,0.77,58.06,38.55,2025-01-01 10:45:00,NORMAL
132,7,247.68,10.53,10.87,0.34,2.69,0.75,72.1,52.23,2025-01-01 10:50:00,NORMAL
147,42,219.88,6.38,6.2,0.18,1.36,0.84,41.55,49.48,2025-01-01 10:55:00,NORMAL
122,17,222.04,9.53,9.42,0.11,2.09,0.99,49.81,76.15,2025-01-01 11:00:00,NORMAL
161,29,215.27,11.65,11.66,0.01,2.51,0.9,34.82,32.14,2025-01-01 11:05:00,NORMAL
187,30,230.86,9.14,8.9,0.24,2.05,0.95,23.23,46.92,2025-01-01 11:10:00,NORMAL
136,7,230.44,8.28,8.51,0.23,1.96,0.99,32.81,85.1,2025-01-01 11:15:00,NORMAL
198,33,245.13,11.91,11.73,0.18,2.88,0.86,49.27,48.02,2025-01-01 11:20:00,NORMAL
143,7,237.76,9.15,9.1,0.05,2.16,0.77,26.1,39.11,2025-01-01 11:25:00,NORMAL
185,24,222.09,10.37,10.4,0.03,2.31,0.98,46.7,75.44,2025-01-01 11:30:00,NORMAL
190,11,238.73,9.58,9.94,0.36,2.37,0.91,12.37,32.87,2025-01-01 11:35:00,NORMAL
134,9,217.56,10.0,10.37,0.37,2.26,0.99,40.04,55.58,2025-01-01 11:40:00,NORMAL
164,12,222.82,13.06,12.19,0.87,2.72,0.9,48.91,81.32,2025-01-01 11:45:00,NORMAL
198,35,231.18,11.14,10.88,0.26,2.52,0.93,34.43,87.25,2025-01-01 11:50:00,NORMAL
146,4,218.68,7.56,6.45,1.11,1.41,0.97,40.3,44.94,2025-01-01 11:55:00,LEAKAGE_WARNING
177,36,240.65,9.26,8.13,1.13,1.96,0.93,44.7,47.77,2025-01-01 12:00:00,LEAKAGE_WARNING
102,28,252.79,9.17,8.36,0.81,2.11,0.87,39.16,64.04,2025-01-01 12:05:00,NORMAL
100,13,227.05,10.43,10.87,0.44,2.47,0.84,49.28,43.59,2025-01-01 12:10:00,NORMAL
104,23,223.48,11.82,10.91,0.91,2.44,0.95,19.65,39.04,2025-01-01 12:15:00,NORMAL
189,19,228.7,10.06,9.92,0.14,2.27,0.93,27.2,55.56,2025-01-01 12:20:00,NORMAL
113,42,224.43,10.0,9.94,0.06,2.23,0.81,29.61,34.33,2025-01-01 12:25:00,NORMAL
126,37,232.62,5.54,5.55,0.01,1.29,0.85,41.82,83.65,2025-01-01 12:30:00,NORMAL
108,39,216.78,12.65,12.63,0.02,2.74,0.89,72.11,50.05,2025-01-01 12:35:00,NORMAL
178,24,233.19,9.66,9.26,0.4,2.16,0.71,53.69,50.18,2025-01-01 12:40:00,NORMAL
114,16,249.12,10.52,9.17,1.35,2.28,0.77,19.26,77.48,2025-01-01 12:45:00,LEAKAGE_WARNING
189,33,209.98,10.51,11.13,0.62,2.34,0.78,48.13,50.49,2025-01-01 12:50:00,NORMAL
141,12,218.31,8.46,7.29,1.17,1.59,0.96,36.73,75.65,2025-01-01 12:55:00,LEAKAGE_WARNING
176,34,225.55,9.51,8.56,0.95,1.93,0.8,38.18,40.87,2025-01-01 13:00:00,NORMAL
150,7,235.42,8.45,8.34,0.11,1.96,0.86,34.08,61.74,2025-01-01 13:05:00,NORMAL
162,11,238.9,12.77,12.82,0.05,3.06,0.95,40.8,76.11,2025-01-01 13:10:00,NORMAL
195,31,238.1,5.55,6.02,0.47,1.43,0.78,18.19,56.99,2025-01-01 13:15:00,NORMAL
151,29,213.08,8.09,8.34,0.25,1.78,0.74,43.17,34.31,2025-01-01 13:20:00,NORMAL
195,13,223.26,9.36,9.46,0.1,2.11,0.98,49.73,74.21,2025-01-01 13:25:00,NORMAL
103,31,221.0,12.99,12.84,0.15,2.84,0.91,32.97,59.64,2025-01-01 13:30:00,NORMAL
193,2,229.35,11.42,11.23,0.19,2.58,0.75,37.06,48.98,2025-01-01 13:35:00,NORMAL
122,39,230.18,6.72,6.14,0.58,1.41,0.95,27.08,89.57,2025-01-01 13:40:00,NORMAL
114,15,216.31,9.77,9.24,0.53,2.0,0.94,38.91,82.56,2025-01-01 13:45:00,NORMAL
142,11,225.6,11.44,11.12,0.32,2.51,0.95,46.34,32.27,2025-01-01 13:50:00,NORMAL
128,34,235.81,14.45,14.27,0.18,3.37,0.78,42.16,65.62,2025-01-01 13:55:00,NORMAL
135,39,223.72,9.32,8.55,0.77,1.91,0.83,54.81,51.27,2025-01-01 14:00:00,NORMAL
112,4,228.0,7.63,7.01,0.62,1.6,0.91,59.31,32.24,2025-01-01 14:05:00,NORMAL
131,11,246.97,10.64,10.22,0.42,2.52,0.82,36.14,30.68,2025-01-01 14:10:00,NORMAL
170,29,249.9,9.91,9.91,0.0,2.48,0.72,41.51,65.03,2025-01-01 14:15:00,NORMAL
158,2,208.39,10.93,10.18,0.75,2.12,0.74,28.44,49.21,2025-01-01 14:20:00,NORMAL
185,16,231.14,11.38,10.76,0.62,2.49,0.88,37.76,72.2,2025-01-01 14:25:00,NORMAL
127,39,259.17,10.64,10.56,0.08,2.74,0.81,45.77,57.27,2025-01-01 14:30:00,NORMAL
165,13,234.79,11.06,11.82,0.76,2.78,0.7,56.31,75.99,2025-01-01 14:35:00,NORMAL
141,37,230.18,13.27,13.02,0.25,3.0,0.93,43.52,78.78,2025-01-01 14:40:00,NORMAL
144,17,243.13,9.42,9.57,0.15,2.33,0.83,49.62,69.43,2025-01-01 14:45:00,NORMAL
161,21,232.18,7.55,6.99,0.56,1.62,0.79,24.94,55.08,2025-01-01 14:50:00,NORMAL
156,44,237.09,10.63,10.32,0.31,2.45,0.91,48.66,89.31,2025-01-01 14:55:00,NORMAL
105,19,227.9,7.44,8.08,0.64,1.84,0.84,31.96,48.4,2025-01-01 15:00:00,NORMAL
127,7,232.04,7.76,7.41,0.35,1.72,0.91,68.54,60.87,2025-01-01 15:05:00,NORMAL
127,38,234.27,8.36,7.3,1.06,1.71,0.7,72.22,61.22,2025-01-01 15:10:00,LEAKAGE_WARNING
143,8,238.66,7.5,7.38,0.12,1.76,0.7,68.14,55.7,2025-01-01 15:15:00,NORMAL
183,13,225.68,12.34,12.14,0.2,2.74,0.87,31.19,37.28,2025-01-01 15:20:00,NORMAL
129,37,225.41,10.1,10.07,0.03,2.27,0.99,54.85,51.24,2025-01-01 15:25:00,NORMAL
161,2,210.73,11.41,11.17,0.24,2.35,0.78,7.62,42.91,2025-01-01 15:30:00,NORMAL
174,41,226.13,11.02,10.05,0.97,2.27,0.9,61.05,83.99,2025-01-01 15:35:00,NORMAL
191,11,239.53,9.58,8.85,0.73,2.12,0.75,44.46,69.32,2025-01-01 15:40:00,NORMAL
188,24,234.63,11.92,12.01,0.09,2.82,0.79,17.66,47.27,2025-01-01 15:45:00,NORMAL
161,6,220.03,9.03,8.87,0.16,1.95,0.72,54.02,63.94,2025-01-01 15:50:00,NORMAL
196,26,210.96,9.66,9.46,0.2,2.0,0.96,39.81,81.19,2025-01-01 15:55:00,NORMAL
100,7,228.58,8.58,8.17,0.41,1.87,0.79,39.75,86.07,2025-01-01 16:00:00,NORMAL
126,39,239.24,12.8,12.38,0.42,2.96,0.77,52.9,34.5,2025-01-01 16:05:00,NORMAL
161,19,225.21,9.79,9.64,0.15,2.17,0.92,59.97,77.21,2025-01-01 16:10:00,NORMAL
176,6,215.55,11.2,11.62,0.42,2.5,0.76,49.0,87.98,2025-01-01 16:15:00,NORMAL
102,43,224.1,8.84,8.7,0.14,1.95,0.77,10.52,58.03,2025-01-01 16:20:00,NORMAL
169,29,233.26,11.69,11.67,0.02,2.72,0.73,48.97,89.73,2025-01-01 16:25:00,NORMAL
171,43,242.42,11.55,11.8,0.25,2.86,0.99,29.42,87.42,2025-01-01 16:30:00,NORMAL
126,39,227.43,6.75,6.16,0.59,1.4,0.77,52.17,69.41,2025-01-01 16:35:00,NORMAL
108,2,240.55,10.01,9.8,0.21,2.36,1.0,49.82,80.86,2025-01-01 16:40:00,NORMAL
161,19,239.44,10.23,10.55,0.32,2.53,0.75,40.1,47.79,2025-01-01 16:45:00,NORMAL
136,4,218.23,9.4,8.21,1.19,1.79,0.71,42.76,85.05,2025-01-01 16:50:00,LEAKAGE_WARNING
196,6,242.51,12.77,12.36,0.41,3.0,0.97,17.16,65.51,2025-01-01 16:55:00,NORMAL
150,49,232.95,7.57,6.97,0.6,1.62,0.87,68.2,60.58,2025-01-01 17:00:00,NORMAL
143,37,217.93,9.1,8.38,0.72,1.83,0.81,48.78,80.14,2025-01-01 17:05:00,NORMAL
123,28,247.61,8.3,8.32,0.02,2.06,0.85,47.68,83.37,2025-01-01 17:10:00,NORMAL
178,30,228.74,12.06,11.59,0.47,2.65,0.78,48.38,72.07,2025-01-01 17:15:00,NORMAL
158,7,210.57,7.94,8.7,0.76,1.83,0.89,16.74,31.5,2025-01-01 17:20:00,NORMAL
131,9,222.94,6.33,5.65,0.68,1.26,0.88,58.45,65.83,2025-01-01 17:25:00,NORMAL
195,25,220.48,10.86,10.69,0.17,2.36,0.72,37.64,79.3,2025-01-01 17:30:00,NORMAL
187,33,223.18,9.72,9.26,0.46,2.07,0.97,45.42,62.72,2025-01-01 17:35:00,NORMAL
151,1,225.55,12.08,11.92,0.16,2.69,0.84,34.65,86.09,2025-01-01 17:40:00,NORMAL
161,6,227.43,11.62,10.51,1.11,2.39,0.76,25.27,83.84,2025-01-01 17:45:00,LEAKAGE_WARNING
157,18,227.05,9.92,9.11,0.81,2.07,0.79,35.48,61.78,2025-01-01 17:50:00,NORMAL
151,10,229.03,7.11,8.22,1.11,1.88,0.96,40.76,54.23,2025-01-01 17:55:00,LEAKAGE_WARNING
111,28,235.87,7.6,7.12,0.48,1.68,0.81,43.42,33.3,2025-01-01 18:00:00,NORMAL
138,11,222.54,6.45,6.39,0.06,1.42,0.87,36.05,67.96,2025-01-01 18:05:00,NORMAL
101,33,241.81,9.72,9.22,0.5,2.23,0.98,42.01,45.96,2025-01-01 18:10:00,NORMAL
102,1,217.75,8.68,8.19,0.49,1.78,0.9,39.05,70.11,2025-01-01 18:15:00,NORMAL
155,13,236.15,9.64,9.81,0.17,2.32,0.9,23.02,77.93,2025-01-01 18:20:00,NORMAL
180,37,246.43,10.35,10.21,0.14,2.52,0.77,43.09,54.52,2025-01-01 18:25:00,NORMAL
158,20,228.23,13.8,14.11,0.31,3.22,0.9,43.09,30.94,2025-01-01 18:30:00,NORMAL
101,1,231.93,11.16,10.22,0.94,2.37,0.82,33.14,81.92,2025-01-01 18:35:00,NORMAL
101,3,220.32,10.14,9.78,0.36,2.15,0.97,57.53,62.94,2025-01-01 18:40:00,NORMAL
191,18,224.88,6.87,6.45,0.42,1.45,0.74,43.45,48.89,2025-01-01 18:45:00,NORMAL
153,41,245.68,10.05,9.7,0.35,2.38,0.79,49.43,68.03,2025-01-01 18:50:00,NORMAL
186,14,237.48,11.76,12.09,0.33,2.87,0.72,30.68,70.46,2025-01-01 18:55:00,NORMAL
195,31,234.19,10.78,10.26,0.52,2.4,0.81,33.5,38.85,2025-01-01 19:00:00,NORMAL
196,27,210.62,7.9,6.81,1.09,1.43,0.74,39.49,68.78,2025-01-01 19:05:00,LEAKAGE_WARNING
100,17,222.84,9.25,9.83,0.58,2.19,0.95,25.47,47.2,2025-01-01 19:10:00,NORMAL
118,46,247.39,10.15,9.91,0.24,2.45,0.98,16.04,78.22,2025-01-01 19:15:00,NORMAL
101,29,234.11,9.18,8.6,0.58,2.01,0.9,64.15,86.49,2025-01-01 19:20:00,NORMAL
152,36,235.36,8.77,8.94,0.17,2.1,0.73,35.17,36.16,2025-01-01 19:25:00,NORMAL
143,37,231.71,5.71,5.14,0.57,1.19,0.8,41.68,85.04,2025-01-01 19:30:00,NORMAL
189,26,223.87,8.46,8.24,0.22,1.84,0.99,48.2,84.21,2025-01-01 19:35:00,NORMAL
131,17,233.33,10.5,10.66,0.16,2.49,0.74,40.72,50.57,2025-01-01 19:40:00,NORMAL
169,22,214.7,11.75,12.8,1.05,2.75,0.87,26.96,31.73,2025-01-01 19:45:00,LEAKAGE_WARNING
131,25,213.95,10.15,10.0,0.15,2.14,0.81,59.56,69.79,2025-01-01 19:50:00,NORMAL
167,2,222.65,12.12,11.96,0.16,2.66,1.0,36.81,50.68,2025-01-01 19:55:00,NORMAL
154,22,231.92,9.84,8.98,0.86,2.08,0.79,53.54,41.5,2025-01-01 20:00:00,NORMAL
174,5,214.3,8.24,7.87,0.37,1.69,0.71,65.91,36.51,2025-01-01 20:05:00,NORMAL
155,4,231.27,9.05,9.11,0.06,2.11,0.91,25.3,41.76,2025-01-01 20:10:00,NORMAL
116,36,220.05,11.0,11.59,0.59,2.55,0.8,57.08,44.25,2025-01-01 20:15:00,NORMAL
137,6,221.4,9.46,8.82,0.64,1.95,0.9,46.47,77.75,2025-01-01 20:20:00,NORMAL
123,21,243.0,8.72,8.46,0.26,2.06,0.73,31.32,77.03,2025-01-01 20:25:00,NORMAL
168,13,230.37,6.88,6.88,0.0,1.58,0.86,51.36,59.66,2025-01-01 20:30:00,NORMAL
197,37,220.96,8.21,8.28,0.07,1.83,0.81,46.56,63.2,2025-01-01 20:35:00,NORMAL
169,25,231.87,9.21,8.39,0.82,1.95,0.86,35.82,85.07,2025-01-01 20:40:00,NORMAL
185,26,215.3,8.84,7.94,0.9,1.71,0.96,73.55,84.48,2025-01-01 20:45:00,NORMAL
110,39,233.82,8.05,8.16,0.11,1.91,0.99,50.74,79.72,2025-01-01 20:50:00,NORMAL
115,20,241.07,13.11,14.06,0.95,3.39,0.93,28.6,52.46,2025-01-01 20:55:00,NORMAL
196,33,236.62,11.2,11.11,0.09,2.63,0.93,49.94,51.99,2025-01-01 21:00:00,NORMAL
172,14,251.58,14.38,14.07,0.31,3.54,0.86,42.26,83.27,2025-01-01 21:05:00,NORMAL
158,36,210.62,6.79,6.55,0.24,1.38,0.73,28.0,85.59,2025-01-01 21:10:00,NORMAL
169,17,231.27,10.63,11.22,0.59,2.59,0.9,41.5,77.91,2025-01-01 21:15:00,NORMAL
179,21,216.56,9.13,8.16,0.97,1.77,0.74,50.81,75.43,2025-01-01 21:20:00,NORMAL
192,46,228.27,10.04,10.77,0.73,2.46,0.77,31.08,63.49,2025-01-01 21:25:00,NORMAL
102,16,230.02,13.7,13.87,0.17,3.19,0.91,24.03,50.3,2025-01-01 21:30:00,NORMAL
119,46,252.8,6.52,6.83,0.31,1.73,0.9,24.37,44.44,2025-01-01 21:35:00,NORMAL
158,16,229.4,8.85,9.19,0.34,2.11,0.79,25.13,38.42,2025-01-01 21:40:00,NORMAL
135,20,229.22,8.5,9.39,0.89,2.15,0.93,53.01,73.69,2025-01-01 21:45:00,NORMAL
118,29,240.05,8.86,8.63,0.23,2.07,0.98,51.13,76.62,2025-01-01 21:50:00,NORMAL
189,28,229.47,5.78,4.87,0.91,1.12,0.86,31.18,51.52,2025-01-01 21:55:00,NORMAL
166,8,248.31,12.57,12.45,0.12,3.09,0.9,41.76,30.36,2025-01-01 22:00:00,NORMAL
118,24,236.7,12.65,12.95,0.3,3.07,0.78,25.31,86.32,2025-01-01 22:05:00,NORMAL
119,3,238.29,11.16,10.26,0.9,2.44,0.99,35.28,56.23,2025-01-01 22:10:00,NORMAL
195,25,211.32,7.32,6.7,0.62,1.42,0.78,35.05,88.48,2025-01-01 22:15:00,NORMAL
170,19,249.85,10.56,10.78,0.22,2.69,0.97,49.49,70.64,2025-01-01 22:20:00,NORMAL
151,33,223.44,11.73,11.37,0.36,2.54,0.98,62.67,37.44,2025-01-01 22:25:00,NORMAL
132,2,229.9,10.78,10.04,0.74,2.31,0.92,28.59,49.62,2025-01-01 22:30:00,NORMAL
139,15,223.47,9.9,10.15,0.25,2.27,0.94,32.57,69.42,2025-01-01 22:35:00,NORMAL
138,22,219.76,12.82,12.56,0.26,2.76,0.84,49.1,68.96,2025-01-01 22:40:00,NORMAL
181,10,217.98,8.58,8.57,0.01,1.87,0.98,23.4,43.92,2025-01-01 22:45:00,NORMAL
100,18,231.03,9.66,10.06,0.4,2.32,0.92,31.28,40.61,2025-01-01 22:50:00,NORMAL
110,22,210.3,11.25,10.97,0.28,2.31,0.8,57.85,46.61,2025-01-01 22:55:00,NORMAL
191,46,227.57,10.64,10.22,0.42,2.33,0.71,63.35,77.21,2025-01-01 23:00:00,NORMAL
156,49,240.58,11.12,10.9,0.22,2.62,0.86,31.03,44.51,2025-01-01 23:05:00,NORMAL
188,27,236.32,11.07,11.28,0.21,2.67,0.95,32.6,72.11,2025-01-01 23:10:00,NORMAL
149,13,234.32,11.05,9.8,1.25,2.3,0.96,55.05,82.2,2025-01-01 23:15:00,LEAKAGE_WARNING
122,33,221.05,9.27,9.31,0.04,2.06,0.95,59.38,53.5,2025-01-01 23:20:00,NORMAL
130,5,214.14,8.6,8.12,0.48,1.74,0.76,40.42,30.42,2025-01-01 23:25:00,NORMAL
193,26,240.42,10.27,9.67,0.6,2.32,0.83,34.4,38.52,2025-01-01 23:30:00,NORMAL
141,13,225.51,13.02,14.07,1.05,3.17,0.88,52.55,48.71,2025-01-01 23:35:00,LEAKAGE_WARNING
198,27,229.17,9.95,9.34,0.61,2.14,0.9,49.76,41.4,2025-01-01 23:40:00,NORMAL
106,14,228.02,11.2,11.0,0.2,2.51,0.8,43.85,47.37,2025-01-01 23:45:00,NORMAL
115,24,236.72,10.22,10.15,0.07,2.4,0.91,71.94,62.64,2025-01-01 23:50:00,NORMAL
189,3,248.43,14.07,13.93,0.14,3.46,0.88,48.12,31.26,2025-01-01 23:55:00,NORMAL
159,47,244.62,9.72,9.23,0.49,2.26,0.87,27.33,33.86,2025-01-02 00:00:00,NORMAL
101,49,206.68,11.21,12.15,0.94,2.51,0.9,50.71,81.34,2025-01-02 00:05:00,NORMAL
100,30,226.91,8.56,8.34,0.22,1.89,0.88,34.14,61.34,2025-01-02 00:10:00,NORMAL
147,35,216.53,7.76,7.34,0.42,1.59,0.75,41.88,86.13,2025-01-02 00:15:00,NORMAL
111,48,239.38,9.99,8.71,1.28,2.08,0.96,55.92,30.2,2025-01-02 00:20:00,LEAKAGE_WARNING
168,14,230.04,12.36,12.84,0.48,2.95,0.77,57.35,30.01,2025-01-02 00:25:00,NORMAL
136,12,236.06,11.27,10.85,0.42,2.56,0.92,0.19,74.38,2025-01-02 00:30:00,NORMAL
131,28,226.06,5.83,5.87,0.04,1.33,0.75,35.88,58.58,2025-01-02 00:35:00,NORMAL
108,44,219.61,11.47,11.03,0.44,2.42,0.9,36.82,84.83,2025-01-02 00:40:00,NORMAL
198,29,221.32,6.94,6.31,0.63,1.4,0.97,44.35,77.2,2025-01-02 00:45:00,NORMAL
118,43,214.67,11.68,11.85,0.17,2.54,0.7,31.21,60.24,2025-01-02 00:50:00,NORMAL
147,17,217.36,11.09,9.91,1.18,2.15,0.99,40.11,58.71,2025-01-02 00:55:00,LEAKAGE_WARNING
179,40,215.26,9.7,8.84,0.86,1.9,0.71,43.23,78.67,2025-01-02 01:00:00,NORMAL
102,49,219.64,11.45,10.86,0.59,2.39,0.7,19.27,78.22,2025-01-02 01:05:00,NORMAL
119,21,219.08,9.47,9.45,0.02,2.07,0.96,41.87,46.62,2025-01-02 01:10:00,NORMAL
123,23,233.94,10.3,10.38,0.08,2.43,0.91,59.04,70.48,2025-01-02 01:15:00,NORMAL
153,20,233.55,7.12,6.7,0.42,1.56,0.73,25.91,68.59,2025-01-02 01:20:00,NORMAL
132,11,233.93,9.49,9.49,0.0,2.22,0.98,46.65,81.37,2025-01-02 01:25:00,NORMAL
123,34,241.75,11.85,11.91,0.06,2.88,0.9,45.78,82.11,2025-01-02 01:30:00,NORMAL
174,10,229.22,7.34,6.18,1.16,1.42,0.73,17.45,46.1,2025-01-02 01:35:00,LEAKAGE_WARNING
171,10,222.19,11.64,11.17,0.47,2.48,0.96,39.35,82.78,2025-01-02 01:40:00,NORMAL
135,43,252.11,5.96,5.35,0.61,1.35,0.84,43.35,85.47,2025-01-02 01:45:00,NORMAL
137,6,239.06,7.62,6.48,1.14,1.55,0.78,63.42,36.58,2025-01-02 01:50:00,LEAKAGE_WARNING
183,36,231.52,9.37,9.13,0.24,2.11,0.95,39.2,64.42,2025-01-02 01:55:00,NORMAL
198,24,230.83,10.31,10.43,0.12,2.41,0.92,50.34,56.19,2025-01-02 02:00:00,NORMAL
188,12,232.9,8.85,9.19,0.34,2.14,0.89,34.11,54.12,2025-01-02 02:05:00,NORMAL
198,43,227.98,8.8,7.92,0.88,1.81,0.97,49.22,72.29,2025-01-02 02:10:00,NORMAL
124,23,231.28,12.21,12.2,0.01,2.82,0.96,57.86,37.77,2025-01-02 02:15:00,NORMAL
192,27,234.99,12.38,13.66,1.28,3.21,0.77,19.88,79.2,2025-01-02 02:20:00,LEAKAGE_WARNING
117,45,222.73,9.15,10.28,1.13,2.29,0.96,46.85,31.6,2025-01-02 02:25:00,LEAKAGE_WARNING
181,37,213.66,9.21,9.75,0.54,2.08,0.81,52.77,64.7,2025-01-02 02:30:00,NORMAL
165,6,209.24,9.43,9.42,0.01,1.97,0.83,42.77,43.52,2025-01-02 02:35:00,NORMAL
153,1,238.88,14.44,14.35,0.09,3.43,0.99,48.39,70.05,2025-01-02 02:40:00,NORMAL
134,6,214.17,10.03,9.57,0.46,2.05,0.93,56.12,61.53,2025-01-02 02:45:00,NORMAL
179,22,234.65,13.14,13.51,0.37,3.17,0.8,24.31,89.99,2025-01-02 02:50:00,NORMAL
160,41,218.46,11.46,11.15,0.31,2.44,0.89,50.64,81.74,2025-01-02 02:55:00,NORMAL
140,24,218.62,9.79,9.15,0.64,2.0,0.86,62.65,50.2,2025-01-02 03:00:00,NORMAL
199,25,222.82,8.71,8.58,0.13,1.91,0.73,38.42,61.71,2025-01-02 03:05:00,NORMAL
132,15,231.94,11.56,11.59,0.03,2.69,0.97,35.37,49.07,2025-01-02 03:10:00,NORMAL
167,26,217.11,8.43,8.66,0.23,1.88,0.95,35.33,73.73,2025-01-02 03:15:00,NORMAL
132,8,223.83,9.23,8.46,0.77,1.89,0.93,49.33,55.34,2025-01-02 03:20:00,NORMAL
113,24,229.74,11.32,11.8,0.48,2.71,0.87,66.22,36.93,2025-01-02 03:25:00,NORMAL
120,48,217.9,9.52,8.53,0.99,1.86,0.77,76.06,69.65,2025-01-02 03:30:00,NORMAL
147,38,244.28,9.21,9.02,0.19,2.2,0.97,68.54,30.66,2025-01-02 03:35:00,NORMAL
119,6,212.77,9.38,9.7,0.32,2.06,0.81,39.81,47.84,2025-01-02 03:40:00,NORMAL
107,35,227.82,8.63,8.01,0.62,1.82,0.71,32.1,84.43,2025-01-02 03:45:00,NORMAL
106,42,242.73,10.9,10.45,0.45,2.54,0.99,21.89,35.65,2025-01-02 03:50:00,NORMAL
166,1,216.76,10.07,9.66,0.41,2.09,0.96,51.69,60.27,2025-01-02 03:55:00,NORMAL
116,46,228.9,7.29,6.74,0.55,1.54,0.89,89.07,77.71,2025-01-02 04:00:00,OVERHEAT
132,36,231.33,9.03,8.75,0.28,2.02,0.7,48.09,84.27,2025-01-02 04:05:00,NORMAL
147,12,221.93,9.27,8.84,0.43,1.96,0.77,50.14,63.59,2025-01-02 04:10:00,NORMAL
175,38,229.23,9.25,8.37,0.88,1.92,0.84,44.35,39.19,2025-01-02 04:15:00,NORMAL
158,11,235.61,11.2,10.9,0.3,2.57,0.89,53.34,86.45,2025-01-02 04:20:00,NORMAL
185,12,225.33,8.6,7.99,0.61,1.8,0.91,35.67,74.96,2025-01-02 04:25:00,NORMAL
121,42,237.64,15.41,16.31,0.9,3.88,0.94,49.87,53.74,2025-01-02 04:30:00,NORMAL
129,39,233.93,12.77,12.41,0.36,2.9,0.87,40.51,46.62,2025-01-02 04:35:00,NORMAL
137,7,224.17,12.76,11.3,1.46,2.53,0.9,52.16,32.86,2025-01-02 04:40:00,LEAKAGE_WARNING
150,11,241.27,7.93,8.62,0.69,2.08,0.94,44.82,41.49,2025-01-02 04:45:00,NORMAL
153,36,222.59,5.94,4.74,1.2,1.06,0.92,52.79,76.66,2025-01-02 04:50:00,LEAKAGE_WARNING
107,31,238.56,9.32,8.76,0.56,2.09,0.99,31.32,36.52,2025-01-02 04:55:00,NORMAL
126,33,222.77,10.59,11.24,0.65,2.5,0.96,61.35,37.76,2025-01-02 05:00:00,NORMAL
126,13,226.84,9.68,9.46,0.22,2.15,0.75,59.59,41.76,2025-01-02 05:05:00,NORMAL
197,18,228.37,8.94,8.54,0.4,1.95,0.98,40.52,53.72,2025-01-02 05:10:00,NORMAL
120,41,233.39,6.52,5.86,0.66,1.37,0.76,36.54,41.34,2025-01-02 05:15:00,NORMAL
129,24,205.87,8.66,8.68,0.02,1.79,1.0,26.05,84.26,2025-01-02 05:20:00,NORMAL
196,9,234.58,9.51,8.96,0.55,2.1,0.91,27.53,45.46,2025-01-02 05:25:00,NORMAL
127,31,228.98,9.01,8.12,0.89,1.86,0.89,39.12,85.17,2025-01-02 05:30:00,NORMAL
163,41,232.86,9.0,8.36,0.64,1.95,0.8,47.31,89.1,2025-01-02 05:35:00,NORMAL
196,10,235.02,8.4,7.6,0.8,1.79,0.74,48.02,75.29,2025-01-02 05:40:00,NORMAL
168,2,233.94,13.31,13.33,0.02,3.12,0.74,71.14,30.45,2025-01-02 05:45:00,NORMAL
160,38,209.93,11.42,10.88,0.54,2.28,0.96,37.32,44.4,2025-01-02 05:50:00,NORMAL
147,15,219.39,11.91,10.56,1.35,2.32,0.83,35.83,46.04,2025-01-02 05:55:00,LEAKAGE_WARNING
118,3,233.33,10.55,10.89,0.34,2.54,0.87,43.6,62.57,2025-01-02 06:00:00,NORMAL
103,43,232.0,7.33,6.92,0.41,1.61,0.98,31.26,39.5,2025-01-02 06:05:00,NORMAL
134,31,222.1,11.48,11.84,0.36,2.63,0.78,67.94,34.63,2025-01-02 06:10:00,NORMAL
163,6,237.38,12.7,11.87,0.83,2.82,0.93,71.89,40.58,2025-01-02 06:15:00,NORMAL
148,3,227.44,12.99,13.78,0.79,3.13,0.84,56.88,49.64,2025-01-02 06:20:00,NORMAL
116,11,238.86,11.25,11.33,0.08,2.71,0.76,58.96,32.95,2025-01-02 06:25:00,NORMAL
143,15,242.1,10.0,8.65,1.35,2.09,0.96,42.57,41.72,2025-01-02 06:30:00,LEAKAGE_WARNING
191,45,232.78,10.0,10.05,0.05,2.34,0.9,55.09,40.05,2025-01-02 06:35:00,NORMAL
129,28,235.56,11.04,10.87,0.17,2.56,0.73,63.72,76.34,2025-01-02 06:40:00,NORMAL
192,10,223.92,6.72,5.9,0.82,1.32,0.86,40.18,40.17,2025-01-02 06:45:00,NORMAL
145,38,238.92,11.28,11.15,0.13,2.66,0.96,66.49,77.49,2025-01-02 06:50:00,NORMAL
105,47,232.18,9.03,9.85,0.82,2.29,0.72,44.64,60.49,2025-01-02 06:55:00,NORMAL
198,7,227.05,14.42,14.76,0.34,3.35,0.82,43.53,75.47,2025-01-02 07:00:00,NORMAL
136,15,217.81,9.4,8.54,0.86,1.86,0.94,31.84,57.02,2025-01-02 07:05:00,NORMAL
123,18,225.15,10.39,9.45,0.94,2.13,0.96,48.31,84.06,2025-01-02 07:10:00,NORMAL
192,18,218.91,10.29,11.09,0.8,2.43,0.93,61.8,46.59,2025-01-02 07:15:00,NORMAL
145,41,237.61,8.62,8.89,0.27,2.11,0.79,11.1,76.01,2025-01-02 07:20:00,NORMAL
152,24,242.2,10.91,11.05,0.14,2.68,0.85,50.15,39.81,2025-01-02 07:25:00,NORMAL
194,2,239.16,10.68,10.67,0.01,2.55,0.92,55.89,82.96,2025-01-02 07:30:00,NORMAL
198,40,254.86,12.05,12.31,0.26,3.14,0.75,46.79,31.71,2025-01-02 07:35:00,NORMAL
159,20,225.4,11.44,11.19,0.25,2.52,0.88,15.49,57.45,2025-01-02 07:40:00,NORMAL
196,34,235.97,10.37,10.46,0.09,2.47,0.92,24.62,55.28,2025-01-02 07:45:00,NORMAL
162,43,218.19,8.36,8.37,0.01,1.83,0.95,43.8,67.43,2025-01-02 07:50:00,NORMAL
184,26,228.03,8.42,8.79,0.37,2.0,0.73,19.9,56.46,2025-01-02 07:55:00,NORMAL
131,7,215.23,13.31,12.72,0.59,2.74,0.8,85.28,65.34,2025-01-02 08:00:00,OVERHEAT
186,38,235.68,10.17,10.66,0.49,2.51,0.86,64.47,81.7,2025-01-02 08:05:00,NORMAL
132,30,226.45,14.15,13.76,0.39,3.12,0.91,29.45,38.52,2025-01-02 08:10:00,NORMAL
166,42,209.45,8.36,7.66,0.7,1.6,0.92,58.1,44.65,2025-01-02 08:15:00,NORMAL
117,5,223.15,14.39,13.19,1.2,2.94,0.78,55.05,78.17,2025-01-02 08:20:00,LEAKAGE_WARNING
124,11,247.93,8.11,7.66,0.45,1.9,0.7,39.56,43.68,2025-01-02 08:25:00,NORMAL
194,1,234.1,9.12,8.81,0.31,2.06,0.91,59.74,84.34,2025-01-02 08:30:00,NORMAL
153,34,237.69,10.88,11.53,0.65,2.74,0.97,13.7,62.45,2025-01-02 08:35:00,NORMAL
157,1,231.26,12.0,11.06,0.94,2.56,0.94,39.87,34.91,2025-01-02 08:40:00,NORMAL
166,19,228.18,11.36,11.09,0.27,2.53,0.89,37.16,31.24,2025-01-02 08:45:00,NORMAL
145,2,230.16,6.17,5.82,0.35,1.34,0.99,71.96,75.77,2025-01-02 08:50:00,NORMAL
123,21,232.45,8.86,8.46,0.4,1.97,0.83,30.59,81.38,2025-01-02 08:55:00,NORMAL
131,20,219.03,7.71,7.45,0.26,1.63,0.86,55.28,44.39,2025-01-02 09:00:00,NORMAL
146,23,237.63,7.24,7.04,0.2,1.67,0.7,34.69,44.45,2025-01-02 09:05:00,NORMAL
185,21,241.22,9.97,9.95,0.02,2.4,0.98,60.94,87.25,2025-01-02 09:10:00,NORMAL
122,24,228.03,5.78,5.22,0.56,1.19,0.88,38.53,69.37,2025-01-02 09:15:00,NORMAL
165,4,224.77,12.0,12.55,0.55,2.82,0.82,26.78,40.06,2025-01-02 09:20:00,NORMAL
126,12,222.58,11.49,12.05,0.56,2.68,0.71,44.55,56.92,2025-01-02 09:25:00,NORMAL
101,22,247.59,13.24,13.46,0.22,3.33,0.81,57.66,84.63,2025-01-02 09:30:00,NORMAL
189,20,225.48,7.87,7.05,0.82,1.59,0.7,52.84,67.27,2025-01-02 09:35:00,NORMAL
116,18,236.53,8.06,7.64,0.42,1.81,0.8,22.61,54.45,2025-01-02 09:40:00,NORMAL
132,1,228.1,12.1,12.22,0.12,2.79,0.99,21.03,39.06,2025-01-02 09:45:00,NORMAL
108,30,227.56,12.26,12.46,0.2,2.84,0.75,35.35,73.56,2025-01-02 09:50:00,NORMAL
142,33,222.35,12.7,12.54,0.16,2.79,0.86,30.23,46.58,2025-01-02 09:55:00,NORMAL
147,24,220.3,12.31,11.91,0.4,2.62,0.76,31.47,63.95,2025-01-02 10:00:00,NORMAL
138,14,237.4,10.44,9.56,0.88,2.27,0.94,38.08,66.01,2025-01-02 10:05:00,NORMAL
192,36,220.07,9.08,7.85,1.23,1.73,0.87,53.88,63.33,2025-01-02 10:10:00,LEAKAGE_WARNING
141,5,234.63,11.47,11.33,0.14,2.66,0.76,40.86,44.79,2025-01-02 10:15:00,NORMAL
125,11,230.91,9.12,7.82,1.3,1.81,0.96,27.23,72.5,2025-01-02 10:20:00,LEAKAGE_WARNING
198,24,237.53,10.21,9.97,0.24,2.37,0.94,31.24,63.96,2025-01-02 10:25:00,NORMAL
149,31,223.9,9.24,8.89,0.35,1.99,0.99,51.66,54.22,2025-01-02 10:30:00,NORMAL
124,13,240.8,10.53,9.84,0.69,2.37,0.7,43.33,33.13,2025-01-02 10:35:00,NORMAL
123,16,228.59,12.48,11.72,0.76,2.68,0.84,34.32,49.88,2025-01-02 10:40:00,NORMAL
112,24,255.92,9.3,8.31,0.99,2.13,1.0,54.47,51.15,2025-01-02 10:45:00,NORMAL
159,13,213.86,9.0,9.44,0.44,2.02,0.94,57.11,77.47,2025-01-02 10:50:00,NORMAL
106,24,254.29,9.79,9.53,0.26,2.42,0.95,56.48,60.81,2025-01-02 10:55:00,NORMAL
156,26,228.74,7.64,6.81,0.83,1.56,0.89,43.49,85.93,2025-01-02 11:00:00,NORMAL
135,2,232.23,11.33,11.66,0.33,2.71,0.91,31.5,75.04,2025-01-02 11:05:00,NORMAL
144,16,223.96,10.23,10.97,0.74,2.46,0.94,41.62,62.28,2025-01-02 11:10:00,NORMAL
119,38,214.31,9.93,10.47,0.54,2.24,0.73,34.35,40.13,2025-01-02 11:15:00,NORMAL
164,46,224.72,10.66,10.52,0.14,2.36,0.91,5.5,43.26,2025-01-02 11:20:00,NORMAL
107,1,226.34,7.05,5.84,1.21,1.32,0.94,41.46,39.6,2025-01-02 11:25:00,LEAKAGE_WARNING
115,49,231.83,12.8,13.35,0.55,3.09,0.71,12.77,56.57,2025-01-02 11:30:00,NORMAL
113,11,241.21,8.96,9.34,0.38,2.25,0.79,34.11,73.35,2025-01-02 11:35:00,NORMAL
175,35,231.91,9.25,9.3,0.05,2.16,0.8,36.26,75.56,2025-01-02 11:40:00,NORMAL
186,43,232.08,11.73,12.03,0.3,2.79,0.96,68.17,35.77,2025-01-02 11:45:00,NORMAL
114,29,233.84,11.22,11.61,0.39,2.71,0.93,27.21,59.75,2025-01-02 11:50:00,NORMAL
191,37,212.45,14.0,14.82,0.82,3.15,0.9,48.5,58.89,2025-01-02 11:55:00,NORMAL
197,17,213.37,8.07,8.13,0.06,1.73,0.94,40.26,56.33,2025-01-02 12:00:00,NORMAL
165,39,215.03,8.12,6.94,1.18,1.49,0.84,51.91,48.07,2025-01-02 12:05:00,LEAKAGE_WARNING
131,42,226.27,7.61,7.13,0.48,1.61,0.96,35.05,58.55,2025-01-02 12:10:00,NORMAL
186,28,211.28,10.27,9.48,0.79,2.0,0.77,21.32,61.0,2025-01-02 12:15:00,NORMAL
162,29,223.1,9.46,9.56,0.1,2.13,0.91,46.61,65.98,2025-01-02 12:20:00,NORMAL
185,43,216.32,8.61,8.83,0.22,1.91,0.77,45.26,52.64,2025-01-02 12:25:00,NORMAL
150,3,234.88,9.87,9.41,0.46,2.21,0.71,47.82,86.71,2025-01-02 12:30:00,NORMAL
124,10,234.38,7.94,7.7,0.24,1.8,0.79,40.5,50.33,2025-01-02 12:35:00,NORMAL
157,42,226.99,13.09,12.92,0.17,2.93,0.85,39.66,83.7,2025-01-02 12:40:00,NORMAL
162,14,211.0,8.6,7.56,1.04,1.6,0.95,57.07,78.08,2025-01-02 12:45:00,LEAKAGE_WARNING
161,12,227.63,8.86,9.06,0.2,2.06,0.85,55.69,57.92,2025-01-02 12:50:00,NORMAL
121,47,233.29,5.23,5.5,0.27,1.28,0.75,32.94,59.78,2025-01-02 12:55:00,NORMAL
157,42,238.11,6.71,6.08,0.63,1.45,1.0,42.77,82.19,2025-01-02 13:00:00,NORMAL
157,30,247.53,8.82,8.26,0.56,2.04,0.78,26.97,59.56,2025-01-02 13:05:00,NORMAL
185,32,241.18,9.39,9.71,0.32,2.34,1.0,53.52,70.76,2025-01-02 13:10:00,NORMAL
148,32,231.65,11.44,11.2,0.24,2.59,0.98,51.93,78.56,2025-01-02 13:15:00,NORMAL
151,42,227.15,7.01,7.71,0.7,1.75,0.86,66.24,84.47,2025-01-02 13:20:00,NORMAL
141,32,222.57,10.9,10.55,0.35,2.35,0.73,56.05,43.09,2025-01-02 13:25:00,NORMAL
169,26,243.56,11.25,11.28,0.03,2.75,0.91,47.68,88.52,2025-01-02 13:30:00,NORMAL
114,1,231.67,11.35,11.27,0.08,2.61,0.95,83.69,87.92,2025-01-02 13:35:00,OVERHEAT
153,42,236.31,12.07,12.44,0.37,2.94,0.83,50.21,47.84,2025-01-02 13:40:00,NORMAL
159,2,224.1,7.68,6.88,0.8,1.54,0.77,53.34,66.82,2025-01-02 13:45:00,NORMAL
196,17,217.59,11.08,10.75,0.33,2.34,0.94,17.84,32.82,2025-01-02 13:50:00,NORMAL
107,30,226.0,13.53,12.83,0.7,2.9,0.86,57.18,40.07,2025-01-02 13:55:00,NORMAL
152,39,226.97,12.8,12.65,0.15,2.87,0.76,81.25,65.03,2025-01-02 14:00:00,OVERHEAT
159,7,231.92,13.78,12.99,0.79,3.01,0.98,49.3,69.01,2025-01-02 14:05:00,NORMAL
104,27,222.63,10.48,11.21,0.73,2.5,0.98,56.76,62.08,2025-01-02 14:10:00,NORMAL
167,9,230.25,8.82,8.62,0.2,1.98,0.81,61.64,72.28,2025-01-02 14:15:00,NORMAL
105,22,241.78,4.94,4.14,0.8,1.0,0.72,72.03,77.57,2025-01-02 14:20:00,NORMAL
195,34,213.27,7.51,8.3,0.79,1.77,0.89,54.14,40.11,2025-01-02 14:25:00,NORMAL
193,46,208.83,8.95,8.69,0.26,1.81,0.8,21.26,69.58,2025-01-02 14:30:00,NORMAL
146,49,242.46,9.31,8.82,0.49,2.14,0.72,48.43,63.76,2025-01-02 14:35:00,NORMAL
198,1,215.36,8.42,8.41,0.01,1.81,0.97,56.66,37.06,2025-01-02 14:40:00,NORMAL
154,9,226.2,10.68,9.98,0.7,2.26,1.0,55.46,43.72,2025-01-02 14:45:00,NORMAL
139,20,236.08,10.39,9.69,0.7,2.29,0.81,42.71,55.18,2025-01-02 14:50:00,NORMAL
151,19,229.41,10.08,10.19,0.11,2.34,0.92,39.49,81.83,2025-01-02 14:55:00,NORMAL
115,36,229.27,11.57,11.56,0.01,2.65,0.72,39.58,43.02,2025-01-02 15:00:00,NORMAL
112,40,230.72,9.06,9.44,0.38,2.18,0.81,42.76,40.98,2025-01-02 15:05:00,NORMAL
129,45,255.19,12.19,11.83,0.36,3.02,0.73,46.97,73.26,2025-01-02 15:10:00,NORMAL
118,4,247.81,7.59,7.29,0.3,1.81,0.72,53.13,88.55,2025-01-02 15:15:00,NORMAL
116,9,223.06,9.39,9.19,0.2,2.05,0.88,50.64,56.84,2025-01-02 15:20:00,NORMAL
162,41,240.51,10.64,10.39,0.25,2.5,0.94,38.52,51.01,2025-01-02 15:25:00,NORMAL
118,22,235.06,6.16,6.39,0.23,1.5,0.84,27.17,45.24,2025-01-02 15:30:00,NORMAL
191,18,229.8,8.99,9.5,0.51,2.18,0.86,50.67,32.98,2025-01-02 15:35:00,NORMAL
157,12,220.92,11.42,11.0,0.42,2.43,0.78,40.66,40.7,2025-01-02 15:40:00,NORMAL
154,42,234.51,9.15,9.05,0.1,2.12,0.92,69.11,35.6,2025-01-02 15:45:00,NORMAL
189,43,226.94,6.35,6.67,0.32,1.51,0.81,58.68,59.65,2025-01-02 15:50:00,NORMAL
189,39,226.2,8.23,8.39,0.16,1.9,0.72,50.11,88.69,2025-01-02 15:55:00,NORMAL
161,9,222.33,7.31,6.65,0.66,1.48,0.75,33.67,77.24,2025-01-02 16:00:00,NORMAL
122,6,240.0,10.99,10.36,0.63,2.49,0.74,24.73,66.1,2025-01-02 16:05:00,NORMAL
108,19,222.32,10.23,9.7,0.53,2.16,0.83,45.04,59.2,2025-01-02 16:10:00,NORMAL
111,48,222.38,6.88,6.7,0.18,1.49,0.72,47.19,67.03,2025-01-02 16:15:00,NORMAL
100,47,237.78,6.72,6.86,0.14,1.63,0.94,18.95,52.56,2025-01-02 16:20:00,NORMAL
157,7,228.56,8.55,7.69,0.86,1.76,0.97,52.1,40.7,2025-01-02 16:25:00,NORMAL
100,16,228.83,10.06,10.02,0.04,2.29,0.77,45.74,65.39,2025-01-02 16:30:00,NORMAL
133,5,240.33,8.66,8.32,0.34,2.0,0.85,4.94,61.69,2025-01-02 16:35:00,NORMAL
195,16,243.14,10.7,10.93,0.23,2.66,0.86,32.16,86.67,2025-01-02 16:40:00,NORMAL
147,1,208.72,10.63,10.55,0.08,2.2,1.0,33.16,68.99,2025-01-02 16:45:00,NORMAL
188,37,228.71,11.06,12.19,1.13,2.79,0.72,26.7,76.41,2025-01-02 16:50:00,LEAKAGE_WARNING
100,39,215.9,7.17,7.28,0.11,1.57,0.9,50.81,35.56,2025-01-02 16:55:00,NORMAL
115,19,226.13,9.45,10.01,0.56,2.26,0.8,71.82,75.66,2025-01-02 17:00:00,NORMAL
160,37,229.93,12.15,11.84,0.31,2.72,0.85,51.95,88.97,2025-01-02 17:05:00,NORMAL
163,17,226.45,8.66,8.76,0.1,1.98,0.77,54.48,69.45,2025-01-02 17:10:00,NORMAL
162,26,219.75,8.37,8.32,0.05,1.83,0.75,33.36,74.53,2025-01-02 17:15:00,NORMAL
168,22,219.24,9.02,7.75,1.27,1.7,0.77,52.65,88.77,2025-01-02 17:20:00,LEAKAGE_WARNING
121,8,237.28,8.97,9.28,0.31,2.2,0.72,42.25,53.48,2025-01-02 17:25:00,NORMAL
192,33,245.35,10.24,9.98,0.26,2.45,0.78,45.01,79.45,2025-01-02 17:30:00,NORMAL
166,2,209.4,8.84,8.53,0.31,1.79,0.91,35.95,53.98,2025-01-02 17:35:00,NORMAL
175,30,226.72,5.96,6.23,0.27,1.41,0.9,21.33,55.56,2025-01-02 17:40:00,NORMAL
125,47,237.32,12.37,11.62,0.75,2.76,0.87,58.79,69.49,2025-01-02 17:45:00,NORMAL
115,20,229.67,11.01,9.99,1.02,2.29,0.7,47.42,45.39,2025-01-02 17:50:00,LEAKAGE_WARNING
150,18,218.86,10.3,9.5,0.8,2.08,0.74,41.56,89.57,2025-01-02 17:55:00,NORMAL
185,43,225.22,9.81,10.09,0.28,2.27,0.95,72.38,49.75,2025-01-02 18:00:00,NORMAL
156,10,233.02,9.35,9.5,0.15,2.21,0.78,30.05,37.37,2025-01-02 18:05:00,NORMAL
128,24,226.93,8.4,9.21,0.81,2.09,0.97,54.6,49.35,2025-01-02 18:10:00,NORMAL
177,4,229.52,6.24,6.13,0.11,1.41,0.96,75.8,81.36,2025-01-02 18:15:00,NORMAL
191,37,229.81,13.25,13.11,0.14,3.01,0.75,51.28,48.84,2025-01-02 18:20:00,NORMAL
168,4,224.76,10.04,9.45,0.59,2.12,0.97,27.6,66.68,2025-01-02 18:25:00,NORMAL
146,13,238.17,6.78,5.7,1.08,1.36,0.89,59.68,86.12,2025-01-02 18:30:00,LEAKAGE_WARNING
193,25,225.23,7.95,8.38,0.43,1.89,0.89,36.82,45.6,2025-01-02 18:35:00,NORMAL
161,13,219.95,10.61,10.34,0.27,2.27,0.96,35.78,37.88,2025-01-02 18:40:00,NORMAL
168,18,252.3,10.57,10.48,0.09,2.64,0.82,31.46,35.81,2025-01-02 18:45:00,NORMAL
175,24,229.22,8.5,8.38,0.12,1.92,0.92,69.43,56.42,2025-01-02 18:50:00,NORMAL
115,2,204.0,7.84,6.86,0.98,1.4,0.9,38.93,36.26,2025-01-02 18:55:00,NORMAL
189,48,242.55,8.86,8.61,0.25,2.09,0.93,31.2,57.23,2025-01-02 19:00:00,NORMAL
189,33,242.52,6.14,5.67,0.47,1.38,0.9,63.7,81.76,2025-01-02 19:05:00,NORMAL
147,19,234.57,9.05,8.61,0.44,2.02,0.72,21.19,76.65,2025-01-02 19:10:00,NORMAL
184,9,236.32,9.07,8.76,0.31,2.07,0.79,45.96,64.9,2025-01-02 19:15:00,NORMAL
138,28,251.6,13.05,13.23,0.18,3.33,0.98,34.8,81.03,2025-01-02 19:20:00,NORMAL
199,35,220.37,9.1,7.96,1.14,1.75,0.77,54.09,36.02,2025-01-02 19:25:00,LEAKAGE_WARNING
132,39,231.33,10.51,10.33,0.18,2.39,0.84,38.65,66.57,2025-01-02 19:30:00,NORMAL
193,10,249.7,13.2,12.73,0.47,3.18,0.81,23.83,36.94,2025-01-02 19:35:00,NORMAL
122,1,251.82,7.87,7.54,0.33,1.9,0.73,47.16,58.93,2025-01-02 19:40:00,NORMAL
109,42,226.34,8.75,9.61,0.86,2.18,0.75,38.11,57.81,2025-01-02 19:45:00,NORMAL
168,21,250.1,8.92,9.24,0.32,2.31,0.79,57.63,45.91,2025-01-02 19:50:00,NORMAL
199,9,238.03,6.65,6.39,0.26,1.52,0.84,46.01,79.79,2025-01-02 19:55:00,NORMAL
133,47,244.95,9.48,9.7,0.22,2.38,0.96,77.12,43.69,2025-01-02 20:00:00,NORMAL
151,15,237.7,12.33,11.93,0.4,2.84,0.85,36.65,63.11,2025-01-02 20:05:00,NORMAL
194,35,233.05,11.69,11.95,0.26,2.78,0.9,62.59,58.94,2025-01-02 20:10:00,NORMAL
109,5,252.09,12.36,12.15,0.21,3.06,0.83,39.75,55.9,2025-01-02 20:15:00,NORMAL
118,41,224.71,8.73,9.38,0.65,2.11,0.96,43.18,32.01,2025-01-02 20:20:00,NORMAL
157,22,249.02,7.74,7.12,0.62,1.77,0.9,56.34,71.8,2025-01-02 20:25:00,NORMAL
195,41,250.61,14.51,14.08,0.43,3.53,0.73,30.87,30.76,2025-01-02 20:30:00,NORMAL
100,23,243.63,10.43,9.98,0.45,2.43,0.84,62.83,79.23,2025-01-02 20:35:00,NORMAL
168,7,229.28,6.78,6.63,0.15,1.52,0.95,55.39,45.98,2025-01-02 20:40:00,NORMAL
103,23,232.44,15.12,15.27,0.15,3.55,0.92,56.87,37.2,2025-01-02 20:45:00,NORMAL
115,44,217.25,9.82,8.83,0.99,1.92,0.97,59.04,55.02,2025-01-02 20:50:00,NORMAL
123,25,225.47,4.11,3.08,1.03,0.69,0.77,53.68,63.56,2025-01-02 20:55:00,LEAKAGE_WARNING
179,27,236.21,12.91,12.75,0.16,3.01,0.99,55.2,48.62,2025-01-02 21:00:00,NORMAL
101,41,215.73,5.38,5.47,0.09,1.18,0.79,64.75,37.31,2025-01-02 21:05:00,NORMAL
191,6,227.02,10.58,11.24,0.66,2.55,0.72,45.08,31.1,2025-01-02 21:10:00,NORMAL
131,34,249.45,11.68,11.37,0.31,2.84,0.85,42.32,72.23,2025-01-02 21:15:00,NORMAL
190,9,228.46,11.36,11.49,0.13,2.63,0.73,52.26,83.19,2025-01-02 21:20:00,NORMAL
183,49,240.34,13.11,13.15,0.04,3.16,0.9,46.5,36.03,2025-01-02 21:25:00,NORMAL
123,33,235.67,12.03,11.35,0.68,2.67,0.97,59.03,43.84,2025-01-02 21:30:00,NORMAL
111,6,226.92,13.71,13.99,0.28,3.17,0.98,72.98,31.21,2025-01-02 21:35:00,NORMAL
149,37,228.45,9.81,8.65,1.16,1.98,0.88,30.81,83.1,2025-01-02 21:40:00,LEAKAGE_WARNING
134,31,231.67,9.17,9.48,0.31,2.2,0.86,46.47,56.68,2025-01-02 21:45:00,NORMAL
132,34,209.49,9.31,10.13,0.82,2.12,1.0,29.05,85.51,2025-01-02 21:50:00,NORMAL
132,41,239.47,12.75,12.88,0.13,3.08,0.87,41.84,58.09,2025-01-02 21:55:00,NORMAL
160,29,228.82,8.72,8.34,0.38,1.91,0.98,42.77,81.73,2025-01-02 22:00:00,NORMAL
150,14,239.82,11.69,11.42,0.27,2.74,0.97,39.15,87.11,2025-01-02 22:05:00,NORMAL
142,36,233.88,8.28,7.99,0.29,1.87,0.79,58.57,50.11,2025-01-02 22:10:00,NORMAL
111,36,228.37,8.32,8.26,0.06,1.89,0.7,50.38,68.44,2025-01-02 22:15:00,NORMAL
166,15,231.98,12.37,12.42,0.05,2.88,0.83,36.0,69.99,2025-01-02 22:20:00,NORMAL
164,8,232.01,10.87,11.29,0.42,2.62,0.96,58.6,31.28,2025-01-02 22:25:00,NORMAL
132,26,244.76,5.68,5.42,0.26,1.33,0.95,43.29,56.29,2025-01-02 22:30:00,NORMAL
139,36,230.63,8.29,7.56,0.73,1.74,0.88,37.02,81.32,2025-01-02 22:35:00,NORMAL
173,48,232.88,4.86,4.65,0.21,1.08,0.75,29.72,86.78,2025-01-02 22:40:00,NORMAL
142,21,217.38,9.25,9.43,0.18,2.05,0.73,23.02,83.95,2025-01-02 22:45:00,NORMAL
143,28,229.53,9.45,9.18,0.27,2.11,0.99,38.03,88.37,2025-01-02 22:50:00,NORMAL
128,4,244.54,9.05,8.12,0.93,1.99,0.83,45.88,69.18,2025-01-02 22:55:00,NORMAL
112,16,234.29,12.41,12.31,0.1,2.88,0.89,58.91,43.97,2025-01-02 23:00:00,NORMAL
111,22,219.19,10.83,11.25,0.42,2.47,0.97,14.34,64.52,2025-01-02 23:05:00,NORMAL
194,12,220.26,14.93,14.62,0.31,3.22,0.96,72.96,55.27,2025-01-02 23:10:00,NORMAL
145,16,222.59,11.07,10.58,0.49,2.36,0.87,33.46,45.52,2025-01-02 23:15:00,NORMAL
101,40,240.0,11.11,10.48,0.63,2.52,0.85,39.22,76.37,2025-01-02 23:20:00,NORMAL
134,38,238.77,10.54,9.99,0.55,2.39,0.92,39.76,67.75,2025-01-02 23:25:00,NORMAL
186,42,195.46,9.46,9.18,0.28,1.79,0.8,35.53,77.41,2025-01-02 23:30:00,VOLTAGE_FAULT
180,37,229.19,8.7,8.92,0.22,2.04,0.89,40.43,46.17,2025-01-02 23:35:00,NORMAL
189,29,231.48,9.53,9.82,0.29,2.27,0.71,41.43,84.23,2025-01-02 23:40:00,NORMAL
107,18,220.38,9.62,9.59,0.03,2.11,0.95,42.72,44.32,2025-01-02 23:45:00,NORMAL
192,10,226.1,9.81,9.3,0.51,2.1,1.0,68.78,66.12,2025-01-02 23:50:00,NORMAL
125,42,243.31,11.27,11.4,0.13,2.77,0.99,33.98,33.41,2025-01-02 23:55:00,NORMAL
173,39,234.09,10.6,10.65,0.05,2.49,0.81,72.51,62.46,2025-01-03 00:00:00,NORMAL
189,18,225.0,8.97,9.21,0.24,2.07,0.86,53.18,35.92,2025-01-03 00:05:00,NORMAL
133,1,228.13,8.52,7.54,0.98,1.72,0.77,21.71,49.93,2025-01-03 00:10:00,NORMAL
106,39,227.72,10.45,10.36,0.09,2.36,0.79,32.53,81.64,2025-01-03 00:15:00,NORMAL
167,21,232.82,8.15,7.61,0.54,1.77,0.84,30.74,83.61,2025-01-03 00:20:00,NORMAL
157,1,215.7,9.15,8.16,0.99,1.76,0.92,44.67,76.04,2025-01-03 00:25:00,NORMAL
174,15,223.3,8.94,9.22,0.28,2.06,0.71,64.79,52.06,2025-01-03 00:30:00,NORMAL
128,4,240.35,14.85,14.27,0.58,3.43,0.82,57.21,64.72,2025-01-03 00:35:00,NORMAL
135,20,229.27,7.45,7.3,0.15,1.67,0.87,29.74,43.44,2025-01-03 00:40:00,NORMAL
188,10,221.5,8.41,7.51,0.9,1.66,0.76,63.23,70.7,2025-01-03 00:45:00,NORMAL
120,23,221.91,8.89,9.09,0.2,2.02,0.72,29.35,50.84,2025-01-03 00:50:00,NORMAL
135,41,237.21,9.1,8.79,0.31,2.09,0.86,31.62,43.26,2025-01-03 00:55:00,NORMAL
109,34,224.82,12.0,11.48,0.52,2.58,0.89,60.73,65.1,2025-01-03 01:00:00,NORMAL
172,46,235.11,9.49,9.63,0.14,2.26,0.89,60.42,36.71,2025-01-03 01:05:00,NORMAL
123,48,223.73,7.35,7.25,0.1,1.62,0.81,57.23,71.2,2025-01-03 01:10:00,NORMAL
163,33,218.7,12.86,12.73,0.13,2.78,0.77,45.3,41.22,2025-01-03 01:15:00,NORMAL
198,34,232.44,10.53,9.78,0.75,2.27,0.77,43.88,63.21,2025-01-03 01:20:00,NORMAL
148,39,229.03,10.84,9.53,1.31,2.18,0.71,27.44,53.55,2025-01-03 01:25:00,LEAKAGE_WARNING
198,10,236.85,11.3,10.31,0.99,2.44,0.76,44.81,63.97,2025-01-03 01:30:00,NORMAL
135,20,238.84,7.54,6.62,0.92,1.58,0.95,34.9,44.76,2025-01-03 01:35:00,NORMAL
181,1,226.42,9.99,11.88,1.89,2.69,0.7,42.33,48.62,2025-01-03 01:40:00,LEAKAGE_WARNING
195,13,233.49,11.64,11.37,0.27,2.65,0.71,79.42,38.42,2025-01-03 01:45:00,NORMAL
123,1,226.11,8.72,8.49,0.23,1.92,0.74,49.85,76.62,2025-01-03 01:50:00,NORMAL
122,5,236.34,10.61,10.01,0.6,2.37,0.83,28.37,34.21,2025-01-03 01:55:00,NORMAL
161,16,232.33,11.09,11.61,0.52,2.7,0.8,63.65,52.59,2025-01-03 02:00:00,NORMAL
195,15,223.76,7.08,6.52,0.56,1.46,0.75,65.14,56.95,2025-01-03 02:05:00,NORMAL
136,49,222.92,7.94,8.78,0.84,1.96,0.73,66.52,41.71,2025-01-03 02:10:00,NORMAL
111,28,232.69,5.43,4.72,0.71,1.1,0.98,37.85,53.09,2025-01-03 02:15:00,NORMAL
154,31,241.62,10.45,11.07,0.62,2.67,0.97,43.33,55.09,2025-01-03 02:20:00,NORMAL
112,23,239.01,13.77,12.96,0.81,3.1,0.93,26.08,43.46,2025-01-03 02:25:00,NORMAL
122,48,220.57,8.62,7.83,0.79,1.73,0.78,68.39,68.36,2025-01-03 02:30:00,NORMAL
188,45,221.62,9.61,9.58,0.03,2.12,0.8,46.86,31.85,2025-01-03 02:35:00,NORMAL
198,43,223.1,12.03,11.61,0.42,2.59,0.9,24.44,41.85,2025-01-03 02:40:00,NORMAL
129,17,224.03,10.53,10.33,0.2,2.31,0.79,69.81,67.44,2025-01-03 02:45:00,NORMAL
116,49,211.83,8.05,8.59,0.54,1.82,0.86,34.82,67.65,2025-01-03 02:50:00,NORMAL
161,34,237.9,13.05,12.57,0.48,2.99,0.9,39.08,45.92,2025-01-03 02:55:00,NORMAL
183,13,225.44,10.39,9.6,0.79,2.16,0.86,29.3,70.98,2025-01-03 03:00:00,NORMAL
188,14,234.62,9.54,9.5,0.04,2.23,0.82,26.9,58.19,2025-01-03 03:05:00,NORMAL
185,11,226.84,9.7,9.18,0.52,2.08,0.8,50.84,61.63,2025-01-03 03:10:00,NORMAL
112,28,229.77,11.18,11.42,0.24,2.62,0.93,34.55,49.96,2025-01-03 03:15:00,NORMAL
158,42,223.15,8.77,8.11,0.66,1.81,0.92,22.13,89.06,2025-01-03 03:20:00,NORMAL
118,32,229.72,13.14,12.93,0.21,2.97,0.91,59.86,74.24,2025-01-03 03:25:00,NORMAL
148,35,221.29,12.52,12.33,0.19,2.73,0.81,52.55,44.91,2025-01-03 03:30:00,NORMAL
199,31,229.79,10.02,9.59,0.43,2.2,0.93,71.82,44.19,2025-01-03 03:35:00,NORMAL
111,17,244.57,10.12,9.16,0.96,2.24,0.99,39.41,76.45,2025-01-03 03:40:00,NORMAL
160,47,235.21,8.31,7.85,0.46,1.85,0.91,45.6,53.28,2025-01-03 03:45:00,NORMAL
118,9,232.91,8.73,9.07,0.34,2.11,0.82,48.17,35.49,2025-01-03 03:50:00,NORMAL
175,10,216.8,7.73,7.89,0.16,1.71,0.94,47.09,32.14,2025-01-03 03:55:00,NORMAL
108,8,235.67,9.59,9.43,0.16,2.22,0.88,48.77,54.84,2025-01-03 04:00:00,NORMAL
170,21,236.64,10.12,9.67,0.45,2.29,0.96,40.19,54.88,2025-01-03 04:05:00,NORMAL
127,13,232.68,6.82,7.2,0.38,1.68,0.91,17.97,72.41,2025-01-03 04:10:00,NORMAL
177,5,232.14,11.38,11.01,0.37,2.56,0.93,49.32,64.49,2025-01-03 04:15:00,NORMAL
194,6,228.6,8.26,7.62,0.64,1.74,0.9,53.63,76.21,2025-01-03 04:20:00,NORMAL
151,30,236.49,10.82,10.87,0.05,2.57,0.73,39.95,49.07,2025-01-03 04:25:00,NORMAL
182,31,243.97,11.61,10.42,1.19,2.54,0.85,82.29,67.46,2025-01-03 04:30:00,LEAKAGE_WARNING
115,17,233.31,12.61,12.78,0.17,2.98,0.72,37.84,83.14,2025-01-03 04:35:00,NORMAL
168,11,220.28,12.19,11.89,0.3,2.62,0.83,35.62,34.16,2025-01-03 04:40:00,NORMAL
198,20,221.05,13.31,14.15,0.84,3.13,0.91,51.66,72.51,2025-01-03 04:45:00,NORMAL
111,48,237.26,11.63,11.59,0.04,2.75,0.83,48.53,72.95,2025-01-03 04:50:00,NORMAL
124,9,220.36,10.34,10.21,0.13,2.25,0.7,21.39,77.64,2025-01-03 04:55:00,NORMAL
151,2,232.01,9.05,9.06,0.01,2.1,0.81,56.95,46.14,2025-01-03 05:00:00,NORMAL
184,37,226.54,9.76,9.93,0.17,2.25,0.72,38.15,54.99,2025-01-03 05:05:00,NORMAL
199,1,219.28,13.26,13.32,0.06,2.92,0.93,63.58,44.38,2025-01-03 05:10:00,NORMAL
152,4,238.32,9.6,9.08,0.52,2.16,0.94,51.0,48.51,2025-01-03 05:15:00,NORMAL
122,36,237.07,9.99,10.75,0.76,2.55,0.94,41.47,88.11,2025-01-03 05:20:00,NORMAL
115,25,216.44,12.95,13.68,0.73,2.96,0.71,64.12,56.74,2025-01-03 05:25:00,NORMAL
156,3,234.81,9.53,9.58,0.05,2.25,0.71,36.77,80.91,2025-01-03 05:30:00,NORMAL
138,9,233.35,8.41,8.27,0.14,1.93,0.97,24.97,77.69,2025-01-03 05:35:00,NORMAL
152,22,238.37,12.27,12.46,0.19,2.97,0.74,24.56,56.67,2025-01-03 05:40:00,NORMAL
141,23,231.67,8.34,8.11,0.23,1.88,0.9,48.64,89.53,2025-01-03 05:45:00,NORMAL
157,12,244.27,10.81,10.3,0.51,2.52,0.94,72.31,80.45,2025-01-03 05:50:00,NORMAL
138,10,228.73,10.46,9.77,0.69,2.23,0.83,42.86,58.96,2025-01-03 05:55:00,NORMAL
113,34,227.28,10.63,9.77,0.86,2.22,0.86,56.4,48.58,2025-01-03 06:00:00,NORMAL
194,43,220.25,5.16,5.62,0.46,1.24,0.77,49.67,34.52,2025-01-03 06:05:00,NORMAL
104,10,220.66,11.56,11.75,0.19,2.59,0.98,38.8,57.89,2025-01-03 06:10:00,NORMAL
134,30,219.76,9.88,10.12,0.24,2.22,0.79,20.14,51.6,2025-01-03 06:15:00,NORMAL
186,22,232.18,11.23,10.52,0.71,2.44,0.77,47.5,72.68,2025-01-03 06:20:00,NORMAL
192,6,227.31,11.0,11.12,0.12,2.53,0.86,57.07,31.18,2025-01-03 06:25:00,NORMAL
174,2,233.31,10.63,10.28,0.35,2.4,0.76,51.83,79.89,2025-01-03 06:30:00,NORMAL
117,30,217.91,9.21,9.72,0.51,2.12,0.91,39.91,55.0,2025-01-03 06:35:00,NORMAL
175,2,221.44,9.23,9.35,0.12,2.07,0.85,37.07,58.18,2025-01-03 06:40:00,NORMAL
108,32,221.27,9.89,10.14,0.25,2.24,0.74,35.49,40.97,2025-01-03 06:45:00,NORMAL
173,42,251.69,10.34,9.8,0.54,2.47,0.72,35.12,86.25,2025-01-03 06:50:00,NORMAL
157,16,228.34,9.15,9.57,0.42,2.19,0.74,45.68,53.9,2025-01-03 06:55:00,NORMAL
116,12,229.34,11.89,10.8,1.09,2.48,0.74,42.65,80.56,2025-01-03 07:00:00,LEAKAGE_WARNING
106,1,229.23,9.34,9.03,0.31,2.07,0.79,52.59,44.25,2025-01-03 07:05:00,NORMAL
145,8,245.53,8.04,8.2,0.16,2.01,0.95,30.45,35.8,2025-01-03 07:10:00,NORMAL
112,48,213.87,11.19,10.82,0.37,2.31,0.72,44.61,68.15,2025-01-03 07:15:00,NORMAL
139,13,229.4,13.76,13.97,0.21,3.2,0.74,44.47,89.06,2025-01-03 07:20:00,NORMAL
141,15,213.77,7.66,7.99,0.33,1.71,0.79,37.37,68.82,2025-01-03 07:25:00,NORMAL
108,44,206.2,9.75,9.2,0.55,1.9,0.87,49.61,66.52,2025-01-03 07:30:00,NORMAL
149,8,222.66,12.13,11.25,0.88,2.5,0.93,31.61,56.53,2025-01-03 07:35:00,NORMAL
126,10,234.12,11.14,10.75,0.39,2.52,0.98,62.89,47.03,2025-01-03 07:40:00,NORMAL
165,46,222.02,11.24,11.65,0.41,2.59,0.82,51.36,55.85,2025-01-03 07:45:00,NORMAL
104,5,233.96,10.06,10.27,0.21,2.4,0.73,53.17,38.94,2025-01-03 07:50:00,NORMAL
128,19,231.06,4.68,3.72,0.96,0.86,0.76,43.92,45.71,2025-01-03 07:55:00,NORMAL
136,47,228.61,10.52,9.92,0.6,2.27,0.79,40.07,59.24,2025-01-03 08:00:00,NORMAL
137,38,242.65,10.75,11.11,0.36,2.7,0.94,34.17,38.69,2025-01-03 08:05:00,NORMAL
182,11,224.04,12.25,12.41,0.16,2.78,0.91,32.51,77.49,2025-01-03 08:10:00,NORMAL
107,43,233.81,8.5,8.21,0.29,1.92,0.76,22.06,30.69,2025-01-03 08:15:00,NORMAL
164,20,211.97,13.37,13.24,0.13,2.81,0.95,46.39,49.3,2025-01-03 08:20:00,NORMAL
185,20,230.99,9.38,8.14,1.24,1.88,0.96,55.48,61.0,2025-01-03 08:25:00,LEAKAGE_WARNING
116,21,227.43,9.03,9.2,0.17,2.09,0.96,26.67,85.74,2025-01-03 08:30:00,NORMAL
170,18,218.18,8.56,8.06,0.5,1.76,0.78,64.84,64.41,2025-01-03 08:35:00,NORMAL
188,10,233.98,12.09,11.74,0.35,2.75,0.74,21.41,47.69,2025-01-03 08:40:00,NORMAL
144,34,222.61,7.81,8.44,0.63,1.88,0.73,57.82,51.13,2025-01-03 08:45:00,NORMAL
103,26,247.32,11.26,12.26,1.0,3.03,0.82,32.32,50.35,2025-01-03 08:50:00,NORMAL
135,30,205.66,8.38,8.37,0.01,1.72,0.83,61.19,40.82,2025-01-03 08:55:00,NORMAL
169,9,232.48,9.91,9.5,0.41,2.21,0.96,56.44,38.69,2025-01-03 09:00:00,NORMAL
130,46,230.43,6.95,5.96,0.99,1.37,0.78,84.75,58.84,2025-01-03 09:05:00,OVERHEAT
118,31,227.19,11.57,11.76,0.19,2.67,0.89,35.65,46.22,2025-01-03 09:10:00,NORMAL
160,42,224.71,9.7,9.26,0.44,2.08,0.94,11.45,35.51,2025-01-03 09:15:00,NORMAL
153,4,230.69,11.11,11.06,0.05,2.55,0.78,16.64,42.99,2025-01-03 09:20:00,NORMAL
138,6,240.62,9.64,8.58,1.06,2.06,0.78,41.91,61.24,2025-01-03 09:25:00,LEAKAGE_WARNING
190,14,213.28,11.06,10.88,0.18,2.32,0.9,47.47,45.41,2025-01-03 09:30:00,NORMAL
173,4,221.94,9.91,9.93,0.02,2.2,0.92,34.24,44.26,2025-01-03 09:35:00,NORMAL
189,26,219.5,11.48,11.19,0.29,2.46,0.99,50.46,67.24,2025-01-03 09:40:00,NORMAL
118,47,219.03,11.07,10.77,0.3,2.36,0.95,58.4,71.36,2025-01-03 09:45:00,NORMAL
138,48,233.43,10.39,9.49,0.9,2.22,0.95,53.76,44.47,2025-01-03 09:50:00,NORMAL
166,39,235.89,8.2,8.0,0.2,1.89,0.91,44.41,58.33,2025-01-03 09:55:00,NORMAL
144,17,240.65,9.13,8.71,0.42,2.1,0.74,32.31,75.87,2025-01-03 10:00:00,NORMAL
112,19,236.05,8.46,9.09,0.63,2.15,0.94,57.48,71.39,2025-01-03 10:05:00,NORMAL
191,49,236.86,12.86,13.24,0.38,3.14,0.98,65.73,34.16,2025-01-03 10:10:00,NORMAL
157,6,215.88,11.56,11.55,0.01,2.49,0.82,35.98,51.6,2025-01-03 10:15:00,NORMAL
119,29,244.84,10.08,9.83,0.25,2.41,0.79,27.43,73.4,2025-01-03 10:20:00,NORMAL
191,11,227.9,8.88,9.06,0.18,2.06,0.86,62.32,40.77,2025-01-03 10:25:00,NORMAL
171,16,240.33,8.42,8.08,0.34,1.94,0.99,49.82,41.76,2025-01-03 10:30:00,NORMAL
160,30,216.24,10.24,10.3,0.06,2.23,0.72,49.52,67.81,2025-01-03 10:35:00,NORMAL
138,25,227.59,13.69,12.64,1.05,2.88,0.91,70.79,47.03,2025-01-03 10:40:00,LEAKAGE_WARNING
100,40,239.43,10.01,9.91,0.1,2.37,0.94,18.1,49.43,2025-01-03 10:45:00,NORMAL
102,11,230.28,12.4,11.98,0.42,2.76,0.94,41.82,61.37,2025-01-03 10:50:00,NORMAL
176,7,222.46,10.55,10.46,0.09,2.33,0.87,50.67,75.03,2025-01-03 10:55:00,NORMAL
191,26,243.1,11.13,10.98,0.15,2.67,0.98,75.22,59.9,2025-01-03 11:00:00,NORMAL
161,22,218.29,9.05,8.58,0.47,1.87,0.74,44.26,83.61,2025-01-03 11:05:00,NORMAL
162,25,229.8,9.61,9.34,0.27,2.15,0.77,37.75,36.4,2025-01-03 11:10:00,NORMAL
124,19,236.4,8.34,8.4,0.06,1.99,0.79,48.25,75.25,2025-01-03 11:15:00,NORMAL
155,31,250.96,10.61,10.24,0.37,2.57,0.7,55.96,62.62,2025-01-03 11:20:00,NORMAL
132,26,225.42,9.51,9.39,0.12,2.12,0.81,62.89,79.0,2025-01-03 11:25:00,NORMAL
137,42,227.24,10.72,10.23,0.49,2.32,0.75,67.06,48.98,2025-01-03 11:30:00,NORMAL
105,41,225.55,8.03,7.26,0.77,1.64,0.92,16.31,58.93,2025-01-03 11:35:00,NORMAL
157,36,232.38,10.91,10.21,0.7,2.37,0.82,33.49,79.42,2025-01-03 11:40:00,NORMAL
143,23,235.88,10.34,10.67,0.33,2.52,0.91,57.95,79.91,2025-01-03 11:45:00,NORMAL
144,47,240.93,10.27,11.58,1.31,2.79,0.79,48.91,52.56,2025-01-03 11:50:00,LEAKAGE_WARNING
131,13,237.56,10.78,9.45,1.33,2.24,0.74,51.53,79.33,2025-01-03 11:55:00,LEAKAGE_WARNING
144,25,225.03,9.52,9.06,0.46,2.04,0.74,35.62,70.94,2025-01-03 12:00:00,NORMAL
160,2,238.13,17.61,17.22,0.39,4.1,0.76,48.61,54.57,2025-01-03 12:05:00,NORMAL
146,2,230.92,10.94,11.1,0.16,2.56,0.73,41.52,88.18,2025-01-03 12:10:00,NORMAL
120,16,237.45,10.21,11.04,0.83,2.62,0.77,52.12,31.85,2025-01-03 12:15:00,NORMAL
179,9,238.02,11.48,12.28,0.8,2.92,0.87,52.63,52.96,2025-01-03 12:20:00,NORMAL
184,28,246.3,8.96,8.93,0.03,2.2,0.78,49.87,48.42,2025-01-03 12:25:00,NORMAL
174,13,226.45,8.89,8.61,0.28,1.95,0.8,49.13,86.15,2025-01-03 12:30:00,NORMAL
135,35,224.54,11.6,10.56,1.04,2.37,0.72,42.46,35.97,2025-01-03 12:35:00,LEAKAGE_WARNING
198,41,234.47,11.78,11.46,0.32,2.69,0.97,68.84,67.68,2025-01-03 12:40:00,NORMAL
118,13,241.83,12.38,11.85,0.53,2.87,0.74,61.78,73.0,2025-01-03 12:45:00,NORMAL
119,31,230.58,7.15,7.22,0.07,1.66,0.8,45.83,41.05,2025-01-03 12:50:00,NORMAL
156,21,242.48,9.75,9.78,0.03,2.37,0.81,57.89,39.0,2025-01-03 12:55:00,NORMAL
117,32,236.9,10.66,11.2,0.54,2.65,0.93,75.42,32.87,2025-01-03 13:00:00,NORMAL
146,34,227.99,11.44,11.85,0.41,2.7,0.85,31.45,39.53,2025-01-03 13:05:00,NORMAL
148,8,235.63,11.05,11.47,0.42,2.7,0.81,34.53,78.49,2025-01-03 13:10:00,NORMAL
113,41,225.65,8.3,8.28,0.02,1.87,0.91,46.29,86.64,2025-01-03 13:15:00,NORMAL
114,48,232.39,11.03,11.66,0.63,2.71,0.88,49.7,84.09,2025-01-03 13:20:00,NORMAL
130,2,219.27,10.64,10.85,0.21,2.38,0.72,36.99,51.92,2025-01-03 13:25:00,NORMAL
100,38,229.32,10.64,10.46,0.18,2.4,0.79,55.59,73.55,2025-01-03 13:30:00,NORMAL
153,32,240.0,7.81,8.81,1.0,2.11,0.99,43.77,79.62,2025-01-03 13:35:00,NORMAL
102,40,237.67,8.13,7.19,0.94,1.71,0.85,61.39,78.75,2025-01-03 13:40:00,NORMAL
115,28,236.21,13.62,12.53,1.09,2.96,0.83,34.98,33.76,2025-01-03 13:45:00,LEAKAGE_WARNING
186,37,232.87,11.97,11.25,0.72,2.62,0.74,32.11,42.89,2025-01-03 13:50:00,NORMAL
156,41,231.6,9.87,9.47,0.4,2.19,0.95,42.07,86.34,2025-01-03 13:55:00,NORMAL
174,1,217.33,9.91,9.55,0.36,2.08,0.74,42.74,74.39,2025-01-03 14:00:00,NORMAL
111,41,227.94,14.45,13.98,0.47,3.19,0.73,31.56,80.06,2025-01-03 14:05:00,NORMAL
173,10,231.83,10.09,9.85,0.24,2.28,0.83,46.59,60.85,2025-01-03 14:10:00,NORMAL
195,4,218.76,9.77,9.48,0.29,2.07,0.83,35.17,53.58,2025-01-03 14:15:00,NORMAL
115,35,212.48,8.41,9.04,0.63,1.92,0.99,73.5,69.07,2025-01-03 14:20:00,NORMAL
171,10,241.29,9.53,9.27,0.26,2.24,0.74,44.11,58.37,2025-01-03 14:25:00,NORMAL
175,47,230.51,6.63,6.18,0.45,1.42,0.85,50.53,52.43,2025-01-03 14:30:00,NORMAL
123,11,232.1,11.04,10.67,0.37,2.48,0.76,26.31,50.87,2025-01-03 14:35:00,NORMAL
127,14,235.56,12.52,11.75,0.77,2.77,0.91,53.25,39.47,2025-01-03 14:40:00,NORMAL
107,38,220.18,12.54,11.61,0.93,2.56,0.82,32.91,61.76,2025-01-03 14:45:00,NORMAL
191,12,225.97,8.6,8.66,0.06,1.96,0.89,58.71,61.19,2025-01-03 14:50:00,NORMAL
135,45,245.04,5.41,5.78,0.37,1.42,0.8,21.9,65.45,2025-01-03 14:55:00,NORMAL
189,17,225.11,10.68,9.85,0.83,2.22,0.87,44.52,36.97,2025-01-03 15:00:00,NORMAL
107,16,227.34,12.64,12.11,0.53,2.75,0.84,60.49,84.9,2025-01-03 15:05:00,NORMAL
157,35,223.31,6.79,6.88,0.09,1.54,0.81,47.63,74.52,2025-01-03 15:10:00,NORMAL
159,2,222.59,9.25,9.16,0.09,2.04,0.86,42.9,37.86,2025-01-03 15:15:00,NORMAL
149,11,241.05,10.71,10.66,0.05,2.57,0.82,65.05,34.76,2025-01-03 15:20:00,NORMAL
127,41,205.23,8.32,7.98,0.34,1.64,0.94,32.68,68.58,2025-01-03 15:25:00,NORMAL
191,3,225.43,6.54,5.62,0.92,1.27,0.85,27.44,50.49,2025-01-03 15:30:00,NORMAL
140,29,232.25,8.51,8.76,0.25,2.03,0.97,29.34,49.14,2025-01-03 15:35:00,NORMAL
199,18,246.97,8.86,8.51,0.35,2.1,0.77,29.91,80.4,2025-01-03 15:40:00,NORMAL
163,20,218.65,6.23,5.9,0.33,1.29,0.73,51.23,50.71,2025-01-03 15:45:00,NORMAL
126,47,216.94,12.14,12.93,0.79,2.81,0.81,40.48,67.93,2025-01-03 15:50:00,NORMAL
162,14,221.4,13.11,11.66,1.45,2.58,0.76,59.75,62.22,2025-01-03 15:55:00,LEAKAGE_WARNING
116,34,237.02,10.06,9.76,0.3,2.31,0.82,51.91,45.78,2025-01-03 16:00:00,NORMAL
172,49,231.25,11.46,10.68,0.78,2.47,0.76,50.48,49.9,2025-01-03 16:05:00,NORMAL
132,31,215.57,7.04,7.65,0.61,1.65,0.96,18.95,86.59,2025-01-03 16:10:00,NORMAL
183,40,231.0,9.72,8.56,1.16,1.98,0.87,53.59,49.88,2025-01-03 16:15:00,LEAKAGE_WARNING
176,42,245.51,8.84,8.82,0.02,2.17,0.85,63.74,77.04,2025-01-03 16:20:00,NORMAL
191,18,232.64,10.82,11.77,0.95,2.74,0.94,46.55,81.68,2025-01-03 16:25:00,NORMAL
128,30,231.65,4.6,5.11,0.51,1.18,0.74,30.5,34.26,2025-01-03 16:30:00,NORMAL
112,25,232.25,9.39,9.8,0.41,2.28,0.96,21.72,69.79,2025-01-03 16:35:00,NORMAL
145,19,234.15,11.26,11.45,0.19,2.68,0.84,59.94,74.96,2025-01-03 16:40:00,NORMAL
134,8,217.33,10.48,10.92,0.44,2.37,0.74,46.53,56.04,2025-01-03 16:45:00,NORMAL
105,28,227.68,11.57,10.96,0.61,2.5,0.95,24.61,64.16,2025-01-03 16:50:00,NORMAL
181,8,228.2,8.8,8.51,0.29,1.94,0.84,50.73,39.71,2025-01-03 16:55:00,NORMAL
168,31,225.17,4.35,3.89,0.46,0.88,0.88,44.67,49.11,2025-01-03 17:00:00,NORMAL
146,3,236.86,12.2,11.78,0.42,2.79,0.97,68.84,72.46,2025-01-03 17:05:00,NORMAL
124,3,223.66,11.52,11.44,0.08,2.56,0.97,32.92,66.15,2025-01-03 17:10:00,NORMAL
165,44,226.4,13.14,13.72,0.58,3.11,0.97,50.59,38.18,2025-01-03 17:15:00,NORMAL
109,22,217.4,10.15,10.71,0.56,2.33,0.83,62.79,89.28,2025-01-03 17:20:00,NORMAL
155,17,233.78,10.83,11.36,0.53,2.66,0.92,51.92,86.27,2025-01-03 17:25:00,NORMAL
129,36,239.42,14.66,15.01,0.35,3.59,0.77,42.64,43.45,2025-01-03 17:30:00,NORMAL
104,17,226.39,6.3,5.25,1.05,1.19,0.95,39.94,82.51,2025-01-03 17:35:00,LEAKAGE_WARNING
132,14,238.07,10.89,11.44,0.55,2.72,0.8,40.32,46.03,2025-01-03 17:40:00,NORMAL
164,9,228.53,12.44,11.5,0.94,2.63,0.84,37.39,63.82,2025-01-03 17:45:00,NORMAL
117,30,204.73,10.43,10.76,0.33,2.2,0.97,34.49,76.92,2025-01-03 17:50:00,NORMAL
195,21,229.48,10.13,10.61,0.48,2.43,0.94,62.05,50.64,2025-01-03 17:55:00,NORMAL
148,12,228.24,7.03,6.62,0.41,1.51,0.99,60.73,63.31,2025-01-03 18:00:00,NORMAL
110,37,231.03,12.93,12.1,0.83,2.8,0.81,55.92,57.02,2025-01-03 18:05:00,NORMAL
184,32,232.53,12.14,12.75,0.61,2.96,0.75,48.32,75.61,2025-01-03 18:10:00,NORMAL
125,11,223.16,12.57,12.41,0.16,2.77,0.97,47.82,58.72,2025-01-03 18:15:00,NORMAL
162,20,244.71,9.96,9.17,0.79,2.24,0.85,21.53,64.01,2025-01-03 18:20:00,NORMAL
188,35,229.34,9.36,8.7,0.66,2.0,0.97,55.45,80.73,2025-01-03 18:25:00,NORMAL
185,47,228.0,9.99,10.56,0.57,2.41,0.92,45.19,71.92,2025-01-03 18:30:00,NORMAL
158,46,237.45,13.4,13.3,0.1,3.16,0.96,27.05,61.65,2025-01-03 18:35:00,NORMAL
126,11,230.19,9.48,10.08,0.6,2.32,0.9,60.73,57.68,2025-01-03 18:40:00,NORMAL
148,8,255.66,12.96,12.57,0.39,3.21,0.94,42.57,37.61,2025-01-03 18:45:00,NORMAL
176,4,227.9,9.71,9.43,0.28,2.15,0.74,56.25,33.38,2025-01-03 18:50:00,NORMAL
132,27,233.52,8.29,7.81,0.48,1.82,0.99,51.59,87.17,2025-01-03 18:55:00,NORMAL
197,44,222.51,5.85,6.13,0.28,1.36,0.75,31.41,41.19,2025-01-03 19:00:00,NORMAL
198,40,238.71,11.15,11.3,0.15,2.7,0.71,56.2,46.61,2025-01-03 19:05:00,NORMAL
100,38,233.09,11.54,10.85,0.69,2.53,0.86,34.98,66.66,2025-01-03 19:10:00,NORMAL
120,47,226.61,7.7,6.98,0.72,1.58,0.91,20.04,79.68,2025-01-03 19:15:00,NORMAL
154,30,221.28,12.95,11.91,1.04,2.64,0.91,56.15,79.99,2025-01-03 19:20:00,LEAKAGE_WARNING
105,44,216.91,7.24,6.33,0.91,1.37,0.8,48.01,79.78,2025-01-03 19:25:00,NORMAL
191,48,234.19,11.42,12.04,0.62,2.82,0.93,46.69,88.69,2025-01-03 19:30:00,NORMAL
180,48,216.13,11.51,10.7,0.81,2.31,0.95,56.34,33.34,2025-01-03 19:35:00,NORMAL
168,27,243.08,12.15,11.97,0.18,2.91,0.88,27.8,53.99,2025-01-03 19:40:00,NORMAL
194,21,217.37,6.06,5.5,0.56,1.2,0.82,30.72,84.82,2025-01-03 19:45:00,NORMAL
104,20,228.22,12.13,12.1,0.03,2.76,0.88,28.31,58.04,2025-01-03 19:50:00,NORMAL
102,4,221.18,9.71,9.97,0.26,2.21,0.96,37.92,82.28,2025-01-03 19:55:00,NORMAL
152,11,230.33,9.32,9.26,0.06,2.13,0.97,50.01,31.06,2025-01-03 20:00:00,NORMAL
122,13,230.27,11.65,11.42,0.23,2.63,0.71,75.58,60.26,2025-01-03 20:05:00,NORMAL
152,9,234.45,11.92,11.57,0.35,2.71,0.74,41.36,85.35,2025-01-03 20:10:00,NORMAL
136,4,214.74,6.02,5.33,0.69,1.14,0.7,47.45,45.68,2025-01-03 20:15:00,NORMAL
173,12,222.36,7.42,7.74,0.32,1.72,0.85,23.6,85.78,2025-01-03 20:20:00,NORMAL
173,9,239.71,12.4,12.76,0.36,3.06,0.83,36.76,30.51,2025-01-03 20:25:00,NORMAL
182,13,236.59,10.95,11.56,0.61,2.73,0.86,14.15,34.74,2025-01-03 20:30:00,NORMAL
116,48,205.01,10.36,10.27,0.09,2.11,0.91,79.18,58.61,2025-01-03 20:35:00,NORMAL
184,26,233.77,8.03,8.27,0.24,1.93,0.81,16.62,36.38,2025-01-03 20:40:00,NORMAL
177,38,219.68,10.88,10.85,0.03,2.38,0.76,37.24,43.54,2025-01-03 20:45:00,NORMAL
172,42,224.08,12.44,12.23,0.21,2.74,0.82,42.84,47.85,2025-01-03 20:50:00,NORMAL
100,13,227.73,14.64,15.33,0.69,3.49,0.7,71.53,58.89,2025-01-03 20:55:00,NORMAL
150,39,245.57,9.29,9.37,0.08,2.3,0.95,48.36,53.43,2025-01-03 21:00:00,NORMAL
144,28,219.57,11.75,11.37,0.38,2.5,0.82,23.93,85.33,2025-01-03 21:05:00,NORMAL
176,19,215.96,13.71,13.48,0.23,2.91,0.89,40.47,83.16,2025-01-03 21:10:00,NORMAL
103,24,234.5,7.1,7.09,0.01,1.66,0.8,45.91,74.88,2025-01-03 21:15:00,NORMAL
161,19,229.72,13.6,13.42,0.18,3.08,0.88,35.32,69.56,2025-01-03 21:20:00,NORMAL
164,49,242.07,10.4,10.34,0.06,2.5,0.86,33.87,42.26,2025-01-03 21:25:00,NORMAL
131,13,226.47,10.15,10.45,0.3,2.37,0.76,32.77,66.11,2025-01-03 21:30:00,NORMAL
133,13,242.11,8.92,9.3,0.38,2.25,0.89,33.21,38.82,2025-01-03 21:35:00,NORMAL
191,28,230.16,9.27,7.73,1.54,1.78,0.73,31.03,57.16,2025-01-03 21:40:00,LEAKAGE_WARNING
194,2,235.29,8.51,8.0,0.51,1.88,0.84,31.56,57.69,2025-01-03 21:45:00,NORMAL
171,10,246.24,8.09,7.35,0.74,1.81,0.92,39.83,71.38,2025-01-03 21:50:00,NORMAL
138,22,228.33,10.9,10.4,0.5,2.37,0.86,56.0,80.11,2025-01-03 21:55:00,NORMAL
125,13,240.45,12.23,11.33,0.9,2.72,0.92,25.66,49.23,2025-01-03 22:00:00,NORMAL
133,9,223.86,7.9,7.41,0.49,1.66,0.78,32.57,32.47,2025-01-03 22:05:00,NORMAL
153,33,232.28,8.61,9.46,0.85,2.2,0.71,45.58,32.82,2025-01-03 22:10:00,NORMAL
102,14,215.55,10.51,10.73,0.22,2.31,0.72,52.58,82.49,2025-01-03 22:15:00,NORMAL
149,48,224.96,7.77,7.45,0.32,1.68,0.78,66.95,59.18,2025-01-03 22:20:00,NORMAL
111,20,219.42,10.49,10.19,0.3,2.24,0.82,55.3,44.88,2025-01-03 22:25:00,NORMAL
164,15,242.21,9.46,9.19,0.27,2.23,0.86,47.04,31.94,2025-01-03 22:30:00,NORMAL
153,32,247.39,6.72,7.08,0.36,1.75,0.93,44.28,61.73,2025-01-03 22:35:00,NORMAL
104,33,226.45,10.94,11.02,0.08,2.5,0.95,42.84,38.23,2025-01-03 22:40:00,NORMAL
193,17,222.27,8.88,8.56,0.32,1.9,0.91,27.23,55.02,2025-01-03 22:45:00,NORMAL
193,24,216.86,12.05,11.83,0.22,2.57,0.84,50.61,60.96,2025-01-03 22:50:00,NORMAL
156,30,232.65,9.61,9.02,0.59,2.1,0.78,38.15,43.75,2025-01-03 22:55:00,NORMAL
116,13,223.98,8.58,8.92,0.34,2.0,0.83,46.97,41.93,2025-01-03 23:00:00,NORMAL
146,47,224.51,9.93,9.49,0.44,2.13,0.78,30.68,31.19,2025-01-03 23:05:00,NORMAL
122,48,246.3,12.48,12.57,0.09,3.1,0.89,43.3,65.13,2025-01-03 23:10:00,NORMAL
178,16,227.04,13.68,13.66,0.02,3.1,0.95,30.77,42.03,2025-01-03 23:15:00,NORMAL
184,2,235.87,11.19,11.02,0.17,2.6,0.86,52.68,82.69,2025-01-03 23:20:00,NORMAL
113,17,230.53,8.82,9.49,0.67,2.19,0.71,40.82,66.23,2025-01-03 23:25:00,NORMAL
165,32,216.45,10.07,9.81,0.26,2.12,0.98,47.32,63.38,2025-01-03 23:30:00,NORMAL
174,43,211.55,9.8,8.97,0.83,1.9,0.79,38.1,60.28,2025-01-03 23:35:00,NORMAL
150,8,234.88,9.7,10.11,0.41,2.37,0.97,54.99,42.92,2025-01-03 23:40:00,NORMAL
137,3,247.04,9.49,8.36,1.13,2.07,0.94,50.01,88.16,2025-01-03 23:45:00,LEAKAGE_WARNING
163,12,233.15,8.07,8.19,0.12,1.91,0.82,32.12,88.02,2025-01-03 23:50:00,NORMAL
197,20,236.24,11.95,11.46,0.49,2.71,0.72,30.92,49.28,2025-01-03 23:55:00,NORMAL
137,16,220.95,11.72,12.18,0.46,2.69,0.98,57.71,76.57,2025-01-04 00:00:00,NORMAL
149,14,240.15,10.05,8.77,1.28,2.11,0.9,10.27,37.15,2025-01-04 00:05:00,LEAKAGE_WARNING
197,16,240.03,12.52,12.85,0.33,3.08,0.77,65.33,76.83,2025-01-04 00:10:00,NORMAL
181,49,223.04,11.18,10.88,0.3,2.43,0.86,33.76,47.18,2025-01-04 00:15:00,NORMAL
129,43,235.45,7.77,7.84,0.07,1.85,0.89,54.36,47.35,2025-01-04 00:20:00,NORMAL
178,49,212.34,9.29,9.11,0.18,1.93,0.77,50.28,60.43,2025-01-04 00:25:00,NORMAL
190,33,237.24,12.96,12.7,0.26,3.01,0.73,39.2,53.54,2025-01-04 00:30:00,NORMAL
150,30,224.28,9.28,9.24,0.04,2.07,0.78,49.19,37.07,2025-01-04 00:35:00,NORMAL
162,12,217.73,8.61,8.75,0.14,1.91,0.71,45.56,65.58,2025-01-04 00:40:00,NORMAL
197,15,234.03,11.44,11.26,0.18,2.64,0.72,56.13,42.83,2025-01-04 00:45:00,NORMAL
151,18,212.28,9.44,9.27,0.17,1.97,0.75,33.07,56.67,2025-01-04 00:50:00,NORMAL
137,28,233.42,11.12,10.76,0.36,2.51,0.75,54.67,43.86,2025-01-04 00:55:00,NORMAL
196,23,218.68,9.93,9.49,0.44,2.08,0.77,15.6,81.46,2025-01-04 01:00:00,NORMAL
187,14,216.54,8.41,7.8,0.61,1.69,0.98,53.44,50.28,2025-01-04 01:05:00,NORMAL
178,30,230.6,8.61,8.13,0.48,1.87,0.87,44.63,83.25,2025-01-04 01:10:00,NORMAL
129,33,228.27,6.63,6.36,0.27,1.45,0.83,51.72,49.57,2025-01-04 01:15:00,NORMAL
150,45,244.57,7.79,7.72,0.07,1.89,0.87,53.67,40.77,2025-01-04 01:20:00,NORMAL
180,15,217.15,11.26,11.83,0.57,2.57,0.7,66.47,64.6,2025-01-04 01:25:00,NORMAL
104,7,243.75,12.41,12.13,0.28,2.96,0.97,46.42,63.31,2025-01-04 01:30:00,NORMAL
128,15,218.62,8.78,8.03,0.75,1.76,0.86,31.54,67.13,2025-01-04 01:35:00,NORMAL
103,42,239.19,7.25,7.43,0.18,1.78,0.84,71.76,48.13,2025-01-04 01:40:00,NORMAL
109,46,241.06,12.28,12.41,0.13,2.99,0.98,49.99,49.2,2025-01-04 01:45:00,NORMAL
155,38,233.21,12.33,11.48,0.85,2.68,0.92,57.55,44.25,2025-01-04 01:50:00,NORMAL
116,46,222.09,11.45,10.43,1.02,2.32,0.8,38.8,85.7,2025-01-04 01:55:00,LEAKAGE_WARNING
173,44,214.77,7.1,7.32,0.22,1.57,0.98,38.67,70.98,2025-01-04 02:00:00,NORMAL
116,11,210.48,11.03,9.55,1.48,2.01,0.96,46.69,75.38,2025-01-04 02:05:00,LEAKAGE_WARNING
183,29,248.52,11.1,10.69,0.41,2.66,0.99,53.07,41.65,2025-01-04 02:10:00,NORMAL
187,31,227.03,11.8,11.14,0.66,2.53,0.73,49.1,69.69,2025-01-04 02:15:00,NORMAL
168,25,218.95,10.3,10.28,0.02,2.25,0.99,30.06,75.76,2025-01-04 02:20:00,NORMAL
133,24,218.57,8.5,8.17,0.33,1.79,0.86,67.8,50.55,2025-01-04 02:25:00,NORMAL
105,19,231.68,9.19,8.78,0.41,2.03,0.9,27.1,39.46,2025-01-04 02:30:00,NORMAL
152,2,226.05,12.35,12.6,0.25,2.85,0.76,49.94,71.82,2025-01-04 02:35:00,NORMAL
165,22,210.81,10.76,9.73,1.03,2.05,0.74,45.37,66.67,2025-01-04 02:40:00,LEAKAGE_WARNING
176,20,238.65,7.38,7.2,0.18,1.72,0.72,82.91,64.54,2025-01-04 02:45:00,OVERHEAT
142,33,233.35,13.41,13.46,0.05,3.14,0.83,38.49,40.95,2025-01-04 02:50:00,NORMAL
174,8,248.4,12.31,12.69,0.38,3.15,0.77,26.61,45.75,2025-01-04 02:55:00,NORMAL
122,25,241.41,13.32,12.84,0.48,3.1,0.72,54.75,67.49,2025-01-04 03:00:00,NORMAL
154,46,199.02,12.27,11.94,0.33,2.38,0.99,37.47,66.82,2025-01-04 03:05:00,VOLTAGE_FAULT
179,9,244.17,8.14,8.43,0.29,2.06,0.92,60.96,63.28,2025-01-04 03:10:00,NORMAL
194,34,242.07,10.66,10.39,0.27,2.52,0.86,58.14,76.09,2025-01-04 03:15:00,NORMAL
174,23,222.64,11.21,10.77,0.44,2.4,0.92,55.59,78.88,2025-01-04 03:20:00,NORMAL
115,5,225.67,7.31,7.31,0.0,1.65,0.88,33.35,46.59,2025-01-04 03:25:00,NORMAL
107,25,234.12,7.66,7.27,0.39,1.7,0.75,57.97,39.46,2025-01-04 03:30:00,NORMAL
103,8,219.86,11.49,11.29,0.2,2.48,0.89,79.58,42.07,2025-01-04 03:35:00,NORMAL
103,16,227.57,11.65,11.56,0.09,2.63,0.9,39.3,46.88,2025-01-04 03:40:00,NORMAL
155,48,240.0,14.74,15.02,0.28,3.6,0.77,42.05,86.86,2025-01-04 03:45:00,NORMAL
124,45,235.18,9.48,9.18,0.3,2.16,0.8,42.89,38.23,2025-01-04 03:50:00,NORMAL
166,15,223.33,6.63,7.47,0.84,1.67,0.81,40.45,82.73,2025-01-04 03:55:00,NORMAL
195,1,240.23,9.7,8.78,0.92,2.11,0.88,47.06,42.2,2025-01-04 04:00:00,NORMAL
166,22,233.03,11.69,10.9,0.79,2.54,0.74,45.3,50.91,2025-01-04 04:05:00,NORMAL
126,3,232.69,9.27,9.58,0.31,2.23,0.92,44.13,37.55,2025-01-04 04:10:00,NORMAL
192,38,224.85,10.2,10.72,0.52,2.41,0.8,31.68,36.2,2025-01-04 04:15:00,NORMAL
131,14,229.93,8.72,7.94,0.78,1.83,0.91,62.85,35.71,2025-01-04 04:20:00,NORMAL
149,36,222.26,12.39,12.27,0.12,2.73,0.98,50.62,50.57,2025-01-04 04:25:00,NORMAL
160,18,210.59,11.49,11.26,0.23,2.37,0.96,59.55,61.42,2025-01-04 04:30:00,NORMAL
150,47,227.2,8.36,8.15,0.21,1.85,0.92,53.96,42.05,2025-01-04 04:35:00,NORMAL
118,41,228.78,8.96,9.42,0.46,2.16,0.76,5.14,85.96,2025-01-04 04:40:00,NORMAL
120,18,231.37,8.64,8.05,0.59,1.86,0.92,58.56,65.19,2025-01-04 04:45:00,NORMAL
104,3,242.12,6.28,5.86,0.42,1.42,0.89,57.17,83.1,2025-01-04 04:50:00,NORMAL
181,10,223.48,8.48,8.27,0.21,1.85,0.93,48.6,38.93,2025-01-04 04:55:00,NORMAL
191,49,226.32,6.45,7.38,0.93,1.67,0.96,77.56,38.61,2025-01-04 05:00:00,NORMAL
141,39,237.66,11.87,11.42,0.45,2.71,0.79,60.68,80.81,2025-01-04 05:05:00,NORMAL
160,47,222.47,12.03,11.64,0.39,2.59,0.89,60.12,64.08,2025-01-04 05:10:00,NORMAL
121,1,231.54,9.4,9.25,0.15,2.14,0.78,19.51,86.32,2025-01-04 05:15:00,NORMAL
120,27,225.92,10.41,9.73,0.68,2.2,0.8,65.16,38.81,2025-01-04 05:20:00,NORMAL
169,27,227.56,12.14,11.38,0.76,2.59,0.86,55.16,31.56,2025-01-04 05:25:00,NORMAL
100,11,237.58,11.57,11.2,0.37,2.66,0.83,24.89,84.99,2025-01-04 05:30:00,NORMAL
104,49,226.27,14.01,14.57,0.56,3.3,0.88,49.8,71.93,2025-01-04 05:35:00,NORMAL
111,5,237.91,10.52,10.95,0.43,2.61,0.93,19.68,78.43,2025-01-04 05:40:00,NORMAL
189,7,210.48,12.91,13.06,0.15,2.75,0.88,55.26,47.76,2025-01-04 05:45:00,NORMAL
145,19,215.7,10.19,10.11,0.08,2.18,0.99,47.72,30.18,2025-01-04 05:50:00,NORMAL
133,29,206.82,9.76,9.14,0.62,1.89,0.92,36.03,58.97,2025-01-04 05:55:00,NORMAL
148,15,218.34,11.36,11.0,0.36,2.4,1.0,55.58,89.4,2025-01-04 06:00:00,NORMAL
177,35,248.57,11.1,10.98,0.12,2.73,0.92,33.64,84.45,2025-01-04 06:05:00,NORMAL
189,47,229.82,8.78,8.27,0.51,1.9,0.85,46.8,34.32,2025-01-04 06:10:00,NORMAL
144,37,222.79,8.35,8.54,0.19,1.9,0.82,61.61,41.27,2025-01-04 06:15:00,NORMAL
126,12,237.83,10.15,9.64,0.51,2.29,0.92,39.89,48.67,2025-01-04 06:20:00,NORMAL
172,30,239.24,6.22,5.91,0.31,1.41,0.91,30.75,79.82,2025-01-04 06:25:00,NORMAL
125,20,217.79,9.38,8.92,0.46,1.94,0.9,61.37,79.48,2025-01-04 06:30:00,NORMAL
146,37,254.98,8.04,7.42,0.62,1.89,0.92,46.67,41.1,2025-01-04 06:35:00,NORMAL
185,3,232.76,8.85,8.67,0.18,2.02,0.96,75.12,61.98,2025-01-04 06:40:00,NORMAL
155,9,234.02,8.44,9.24,0.8,2.16,0.77,52.78,60.11,2025-01-04 06:45:00,NORMAL
193,41,234.97,11.54,11.67,0.13,2.74,0.87,56.44,54.86,2025-01-04 06:50:00,NORMAL
162,39,234.95,10.89,10.3,0.59,2.42,0.88,50.45,62.16,2025-01-04 06:55:00,NORMAL
147,26,223.79,10.11,10.19,0.08,2.28,0.79,53.35,47.57,2025-01-04 07:00:00,NORMAL
160,2,251.13,9.23,9.36,0.13,2.35,1.0,54.14,61.89,2025-01-04 07:05:00,NORMAL
180,23,227.15,12.07,11.84,0.23,2.69,0.94,55.17,71.14,2025-01-04 07:10:00,NORMAL
125,23,239.58,11.8,11.05,0.75,2.65,0.8,28.24,33.75,2025-01-04 07:15:00,NORMAL
135,21,225.25,9.78,9.35,0.43,2.11,0.81,32.12,88.04,2025-01-04 07:20:00,NORMAL
100,16,223.48,12.71,11.64,1.07,2.6,0.92,54.92,39.92,2025-01-04 07:25:00,LEAKAGE_WARNING
107,9,249.02,9.62,9.22,0.4,2.3,0.7,46.39,51.62,2025-01-04 07:30:00,NORMAL
198,13,228.92,10.41,10.03,0.38,2.3,0.84,33.55,58.24,2025-01-04 07:35:00,NORMAL
151,28,229.66,8.85,8.77,0.08,2.01,0.8,49.51,32.46,2025-01-04 07:40:00,NORMAL
178,27,232.84,9.21,9.79,0.58,2.28,0.96,69.2,62.9,2025-01-04 07:45:00,NORMAL
146,17,256.02,8.75,8.48,0.27,2.17,0.94,47.87,82.2,2025-01-04 07:50:00,NORMAL
155,38,251.69,11.38,11.16,0.22,2.81,0.8,51.33,84.06,2025-01-04 07:55:00,NORMAL
185,36,242.84,10.75,10.22,0.53,2.48,0.96,51.81,49.57,2025-01-04 08:00:00,NORMAL
113,1,258.54,7.89,7.54,0.35,1.95,0.97,35.84,63.53,2025-01-04 08:05:00,NORMAL
189,18,220.55,11.13,10.8,0.33,2.38,0.87,44.24,76.61,2025-01-04 08:10:00,NORMAL
127,9,236.56,13.59,12.82,0.77,3.03,0.75,13.67,45.17,2025-01-04 08:15:00,NORMAL
186,13,230.76,8.68,8.61,0.07,1.99,0.93,30.84,61.71,2025-01-04 08:20:00,NORMAL
177,40,212.31,8.57,7.95,0.62,1.69,0.8,43.82,52.0,2025-01-04 08:25:00,NORMAL
187,45,234.63,10.02,9.18,0.84,2.15,0.86,27.13,52.69,2025-01-04 08:30:00,NORMAL
101,15,225.09,12.76,12.84,0.08,2.89,0.71,44.69,35.65,2025-01-04 08:35:00,NORMAL
125,43,245.34,9.12,9.12,0.0,2.24,0.85,40.56,54.41,2025-01-04 08:40:00,NORMAL
113,44,226.05,13.68,13.86,0.18,3.13,0.81,64.85,39.65,2025-01-04 08:45:00,NORMAL
158,46,225.48,7.89,8.37,0.48,1.89,0.91,75.35,48.08,2025-01-04 08:50:00,NORMAL
155,4,245.33,10.38,9.26,1.12,2.27,0.71,44.16,49.82,2025-01-04 08:55:00,LEAKAGE_WARNING
106,33,229.35,6.6,4.81,1.79,1.1,0.89,50.65,55.84,2025-01-04 09:00:00,LEAKAGE_WARNING
102,24,241.63,8.13,7.82,0.31,1.89,0.93,63.15,85.01,2025-01-04 09:05:00,NORMAL
122,36,234.24,9.57,9.54,0.03,2.23,0.7,44.92,67.86,2025-01-04 09:10:00,NORMAL
117,41,234.38,10.54,9.47,1.07,2.22,0.92,51.31,88.47,2025-01-04 09:15:00,LEAKAGE_WARNING
137,10,227.56,12.48,11.98,0.5,2.73,0.74,24.1,65.44,2025-01-04 09:20:00,NORMAL
198,36,235.02,8.6,8.78,0.18,2.06,0.91,52.75,78.33,2025-01-04 09:25:00,NORMAL
114,20,228.69,10.84,11.08,0.24,2.53,0.84,64.15,80.05,2025-01-04 09:30:00,NORMAL
163,41,221.96,7.32,6.71,0.61,1.49,0.87,28.23,74.34,2025-01-04 09:35:00,NORMAL
188,45,228.96,12.02,11.63,0.39,2.66,0.8,20.11,70.19,2025-01-04 09:40:00,NORMAL
127,44,242.88,12.62,11.86,0.76,2.88,0.77,64.41,55.07,2025-01-04 09:45:00,NORMAL
173,11,235.36,12.08,11.53,0.55,2.71,0.72,40.25,64.04,2025-01-04 09:50:00,NORMAL
138,12,237.68,12.07,12.48,0.41,2.97,0.96,33.29,41.62,2025-01-04 09:55:00,NORMAL
156,18,230.01,9.82,10.01,0.19,2.3,0.88,46.45,67.09,2025-01-04 10:00:00,NORMAL
116,30,210.62,10.55,10.79,0.24,2.27,0.99,36.8,60.86,2025-01-04 10:05:00,NORMAL
185,44,217.79,9.81,9.5,0.31,2.07,0.96,29.47,78.26,2025-01-04 10:10:00,NORMAL
189,48,227.11,9.91,9.77,0.14,2.22,0.96,22.13,84.15,2025-01-04 10:15:00,NORMAL
143,37,218.65,8.51,8.54,0.03,1.87,0.88,72.06,37.97,2025-01-04 10:20:00,NORMAL
124,20,224.76,10.56,10.52,0.04,2.36,0.72,70.0,71.45,2025-01-04 10:25:00,NORMAL
116,25,224.39,10.84,10.3,0.54,2.31,0.97,41.26,87.0,2025-01-04 10:30:00,NORMAL
112,12,224.7,11.97,11.86,0.11,2.66,0.74,84.27,85.07,2025-01-04 10:35:00,OVERHEAT
183,21,244.37,10.78,10.92,0.14,2.67,0.86,64.93,80.07,2025-01-04 10:40:00,NORMAL
124,25,229.47,11.76,12.21,0.45,2.8,0.96,44.26,32.9,2025-01-04 10:45:00,NORMAL
167,11,239.35,8.51,8.76,0.25,2.1,0.84,79.05,45.15,2025-01-04 10:50:00,NORMAL
109,9,231.64,12.85,12.12,0.73,2.81,0.75,14.33,38.9,2025-01-04 10:55:00,NORMAL
166,25,244.16,9.52,9.65,0.13,2.36,0.81,41.87,85.62,2025-01-04 11:00:00,NORMAL
117,35,240.21,5.9,4.79,1.11,1.15,1.0,71.4,74.93,2025-01-04 11:05:00,LEAKAGE_WARNING
199,32,224.08,9.22,8.71,0.51,1.95,1.0,39.89,61.91,2025-01-04 11:10:00,NORMAL
185,49,249.62,11.15,11.36,0.21,2.84,0.91,62.61,88.76,2025-01-04 11:15:00,NORMAL
133,14,225.45,10.16,10.27,0.11,2.32,0.97,30.29,41.68,2025-01-04 11:20:00,NORMAL
107,1,232.0,6.12,6.97,0.85,1.62,0.71,35.08,68.49,2025-01-04 11:25:00,NORMAL
139,17,233.77,10.43,10.45,0.02,2.44,0.78,50.82,66.56,2025-01-04 11:30:00,NORMAL
182,25,234.88,10.25,9.08,1.17,2.13,0.81,54.93,50.43,2025-01-04 11:35:00,LEAKAGE_WARNING
141,8,237.96,8.06,7.04,1.02,1.68,0.7,48.13,59.12,2025-01-04 11:40:00,LEAKAGE_WARNING
140,5,222.43,11.13,10.13,1.0,2.25,0.81,38.8,44.12,2025-01-04 11:45:00,NORMAL
105,5,237.12,9.73,9.23,0.5,2.19,0.73,31.06,70.63,2025-01-04 11:50:00,NORMAL
151,41,235.81,6.1,5.99,0.11,1.41,0.86,80.45,55.09,2025-01-04 11:55:00,OVERHEAT
125,35,230.0,11.39,11.14,0.25,2.56,0.7,50.26,31.41,2025-01-04 12:00:00,NORMAL
163,19,228.1,10.35,9.88,0.47,2.25,0.78,61.59,87.05,2025-01-04 12:05:00,NORMAL
197,23,221.92,13.03,12.84,0.19,2.85,0.96,59.83,60.09,2025-01-04 12:10:00,NORMAL
158,9,234.8,8.27,8.46,0.19,1.99,0.76,37.91,72.34,2025-01-04 12:15:00,NORMAL
155,30,223.4,9.53,9.37,0.16,2.09,0.72,45.75,41.82,2025-01-04 12:20:00,NORMAL
158,16,232.38,12.13,12.61,0.48,2.93,0.77,33.47,37.63,2025-01-04 12:25:00,NORMAL
169,33,228.99,8.17,7.67,0.5,1.76,0.95,56.55,84.15,2025-01-04 12:30:00,NORMAL
132,2,216.66,12.06,12.31,0.25,2.67,0.88,42.65,65.46,2025-01-04 12:35:00,NORMAL
152,14,220.67,12.11,11.63,0.48,2.57,0.88,69.43,59.6,2025-01-04 12:40:00,NORMAL
121,46,234.05,10.63,10.97,0.34,2.57,0.7,20.88,61.27,2025-01-04 12:45:00,NORMAL
120,1,224.76,9.67,9.55,0.12,2.15,0.84,52.56,44.17,2025-01-04 12:50:00,NORMAL
169,26,224.42,8.71,8.37,0.34,1.88,0.78,83.21,84.76,2025-01-04 12:55:00,OVERHEAT
169,25,222.36,8.56,8.44,0.12,1.88,0.8,34.03,42.85,2025-01-04 13:00:00,NORMAL
103,16,222.7,10.62,10.1,0.52,2.25,0.88,47.43,39.48,2025-01-04 13:05:00,NORMAL
193,15,246.43,4.25,3.83,0.42,0.94,0.96,39.77,85.8,2025-01-04 13:10:00,NORMAL
174,26,218.8,8.89,8.9,0.01,1.95,0.75,58.47,45.45,2025-01-04 13:15:00,NORMAL
161,47,244.73,8.61,8.7,0.09,2.13,0.93,14.99,81.75,2025-01-04 13:20:00,NORMAL
161,44,226.69,8.02,8.15,0.13,1.85,0.71,26.98,76.35,2025-01-04 13:25:00,NORMAL
193,16,223.46,10.37,10.57,0.2,2.36,0.8,30.15,52.92,2025-01-04 13:30:00,NORMAL
194,14,233.84,7.06,5.81,1.25,1.36,0.77,58.23,45.24,2025-01-04 13:35:00,LEAKAGE_WARNING
123,29,230.53,12.41,12.53,0.12,2.89,0.97,42.31,75.54,2025-01-04 13:40:00,NORMAL
154,24,228.03,11.83,11.08,0.75,2.53,0.75,35.48,65.86,2025-01-04 13:45:00,NORMAL
108,47,232.2,12.72,12.44,0.28,2.89,0.87,51.15,45.24,2025-01-04 13:50:00,NORMAL
102,15,230.37,8.95,8.93,0.02,2.06,0.75,48.38,83.45,2025-01-04 13:55:00,NORMAL
130,19,227.84,10.42,10.12,0.3,2.31,0.84,42.09,73.26,2025-01-04 14:00:00,NORMAL
139,8,239.36,11.65,11.32,0.33,2.71,0.82,37.55,84.56,2025-01-04 14:05:00,NORMAL
135,34,215.53,9.74,10.42,0.68,2.25,0.71,31.44,56.25,2025-01-04 14:10:00,NORMAL
123,2,220.85,8.87,8.71,0.16,1.92,0.95,66.43,37.69,2025-01-04 14:15:00,NORMAL
194,27,222.12,10.24,10.04,0.2,2.23,0.93,67.44,85.44,2025-01-04 14:20:00,NORMAL
105,10,219.42,9.59,9.55,0.04,2.1,0.78,25.34,66.09,2025-01-04 14:25:00,NORMAL
165,35,230.86,7.86,8.72,0.86,2.01,0.88,39.17,66.36,2025-01-04 14:30:00,NORMAL
183,23,235.05,5.24,5.21,0.03,1.22,0.81,51.8,65.06,2025-01-04 14:35:00,NORMAL
191,49,210.37,8.15,7.14,1.01,1.5,0.93,31.51,58.34,2025-01-04 14:40:00,LEAKAGE_WARNING
174,8,225.26,5.28,4.8,0.48,1.08,0.91,56.15,45.3,2025-01-04 14:45:00,NORMAL
103,28,226.78,8.26,8.59,0.33,1.95,0.73,48.28,66.78,2025-01-04 14:50:00,NORMAL
178,23,227.14,12.84,12.19,0.65,2.77,0.95,57.51,73.12,2025-01-04 14:55:00,NORMAL
105,4,217.15,6.3,6.65,0.35,1.44,0.75,79.78,84.99,2025-01-04 15:00:00,NORMAL
193,14,226.87,10.9,10.57,0.33,2.4,0.75,19.97,34.33,2025-01-04 15:05:00,NORMAL
150,42,220.89,12.45,12.11,0.34,2.67,0.92,66.97,45.28,2025-01-04 15:10:00,NORMAL
161,29,226.66,6.85,6.83,0.02,1.55,0.75,37.15,76.6,2025-01-04 15:15:00,NORMAL
156,1,212.8,13.59,12.87,0.72,2.74,0.74,55.57,76.51,2025-01-04 15:20:00,NORMAL
165,4,226.72,9.85,9.27,0.58,2.1,0.8,53.43,42.72,2025-01-04 15:25:00,NORMAL
178,32,222.81,12.72,12.91,0.19,2.88,0.95,66.23,41.08,2025-01-04 15:30:00,NORMAL
174,33,227.38,10.54,10.49,0.05,2.39,0.75,46.61,52.03,2025-01-04 15:35:00,NORMAL
107,49,233.01,9.08,9.31,0.23,2.17,0.8,33.38,33.77,2025-01-04 15:40:00,NORMAL
125,26,229.55,4.19,4.28,0.09,0.98,0.79,49.36,73.82,2025-01-04 15:45:00,NORMAL
150,17,237.93,7.77,7.24,0.53,1.72,0.81,71.0,70.19,2025-01-04 15:50:00,NORMAL
144,39,226.39,11.36,11.17,0.19,2.53,0.91,50.96,81.52,2025-01-04 15:55:00,NORMAL
143,23,236.19,13.07,12.36,0.71,2.92,0.82,37.14,55.8,2025-01-04 16:00:00,NORMAL
104,32,241.25,7.19,7.78,0.59,1.88,0.93,43.4,68.2,2025-01-04 16:05:00,NORMAL
169,15,232.74,9.88,9.54,0.34,2.22,0.89,49.49,87.24,2025-01-04 16:10:00,NORMAL
125,13,229.79,9.11,8.49,0.62,1.95,0.81,47.48,87.53,2025-01-04 16:15:00,NORMAL
167,2,234.14,10.84,10.59,0.25,2.48,0.83,45.42,34.26,2025-01-04 16:20:00,NORMAL
118,19,233.09,10.18,10.66,0.48,2.48,0.91,60.47,30.11,2025-01-04 16:25:00,NORMAL
183,24,240.01,9.26,9.58,0.32,2.3,0.86,76.11,87.6,2025-01-04 16:30:00,NORMAL
196,45,237.94,11.28,10.63,0.65,2.53,0.96,59.99,62.12,2025-01-04 16:35:00,NORMAL
119,24,238.06,8.62,8.69,0.07,2.07,0.98,55.09,72.02,2025-01-04 16:40:00,NORMAL
111,11,230.44,10.02,10.21,0.19,2.35,0.92,61.24,84.76,2025-01-04 16:45:00,NORMAL
146,22,233.41,11.54,11.51,0.03,2.69,1.0,55.44,55.99,2025-01-04 16:50:00,NORMAL
100,15,233.23,8.55,8.48,0.07,1.98,0.88,47.93,56.44,2025-01-04 16:55:00,NORMAL
189,10,217.93,9.28,8.49,0.79,1.85,0.71,37.06,40.02,2025-01-04 17:00:00,NORMAL
113,41,240.69,8.88,9.55,0.67,2.3,0.85,37.06,84.35,2025-01-04 17:05:00,NORMAL
163,27,213.31,10.9,10.41,0.49,2.22,0.77,45.57,68.86,2025-01-04 17:10:00,NORMAL
137,9,237.12,10.7,9.77,0.93,2.32,0.8,50.14,40.82,2025-01-04 17:15:00,NORMAL
136,28,232.67,8.96,8.29,0.67,1.93,0.85,62.83,63.59,2025-01-04 17:20:00,NORMAL
110,1,227.16,10.68,9.32,1.36,2.12,0.79,44.15,49.69,2025-01-04 17:25:00,LEAKAGE_WARNING
199,17,233.91,4.38,4.41,0.03,1.03,0.79,40.52,38.83,2025-01-04 17:30:00,NORMAL
176,31,234.19,11.67,11.02,0.65,2.58,0.82,49.85,40.91,2025-01-04 17:35:00,NORMAL
102,44,216.92,11.79,11.63,0.16,2.52,0.79,52.19,63.56,2025-01-04 17:40:00,NORMAL
132,10,244.16,8.99,9.05,0.06,2.21,0.75,37.06,63.86,2025-01-04 17:45:00,NORMAL
105,37,230.72,8.59,9.5,0.91,2.19,0.93,34.98,77.4,2025-01-04 17:50:00,NORMAL
149,29,253.15,9.88,9.91,0.03,2.51,0.82,55.42,44.88,2025-01-04 17:55:00,NORMAL
109,18,237.9,8.18,7.45,0.73,1.77,0.95,43.92,84.95,2025-01-04 18:00:00,NORMAL
104,47,230.49,8.49,9.15,0.66,2.11,0.96,63.45,61.12,2025-01-04 18:05:00,NORMAL
122,38,223.1,10.62,9.37,1.25,2.09,0.93,49.93,42.25,2025-01-04 18:10:00,LEAKAGE_WARNING
109,39,228.89,11.62,11.22,0.4,2.57,0.82,44.7,54.8,2025-01-04 18:15:00,NORMAL
143,49,231.5,10.64,10.99,0.35,2.54,0.92,28.08,85.4,2025-01-04 18:20:00,NORMAL
101,6,244.65,15.77,15.46,0.31,3.78,0.75,45.9,58.69,2025-01-04 18:25:00,NORMAL
112,40,242.27,12.5,11.96,0.54,2.9,0.9,31.03,82.48,2025-01-04 18:30:00,NORMAL
139,12,234.51,11.47,11.51,0.04,2.7,0.82,26.54,39.59,2025-01-04 18:35:00,NORMAL
101,14,247.69,11.4,11.51,0.11,2.85,0.9,68.43,84.84,2025-01-04 18:40:00,NORMAL
183,44,209.84,10.17,8.98,1.19,1.88,0.93,38.47,55.84,2025-01-04 18:45:00,LEAKAGE_WARNING
164,10,234.63,11.01,10.98,0.03,2.58,0.87,59.15,86.17,2025-01-04 18:50:00,NORMAL
162,20,242.56,10.4,10.27,0.13,2.49,0.89,29.15,81.96,2025-01-04 18:55:00,NORMAL
172,15,235.47,12.1,11.24,0.86,2.65,0.76,35.1,69.6,2025-01-04 19:00:00,NORMAL
116,31,216.67,9.44,9.28,0.16,2.01,0.88,33.76,70.37,2025-01-04 19:05:00,NORMAL
108,7,243.89,9.33,8.75,0.58,2.13,0.84,56.05,42.69,2025-01-04 19:10:00,NORMAL
174,41,237.61,12.36,12.4,0.04,2.95,0.83,52.46,66.17,2025-01-04 19:15:00,NORMAL
114,10,233.43,9.08,9.23,0.15,2.15,0.82,25.91,62.97,2025-01-04 19:20:00,NORMAL
123,10,230.88,8.11,7.72,0.39,1.78,0.79,24.53,50.05,2025-01-04 19:25:00,NORMAL
137,48,249.94,8.5,8.79,0.29,2.2,0.79,52.99,60.34,2025-01-04 19:30:00,NORMAL
134,39,234.45,11.5,11.1,0.4,2.6,0.91,65.4,85.75,2025-01-04 19:35:00,NORMAL
193,28,227.58,15.34,15.6,0.26,3.55,0.87,64.66,30.32,2025-01-04 19:40:00,NORMAL
194,30,221.89,8.22,7.82,0.4,1.74,0.71,34.11,55.03,2025-01-04 19:45:00,NORMAL
148,37,237.58,11.29,10.47,0.82,2.49,0.71,39.27,50.02,2025-01-04 19:50:00,NORMAL
168,3,239.86,10.31,11.11,0.8,2.66,0.87,52.87,87.67,2025-01-04 19:55:00,NORMAL
161,43,230.57,12.26,12.27,0.01,2.83,0.95,53.94,88.43,2025-01-04 20:00:00,NORMAL
159,15,224.42,11.27,12.05,0.78,2.7,0.71,48.76,65.14,2025-01-04 20:05:00,NORMAL
149,21,243.3,12.38,12.33,0.05,3.0,0.85,39.54,63.0,2025-01-04 20:10:00,NORMAL
177,37,221.13,10.58,10.21,0.37,2.26,0.96,52.13,84.19,2025-01-04 20:15:00,NORMAL
174,12,249.69,8.33,8.3,0.03,2.07,0.7,47.46,30.39,2025-01-04 20:20:00,NORMAL
108,4,222.65,8.64,9.51,0.87,2.12,0.78,48.02,63.74,2025-01-04 20:25:00,NORMAL
133,47,217.22,10.42,9.77,0.65,2.12,0.98,58.4,31.48,2025-01-04 20:30:00,NORMAL
175,9,218.5,10.93,11.46,0.53,2.5,0.72,61.68,88.09,2025-01-04 20:35:00,NORMAL
198,39,218.9,9.23,8.61,0.62,1.88,0.88,50.23,49.21,2025-01-04 20:40:00,NORMAL
134,42,227.63,14.03,14.2,0.17,3.23,0.85,49.44,61.25,2025-01-04 20:45:00,NORMAL
100,28,225.32,11.88,12.12,0.24,2.73,0.75,42.66,55.05,2025-01-04 20:50:00,NORMAL
139,23,240.25,5.83,5.62,0.21,1.35,0.71,46.98,83.62,2025-01-04 20:55:00,NORMAL
163,45,238.82,9.75,9.02,0.73,2.15,0.85,56.39,89.99,2025-01-04 21:00:00,NORMAL
121,40,227.76,7.94,6.76,1.18,1.54,0.92,52.41,34.1,2025-01-04 21:05:00,LEAKAGE_WARNING
159,44,261.03,13.81,13.82,0.01,3.61,0.75,36.86,73.92,2025-01-04 21:10:00,VOLTAGE_FAULT
163,22,227.63,5.56,6.01,0.45,1.37,0.91,36.06,52.08,2025-01-04 21:15:00,NORMAL
192,24,228.96,10.84,10.47,0.37,2.4,0.86,35.59,38.34,2025-01-04 21:20:00,NORMAL
171,26,217.23,10.25,10.72,0.47,2.33,0.81,62.23,54.33,2025-01-04 21:25:00,NORMAL
110,30,229.19,11.63,11.06,0.57,2.53,0.9,20.1,89.89,2025-01-04 21:30:00,NORMAL
113,33,232.97,10.65,10.23,0.42,2.38,0.76,24.67,51.45,2025-01-04 21:35:00,NORMAL
159,16,218.16,14.14,13.26,0.88,2.89,0.84,35.78,46.64,2025-01-04 21:40:00,NORMAL
129,22,225.01,11.84,11.11,0.73,2.5,0.86,56.31,80.77,2025-01-04 21:45:00,NORMAL
134,49,233.27,6.32,6.05,0.27,1.41,0.84,40.99,82.08,2025-01-04 21:50:00,NORMAL
184,43,224.75,12.81,12.59,0.22,2.83,0.82,32.6,50.33,2025-01-04 21:55:00,NORMAL
136,18,222.66,10.41,10.65,0.24,2.37,0.92,50.32,47.92,2025-01-04 22:00:00,NORMAL
104,7,237.82,12.81,13.06,0.25,3.11,0.9,51.1,68.84,2025-01-04 22:05:00,NORMAL
182,26,217.18,9.37,9.19,0.18,2.0,0.89,56.8,42.31,2025-01-04 22:10:00,NORMAL
177,8,219.12,7.88,8.22,0.34,1.8,0.97,65.45,59.02,2025-01-04 22:15:00,NORMAL
125,6,231.77,7.5,7.43,0.07,1.72,1.0,63.47,38.48,2025-01-04 22:20:00,NORMAL
161,30,238.46,12.12,12.16,0.04,2.9,0.87,53.33,48.29,2025-01-04 22:25:00,NORMAL
103,39,233.06,11.59,11.09,0.5,2.58,0.8,43.74,47.85,2025-01-04 22:30:00,NORMAL
188,23,227.76,8.82,8.63,0.19,1.97,0.93,51.46,71.69,2025-01-04 22:35:00,NORMAL
141,32,226.95,4.66,3.96,0.7,0.9,0.74,38.85,46.94,2025-01-04 22:40:00,NORMAL
188,22,240.1,12.2,12.15,0.05,2.92,0.85,58.37,83.91,2025-01-04 22:45:00,NORMAL
117,42,238.59,5.92,6.3,0.38,1.5,0.86,37.55,88.98,2025-01-04 22:50:00,NORMAL
139,43,230.5,14.35,13.88,0.47,3.2,1.0,33.64,34.86,2025-01-04 22:55:00,NORMAL
171,45,227.22,7.11,6.97,0.14,1.58,1.0,59.25,53.86,2025-01-04 23:00:00,NORMAL
138,9,230.35,10.03,9.97,0.06,2.3,0.94,23.38,48.11,2025-01-04 23:05:00,NORMAL
113,31,222.73,10.46,10.47,0.01,2.33,0.84,36.03,51.12,2025-01-04 23:10:00,NORMAL
131,7,228.5,10.73,10.54,0.19,2.41,0.86,54.01,45.92,2025-01-04 23:15:00,NORMAL
150,9,225.1,10.65,10.59,0.06,2.38,0.8,43.71,52.96,2025-01-04 23:20:00,NORMAL
137,13,228.99,10.26,9.8,0.46,2.24,0.95,43.09,38.48,2025-01-04 23:25:00,NORMAL
196,3,225.46,9.13,8.56,0.57,1.93,0.92,29.24,46.79,2025-01-04 23:30:00,NORMAL
122,35,235.24,9.55,9.54,0.01,2.24,0.93,30.44,74.87,2025-01-04 23:35:00,NORMAL
162,33,238.18,8.7,7.5,1.2,1.79,0.74,42.26,50.64,2025-01-04 23:40:00,LEAKAGE_WARNING
114,21,226.2,10.23,10.32,0.09,2.33,0.82,22.47,42.47,2025-01-04 23:45:00,NORMAL
196,31,221.88,6.49,6.28,0.21,1.39,0.86,44.86,36.51,2025-01-04 23:50:00,NORMAL
124,34,237.12,10.63,11.24,0.61,2.67,0.74,62.05,50.88,2025-01-04 23:55:00,NORMAL
116,32,231.85,9.8,9.65,0.15,2.24,0.81,60.72,68.6,2025-01-05 00:00:00,NORMAL
196,35,226.33,11.68,11.58,0.1,2.62,0.73,53.0,45.2,2025-01-05 00:05:00,NORMAL
165,15,243.76,9.39,9.21,0.18,2.25,0.99,47.87,55.35,2025-01-05 00:10:00,NORMAL
177,32,224.35,11.2,10.51,0.69,2.36,0.93,43.76,87.14,2025-01-05 00:15:00,NORMAL
152,6,210.07,11.1,10.06,1.04,2.11,0.89,45.85,63.14,2025-01-05 00:20:00,LEAKAGE_WARNING
150,45,222.92,9.72,8.97,0.75,2.0,0.76,32.26,61.92,2025-01-05 00:25:00,NORMAL
138,21,246.18,10.71,10.56,0.15,2.6,0.8,36.52,54.6,2025-01-05 00:30:00,NORMAL
150,33,226.82,7.31,7.01,0.3,1.59,0.74,22.42,63.41,2025-01-05 00:35:00,NORMAL
169,32,224.85,12.68,11.72,0.96,2.64,0.86,57.63,89.07,2025-01-05 00:40:00,NORMAL
105,19,230.27,8.91,9.21,0.3,2.12,0.95,43.44,45.23,2025-01-05 00:45:00,NORMAL
166,33,240.11,9.64,9.05,0.59,2.17,0.71,72.07,86.52,2025-01-05 00:50:00,NORMAL
106,28,229.17,7.89,8.13,0.24,1.86,0.73,37.01,38.94,2025-01-05 00:55:00,NORMAL
150,31,235.91,8.46,7.69,0.77,1.81,0.77,44.88,36.67,2025-01-05 01:00:00,NORMAL
171,21,228.11,13.29,13.16,0.13,3.0,0.91,54.55,69.28,2025-01-05 01:05:00,NORMAL
141,34,235.99,10.28,10.52,0.24,2.48,0.97,50.68,45.07,2025-01-05 01:10:00,NORMAL
163,15,231.8,9.41,9.54,0.13,2.21,0.93,43.9,56.66,2025-01-05 01:15:00,NORMAL
114,14,226.02,9.4,9.45,0.05,2.14,0.86,68.98,73.78,2025-01-05 01:20:00,NORMAL
128,19,232.58,10.0,9.32,0.68,2.17,0.73,32.45,62.09,2025-01-05 01:25:00,NORMAL
132,43,224.57,11.44,10.57,0.87,2.37,0.93,53.59,30.82,2025-01-05 01:30:00,NORMAL
193,15,216.22,10.39,10.39,0.0,2.25,0.73,39.12,48.35,2025-01-05 01:35:00,NORMAL
126,6,229.8,10.43,10.67,0.24,2.45,0.8,43.13,33.88,2025-01-05 01:40:00,NORMAL
135,9,217.11,8.15,6.94,1.21,1.51,0.79,48.49,85.57,2025-01-05 01:45:00,LEAKAGE_WARNING
128,37,235.97,9.41,8.8,0.61,2.08,0.81,43.3,77.68,2025-01-05 01:50:00,NORMAL
137,20,229.63,10.31,10.5,0.19,2.41,0.8,42.76,89.03,2025-01-05 01:55:00,NORMAL
156,34,244.23,9.94,9.56,0.38,2.33,0.93,24.27,83.11,2025-01-05 02:00:00,NORMAL
196,38,226.7,9.17,9.18,0.01,2.08,0.75,57.09,58.52,2025-01-05 02:05:00,NORMAL
126,26,229.8,8.98,9.42,0.44,2.16,0.95,24.16,82.96,2025-01-05 02:10:00,NORMAL
154,18,215.3,10.87,10.83,0.04,2.33,0.96,64.29,70.35,2025-01-05 02:15:00,NORMAL
132,28,218.96,10.92,11.41,0.49,2.5,0.85,43.58,61.48,2025-01-05 02:20:00,NORMAL
167,9,213.21,11.98,12.02,0.04,2.56,0.73,57.49,52.24,2025-01-05 02:25:00,NORMAL
185,32,240.77,10.39,10.38,0.01,2.5,0.87,12.26,70.86,2025-01-05 02:30:00,NORMAL
165,6,225.4,5.85,5.92,0.07,1.33,0.95,44.49,65.41,2025-01-05 02:35:00,NORMAL
109,14,243.27,14.72,14.06,0.66,3.42,0.79,44.82,66.85,2025-01-05 02:40:00,NORMAL
104,28,203.19,9.98,9.58,0.4,1.95,0.95,33.08,53.99,2025-01-05 02:45:00,NORMAL
173,24,245.48,9.18,9.3,0.12,2.28,0.9,56.61,74.36,2025-01-05 02:50:00,NORMAL
196,13,229.32,9.88,9.52,0.36,2.18,1.0,36.62,34.88,2025-01-05 02:55:00,NORMAL
137,43,233.4,9.21,8.36,0.85,1.95,0.95,33.15,73.57,2025-01-05 03:00:00,NORMAL
112,12,219.37,8.36,8.57,0.21,1.88,0.76,40.14,73.85,2025-01-05 03:05:00,NORMAL
130,19,235.27,11.23,11.69,0.46,2.75,0.83,57.89,60.96,2025-01-05 03:10:00,NORMAL
146,21,226.26,9.7,10.04,0.34,2.27,0.73,48.67,45.8,2025-01-05 03:15:00,NORMAL
199,27,218.06,9.82,9.43,0.39,2.06,0.72,50.26,61.16,2025-01-05 03:20:00,NORMAL
187,19,217.92,4.99,4.05,0.94,0.88,0.91,55.21,37.39,2025-01-05 03:25:00,NORMAL
151,24,217.75,9.55,8.93,0.62,1.94,0.97,42.11,47.11,2025-01-05 03:30:00,NORMAL
155,26,233.8,7.85,7.01,0.84,1.64,0.99,58.98,55.28,2025-01-05 03:35:00,NORMAL
114,45,223.64,8.96,9.86,0.9,2.21,0.78,50.07,70.39,2025-01-05 03:40:00,NORMAL
128,28,213.6,10.47,10.69,0.22,2.28,0.76,56.26,41.23,2025-01-05 03:45:00,NORMAL
107,46,233.69,8.77,9.13,0.36,2.13,0.87,34.5,39.49,2025-01-05 03:50:00,NORMAL
104,18,208.27,9.05,8.57,0.48,1.78,0.76,46.3,66.47,2025-01-05 03:55:00,NORMAL
128,44,243.29,10.19,10.09,0.1,2.45,0.79,57.79,70.77,2025-01-05 04:00:00,NORMAL
146,36,249.86,8.99,10.29,1.3,2.57,0.95,69.65,35.02,2025-01-05 04:05:00,LEAKAGE_WARNING
167,42,216.88,7.89,7.31,0.58,1.59,0.94,59.19,31.99,2025-01-05 04:10:00,NORMAL
175,29,240.52,6.56,5.78,0.78,1.39,0.97,59.81,38.83,2025-01-05 04:15:00,NORMAL
144,17,233.49,10.67,9.47,1.2,2.21,0.84,23.98,84.06,2025-01-05 04:20:00,LEAKAGE_WARNING
101,4,225.0,8.97,8.69,0.28,1.96,0.87,41.0,70.36,2025-01-05 04:25:00,NORMAL
126,44,225.47,6.67,6.16,0.51,1.39,0.93,53.38,85.26,2025-01-05 04:30:00,NORMAL
194,45,236.54,12.49,12.86,0.37,3.04,0.77,26.51,69.88,2025-01-05 04:35:00,NORMAL
135,29,229.6,10.68,11.3,0.62,2.59,0.95,50.98,87.91,2025-01-05 04:40:00,NORMAL
135,4,204.06,7.62,6.8,0.82,1.39,0.71,40.08,56.33,2025-01-05 04:45:00,NORMAL
125,10,250.73,8.59,8.12,0.47,2.04,0.94,40.8,65.95,2025-01-05 04:50:00,NORMAL
142,25,234.33,12.09,11.27,0.82,2.64,0.93,45.97,66.07,2025-01-05 04:55:00,NORMAL
126,31,229.48,9.65,9.58,0.07,2.2,0.79,50.29,30.19,2025-01-05 05:00:00,NORMAL
168,3,222.82,9.16,7.77,1.39,1.73,0.92,55.96,31.65,2025-01-05 05:05:00,LEAKAGE_WARNING
119,47,228.11,11.5,11.14,0.36,2.54,0.76,28.84,38.72,2025-01-05 05:10:00,NORMAL
110,2,242.69,9.66,9.84,0.18,2.39,0.87,59.17,60.67,2025-01-05 05:15:00,NORMAL
173,25,232.62,12.46,12.42,0.04,2.89,0.91,54.49,55.83,2025-01-05 05:20:00,NORMAL
137,49,233.75,9.17,9.77,0.6,2.28,0.91,41.26,62.38,2025-01-05 05:25:00,NORMAL
105,6,217.51,8.86,9.13,0.27,1.99,0.99,59.29,78.03,2025-01-05 05:30:00,NORMAL
171,26,226.5,10.03,10.02,0.01,2.27,0.75,19.98,79.33,2025-01-05 05:35:00,NORMAL
122,8,230.51,11.93,10.96,0.97,2.53,0.84,47.48,88.62,2025-01-05 05:40:00,NORMAL
146,35,236.97,10.5,10.33,0.17,2.45,0.96,36.65,63.45,2025-01-05 05:45:00,NORMAL
189,27,225.84,10.21,9.47,0.74,2.14,0.87,29.33,50.83,2025-01-05 05:50:00,NORMAL
145,25,239.28,8.39,8.24,0.15,1.97,0.96,22.74,48.48,2025-01-05 05:55:00,NORMAL
111,18,218.56,8.09,8.4,0.31,1.84,0.83,54.47,50.44,2025-01-05 06:00:00,NORMAL
189,1,230.7,11.93,11.46,0.47,2.64,0.94,52.67,49.43,2025-01-05 06:05:00,NORMAL
112,48,229.02,12.14,12.36,0.22,2.83,0.96,62.98,53.58,2025-01-05 06:10:00,NORMAL
161,39,214.84,12.08,12.08,0.0,2.6,0.95,54.98,34.49,2025-01-05 06:15:00,NORMAL
181,3,229.52,11.58,10.36,1.22,2.38,0.96,40.59,68.01,2025-01-05 06:20:00,LEAKAGE_WARNING
188,4,224.17,10.89,10.39,0.5,2.33,0.77,85.7,64.08,2025-01-05 06:25:00,OVERHEAT
196,41,244.14,10.86,11.07,0.21,2.7,0.83,60.22,57.72,2025-01-05 06:30:00,NORMAL
159,37,225.9,10.27,9.7,0.57,2.19,0.75,27.74,34.87,2025-01-05 06:35:00,NORMAL
142,15,233.51,11.12,11.39,0.27,2.66,0.75,43.06,35.59,2025-01-05 06:40:00,NORMAL
175,8,217.69,9.92,10.6,0.68,2.31,0.85,48.4,62.71,2025-01-05 06:45:00,NORMAL
199,38,232.37,11.12,10.37,0.75,2.41,0.99,41.05,32.19,2025-01-05 06:50:00,NORMAL
167,19,225.85,11.84,11.49,0.35,2.6,0.88,75.8,73.49,2025-01-05 06:55:00,NORMAL
104,47,222.24,7.48,7.38,0.1,1.64,0.96,40.65,89.63,2025-01-05 07:00:00,NORMAL
136,26,258.34,12.19,12.82,0.63,3.31,0.98,39.2,65.84,2025-01-05 07:05:00,NORMAL
171,39,226.47,9.88,9.84,0.04,2.23,0.73,56.12,73.41,2025-01-05 07:10:00,NORMAL
191,10,227.88,12.92,12.62,0.3,2.88,0.75,46.81,56.34,2025-01-05 07:15:00,NORMAL
130,38,239.02,12.54,12.92,0.38,3.09,0.79,41.67,70.04,2025-01-05 07:20:00,NORMAL
108,14,222.32,7.94,7.72,0.22,1.72,0.89,77.49,69.11,2025-01-05 07:25:00,NORMAL
150,49,234.03,10.0,9.02,0.98,2.11,0.72,68.04,79.45,2025-01-05 07:30:00,NORMAL
128,41,235.1,6.27,5.96,0.31,1.4,0.94,23.85,72.68,2025-01-05 07:35:00,NORMAL
177,19,232.45,9.23,8.74,0.49,2.03,0.72,73.1,74.94,2025-01-05 07:40:00,NORMAL
139,30,252.96,10.71,10.73,0.02,2.71,0.75,42.32,63.4,2025-01-05 07:45:00,NORMAL
140,5,221.96,11.69,12.02,0.33,2.67,0.81,62.02,59.07,2025-01-05 07:50:00,NORMAL
185,31,245.38,10.14,10.22,0.08,2.51,0.87,74.73,57.52,2025-01-05 07:55:00,NORMAL
110,7,234.72,10.89,10.16,0.73,2.38,0.96,57.15,53.52,2025-01-05 08:00:00,NORMAL
122,19,239.09,8.6,8.45,0.15,2.02,0.99,79.22,45.96,2025-01-05 08:05:00,NORMAL
100,31,233.41,9.96,9.86,0.1,2.3,0.97,57.8,32.0,2025-01-05 08:10:00,NORMAL
145,39,248.78,8.82,8.87,0.05,2.21,0.73,54.43,70.27,2025-01-05 08:15:00,NORMAL
120,24,226.8,10.57,11.01,0.44,2.5,0.89,60.14,84.06,2025-01-05 08:20:00,NORMAL
189,34,234.97,12.78,11.9,0.88,2.8,0.83,26.43,85.83,2025-01-05 08:25:00,NORMAL
135,23,243.05,9.89,9.79,0.1,2.38,0.74,41.94,64.83,2025-01-05 08:30:00,NORMAL
153,48,224.41,7.26,7.33,0.07,1.64,0.87,28.93,35.65,2025-01-05 08:35:00,NORMAL
186,45,240.0,10.39,10.15,0.24,2.44,0.81,42.33,82.72,2025-01-05 08:40:00,NORMAL
156,40,229.81,11.41,11.47,0.06,2.64,0.8,51.75,74.86,2025-01-05 08:45:00,NORMAL
100,6,217.65,8.16,7.8,0.36,1.7,0.73,42.79,45.08,2025-01-05 08:50:00,NORMAL
162,38,215.48,12.48,12.62,0.14,2.72,0.99,42.84,78.21,2025-01-05 08:55:00,NORMAL
153,41,229.09,8.81,8.55,0.26,1.96,0.92,24.65,58.32,2025-01-05 09:00:00,NORMAL
154,36,239.91,8.48,8.31,0.17,1.99,0.78,37.13,83.26,2025-01-05 09:05:00,NORMAL
139,27,209.21,6.44,5.31,1.13,1.11,0.98,70.02,44.86,2025-01-05 09:10:00,LEAKAGE_WARNING
114,11,232.0,10.54,9.38,1.16,2.18,0.98,36.65,78.05,2025-01-05 09:15:00,LEAKAGE_WARNING
120,5,238.92,13.63,13.04,0.59,3.12,0.94,39.83,72.71,2025-01-05 09:20:00,NORMAL
146,17,217.22,10.73,10.57,0.16,2.3,0.9,48.5,30.87,2025-01-05 09:25:00,NORMAL
172,7,223.66,8.53,7.93,0.6,1.77,0.81,50.57,63.8,2025-01-05 09:30:00,NORMAL
152,27,235.72,11.03,10.44,0.59,2.46,0.83,42.95,72.93,2025-01-05 09:35:00,NORMAL
108,47,238.49,11.6,11.64,0.04,2.78,0.84,24.06,39.38,2025-01-05 09:40:00,NORMAL
173,15,246.04,12.32,12.94,0.62,3.18,0.98,53.11,61.91,2025-01-05 09:45:00,NORMAL
151,46,224.14,7.53,8.28,0.75,1.86,0.93,73.81,48.24,2025-01-05 09:50:00,NORMAL
156,13,221.84,13.11,12.97,0.14,2.88,0.79,72.54,71.78,2025-01-05 09:55:00,NORMAL
125,11,246.53,10.43,10.48,0.05,2.58,0.89,34.24,62.41,2025-01-05 10:00:00,NORMAL
140,45,222.45,13.51,13.58,0.07,3.02,0.88,51.03,67.29,2025-01-05 10:05:00,NORMAL
134,26,235.07,10.31,10.51,0.2,2.47,0.94,82.95,34.35,2025-01-05 10:10:00,OVERHEAT
162,22,251.83,11.15,11.37,0.22,2.86,0.73,44.94,38.27,2025-01-05 10:15:00,NORMAL
124,28,237.53,8.1,7.57,0.53,1.8,0.91,48.82,63.13,2025-01-05 10:20:00,NORMAL
189,24,237.83,11.97,13.28,1.31,3.16,0.8,22.59,40.87,2025-01-05 10:25:00,LEAKAGE_WARNING
174,29,242.78,7.85,7.36,0.49,1.79,0.74,60.63,59.92,2025-01-05 10:30:00,NORMAL
137,9,235.25,10.54,10.48,0.06,2.47,0.92,49.17,71.4,2025-01-05 10:35:00,NORMAL
101,42,237.88,9.14,8.22,0.92,1.96,0.8,31.62,78.59,2025-01-05 10:40:00,NORMAL
106,4,226.57,9.82,9.49,0.33,2.15,0.92,55.4,38.58,2025-01-05 10:45:00,NORMAL
181,49,241.6,12.17,12.84,0.67,3.1,0.75,59.67,74.51,2025-01-05 10:50:00,NORMAL
190,46,234.13,9.29,10.03,0.74,2.35,1.0,34.59,51.79,2025-01-05 10:55:00,NORMAL
133,18,215.22,12.21,12.58,0.37,2.71,0.94,20.08,70.74,2025-01-05 11:00:00,NORMAL
190,43,232.43,9.19,8.86,0.33,2.06,0.79,47.09,38.72,2025-01-05 11:05:00,NORMAL
116,16,208.3,10.26,10.92,0.66,2.27,0.92,55.39,60.91,2025-01-05 11:10:00,NORMAL
142,33,237.14,14.3,14.04,0.26,3.33,0.74,49.0,80.25,2025-01-05 11:15:00,NORMAL
158,29,227.66,10.24,9.69,0.55,2.21,0.9,62.37,36.39,2025-01-05 11:20:00,NORMAL
150,39,249.06,9.85,9.91,0.06,2.47,0.72,19.32,79.66,2025-01-05 11:25:00,NORMAL
153,10,234.9,10.28,10.52,0.24,2.47,0.8,29.78,57.17,2025-01-05 11:30:00,NORMAL
123,9,239.24,9.34,10.22,0.88,2.45,0.99,48.33,79.4,2025-01-05 11:35:00,NORMAL
124,31,219.51,8.0,7.04,0.96,1.55,0.74,21.64,87.5,2025-01-05 11:40:00,NORMAL
170,28,236.85,14.12,13.01,1.11,3.08,0.88,33.63,39.58,2025-01-05 11:45:00,LEAKAGE_WARNING
151,3,223.59,9.19,8.38,0.81,1.87,0.72,37.09,70.47,2025-01-05 11:50:00,NORMAL
169,14,240.91,6.96,6.9,0.06,1.66,0.9,60.25,44.11,2025-01-05 11:55:00,NORMAL
187,25,218.82,9.69,9.52,0.17,2.08,0.78,64.6,38.13,2025-01-05 12:00:00,NORMAL
132,15,231.1,10.71,10.17,0.54,2.35,0.79,55.86,67.68,2025-01-05 12:05:00,NORMAL
148,2,218.42,9.58,9.31,0.27,2.03,0.8,73.12,36.48,2025-01-05 12:10:00,NORMAL
128,24,231.26,9.9,11.26,1.36,2.6,0.76,65.99,57.91,2025-01-05 12:15:00,LEAKAGE_WARNING
162,14,250.22,9.67,9.01,0.66,2.25,0.98,56.85,68.16,2025-01-05 12:20:00,NORMAL
121,48,237.21,10.85,10.04,0.81,2.38,0.97,56.4,59.98,2025-01-05 12:25:00,NORMAL
125,7,229.67,11.64,10.9,0.74,2.5,0.96,36.2,71.82,2025-01-05 12:30:00,NORMAL
127,36,205.38,9.62,9.19,0.43,1.89,0.73,24.08,78.08,2025-01-05 12:35:00,NORMAL
184,24,224.64,15.18,14.5,0.68,3.26,0.77,34.29,82.33,2025-01-05 12:40:00,NORMAL
148,27,234.75,12.08,12.59,0.51,2.96,0.88,57.62,63.59,2025-01-05 12:45:00,NORMAL
170,37,224.89,9.99,9.84,0.15,2.21,0.99,40.3,46.6,2025-01-05 12:50:00,NORMAL
180,38,244.27,7.36,7.49,0.13,1.83,0.88,54.17,60.58,2025-01-05 12:55:00,NORMAL
183,30,230.72,10.23,9.3,0.93,2.15,0.8,17.57,53.26,2025-01-05 13:00:00,NORMAL
148,27,240.79,11.63,11.34,0.29,2.73,0.95,52.89,43.56,2025-01-05 13:05:00,NORMAL
119,39,232.05,11.64,11.52,0.12,2.67,0.74,32.17,61.74,2025-01-05 13:10:00,NORMAL
185,15,227.24,6.29,6.6,0.31,1.5,0.96,34.07,31.36,2025-01-05 13:15:00,NORMAL
191,26,225.29,10.23,10.56,0.33,2.38,0.99,69.99,66.33,2025-01-05 13:20:00,NORMAL
162,1,219.88,9.04,9.4,0.36,2.07,0.99,77.27,79.3,2025-01-05 13:25:00,NORMAL
160,4,240.97,12.99,12.42,0.57,2.99,0.74,28.89,89.97,2025-01-05 13:30:00,NORMAL
148,29,225.72,10.25,9.75,0.5,2.2,0.86,41.54,85.3,2025-01-05 13:35:00,NORMAL
170,1,235.22,5.43,5.1,0.33,1.2,0.88,43.14,35.39,2025-01-05 13:40:00,NORMAL
100,43,224.74,10.74,10.14,0.6,2.28,0.76,56.06,39.75,2025-01-05 13:45:00,NORMAL
195,46,219.17,6.1,6.3,0.2,1.38,0.86,37.95,38.32,2025-01-05 13:50:00,NORMAL
112,22,235.55,10.9,11.62,0.72,2.74,0.89,32.92,63.5,2025-01-05 13:55:00,NORMAL
193,11,222.53,15.17,14.63,0.54,3.26,0.8,49.4,32.76,2025-01-05 14:00:00,NORMAL
186,10,226.0,12.72,12.55,0.17,2.84,0.79,46.21,86.22,2025-01-05 14:05:00,NORMAL
150,17,217.51,10.52,9.9,0.62,2.15,0.72,58.01,33.71,2025-01-05 14:10:00,NORMAL
155,36,225.07,8.68,8.27,0.41,1.86,0.99,34.76,53.48,2025-01-05 14:15:00,NORMAL
182,47,230.24,12.55,12.39,0.16,2.85,0.94,41.93,83.64,2025-01-05 14:20:00,NORMAL
161,26,227.13,11.27,10.97,0.3,2.49,0.93,56.66,86.9,2025-01-05 14:25:00,NORMAL
131,48,238.18,9.47,8.57,0.9,2.04,0.71,44.09,57.92,2025-01-05 14:30:00,NORMAL
129,21,231.46,8.92,8.87,0.05,2.05,0.89,19.82,59.31,2025-01-05 14:35:00,NORMAL
128,13,260.87,8.19,7.62,0.57,1.99,0.75,69.37,68.17,2025-01-05 14:40:00,VOLTAGE_FAULT
148,9,234.24,10.75,10.4,0.35,2.44,0.9,43.74,54.46,2025-01-05 14:45:00,NORMAL
144,11,212.65,9.17,9.81,0.64,2.09,0.89,44.0,49.48,2025-01-05 14:50:00,NORMAL
192,11,227.87,10.34,10.8,0.46,2.46,0.96,82.91,74.37,2025-01-05 14:55:00,OVERHEAT
129,6,228.74,11.86,11.68,0.18,2.67,0.78,76.69,65.72,2025-01-05 15:00:00,NORMAL
115,1,223.86,9.12,9.17,0.05,2.05,0.71,59.25,58.9,2025-01-05 15:05:00,NORMAL
139,6,230.73,11.29,11.57,0.28,2.67,0.97,28.71,36.05,2025-01-05 15:10:00,NORMAL
118,13,223.57,12.44,11.7,0.74,2.62,0.97,65.63,34.13,2025-01-05 15:15:00,NORMAL
117,22,233.33,10.79,11.34,0.55,2.65,0.84,18.43,60.65,2025-01-05 15:20:00,NORMAL
100,31,210.91,11.4,11.3,0.1,2.38,0.72,47.04,67.17,2025-01-05 15:25:00,NORMAL
177,22,241.44,10.81,11.05,0.24,2.67,0.85,38.04,69.45,2025-01-05 15:30:00,NORMAL
146,37,214.22,10.03,9.09,0.94,1.95,0.86,34.48,83.69,2025-01-05 15:35:00,NORMAL
165,47,227.36,11.67,10.21,1.46,2.32,0.95,48.48,78.97,2025-01-05 15:40:00,LEAKAGE_WARNING
191,27,222.67,13.22,13.18,0.04,2.93,0.92,54.2,38.45,2025-01-05 15:45:00,NORMAL
193,14,233.06,11.71,11.09,0.62,2.58,0.72,56.8,77.67,2025-01-05 15:50:00,NORMAL
137,47,228.17,9.61,8.78,0.83,2.0,0.91,43.78,70.58,2025-01-05 15:55:00,NORMAL
150,5,232.52,9.67,9.02,0.65,2.1,0.74,41.85,79.68,2025-01-05 16:00:00,NORMAL
162,36,241.11,9.74,9.14,0.6,2.2,0.73,57.81,80.6,2025-01-05 16:05:00,NORMAL
103,32,237.69,11.89,12.58,0.69,2.99,0.82,58.18,50.73,2025-01-05 16:10:00,NORMAL
100,34,230.36,8.95,8.16,0.79,1.88,0.72,47.07,45.8,2025-01-05 16:15:00,NORMAL
107,7,234.6,7.95,7.57,0.38,1.78,0.95,32.02,63.16,2025-01-05 16:20:00,NORMAL
128,42,249.6,10.94,10.85,0.09,2.71,0.84,19.64,47.92,2025-01-05 16:25:00,NORMAL
154,48,238.04,10.04,9.88,0.16,2.35,0.88,54.89,50.98,2025-01-05 16:30:00,NORMAL
102,10,227.06,12.96,12.63,0.33,2.87,0.87,59.59,34.15,2025-01-05 16:35:00,NORMAL
131,17,242.78,5.49,5.42,0.07,1.32,0.99,41.96,89.48,2025-01-05 16:40:00,NORMAL
109,30,233.91,10.42,10.4,0.02,2.43,0.97,50.6,48.56,2025-01-05 16:45:00,NORMAL
173,21,220.37,9.19,9.48,0.29,2.09,0.95,64.8,76.8,2025-01-05 16:50:00,NORMAL
182,13,228.19,11.62,11.16,0.46,2.55,0.81,75.16,89.59,2025-01-05 16:55:00,NORMAL
133,1,215.28,9.44,9.32,0.12,2.01,0.74,39.07,88.15,2025-01-05 17:00:00,NORMAL
196,1,207.15,8.85,9.05,0.2,1.87,0.88,43.69,68.03,2025-01-05 17:05:00,NORMAL
186,47,220.51,11.87,11.62,0.25,2.56,0.83,51.81,62.32,2025-01-05 17:10:00,NORMAL
154,33,231.23,12.56,12.34,0.22,2.85,0.77,26.78,48.56,2025-01-05 17:15:00,NORMAL
191,38,231.26,9.8,9.35,0.45,2.16,0.73,12.84,81.69,2025-01-05 17:20:00,NORMAL
131,25,215.88,9.84,9.65,0.19,2.08,0.83,24.98,50.28,2025-01-05 17:25:00,NORMAL
149,26,206.21,12.54,12.03,0.51,2.48,0.9,40.87,36.4,2025-01-05 17:30:00,NORMAL
106,13,244.71,12.32,12.26,0.06,3.0,0.89,34.14,47.65,2025-01-05 17:35:00,NORMAL
192,28,230.95,12.06,11.96,0.1,2.76,0.93,32.77,48.91,2025-01-05 17:40:00,NORMAL
107,33,245.56,9.19,8.85,0.34,2.17,0.84,45.77,73.11,2025-01-05 17:45:00,NORMAL
164,37,244.99,8.68,8.29,0.39,2.03,0.8,44.78,40.17,2025-01-05 17:50:00,NORMAL
156,41,237.35,13.27,12.46,0.81,2.96,0.86,33.66,49.01,2025-01-05 17:55:00,NORMAL
166,30,230.59,11.22,10.5,0.72,2.42,0.99,20.78,34.6,2025-01-05 18:00:00,NORMAL
187,49,226.02,8.52,8.34,0.18,1.89,0.71,51.12,80.9,2025-01-05 18:05:00,NORMAL
186,48,237.19,9.79,10.3,0.51,2.44,0.86,60.81,73.49,2025-01-05 18:10:00,NORMAL
158,8,228.4,10.17,9.63,0.54,2.2,0.8,35.72,56.25,2025-01-05 18:15:00,NORMAL
171,49,224.1,9.79,9.33,0.46,2.09,0.73,39.23,55.8,2025-01-05 18:20:00,NORMAL
153,47,209.02,9.42,9.11,0.31,1.9,0.83,57.19,39.98,2025-01-05 18:25:00,NORMAL
166,1,229.17,12.46,11.87,0.59,2.72,0.89,60.73,53.07,2025-01-05 18:30:00,NORMAL
150,12,240.97,11.06,11.04,0.02,2.66,0.86,38.13,84.41,2025-01-05 18:35:00,NORMAL
196,5,242.59,14.51,15.11,0.6,3.67,0.71,43.44,38.32,2025-01-05 18:40:00,NORMAL
191,24,230.53,12.57,12.81,0.24,2.95,0.87,67.13,75.9,2025-01-05 18:45:00,NORMAL
107,6,221.11,10.27,11.52,1.25,2.55,0.77,58.16,32.83,2025-01-05 18:50:00,LEAKAGE_WARNING
133,25,239.03,12.83,12.41,0.42,2.97,0.8,27.9,48.7,2025-01-05 18:55:00,NORMAL
134,1,229.85,10.71,10.54,0.17,2.42,0.79,19.25,80.82,2025-01-05 19:00:00,NORMAL
195,25,226.34,14.84,14.21,0.63,3.22,0.96,40.84,56.7,2025-01-05 19:05:00,NORMAL
187,1,215.44,9.37,8.79,0.58,1.89,0.71,30.51,72.16,2025-01-05 19:10:00,NORMAL
177,32,251.04,10.91,10.95,0.04,2.75,0.8,52.02,36.21,2025-01-05 19:15:00,NORMAL
131,42,237.38,8.8,9.01,0.21,2.14,0.82,55.7,71.01,2025-01-05 19:20:00,NORMAL
145,42,238.46,9.24,9.43,0.19,2.25,0.89,48.84,79.14,2025-01-05 19:25:00,NORMAL
115,3,221.37,9.32,8.16,1.16,1.81,0.94,32.91,78.31,2025-01-05 19:30:00,LEAKAGE_WARNING
167,49,230.8,12.47,12.35,0.12,2.85,0.92,25.94,56.33,2025-01-05 19:35:00,NORMAL
136,19,229.19,10.42,10.36,0.06,2.37,0.93,54.92,84.25,2025-01-05 19:40:00,NORMAL
153,43,237.82,5.08,4.73,0.35,1.12,0.76,57.43,64.5,2025-01-05 19:45:00,NORMAL
184,29,243.6,10.19,10.78,0.59,2.63,0.97,61.61,79.07,2025-01-05 19:50:00,NORMAL
113,2,215.66,8.05,8.05,0.0,1.74,0.82,40.65,42.81,2025-01-05 19:55:00,NORMAL
194,9,219.25,9.12,9.35,0.23,2.05,0.7,43.63,42.61,2025-01-05 20:00:00,NORMAL
154,17,236.46,12.3,12.63,0.33,2.99,0.9,57.17,75.26,2025-01-05 20:05:00,NORMAL
147,46,224.92,7.31,7.24,0.07,1.63,0.88,45.18,68.8,2025-01-05 20:10:00,NORMAL
181,36,238.15,7.54,7.32,0.22,1.74,0.74,36.41,70.58,2025-01-05 20:15:00,NORMAL
106,17,226.27,6.68,7.11,0.43,1.61,0.99,32.41,44.19,2025-01-05 20:20:00,NORMAL
173,49,217.51,9.23,9.21,0.02,2.0,0.87,55.78,53.98,2025-01-05 20:25:00,NORMAL
106,12,212.41,6.62,6.38,0.24,1.36,0.84,40.62,45.5,2025-01-05 20:30:00,NORMAL
132,20,234.84,6.79,6.36,0.43,1.49,0.82,36.84,34.09,2025-01-05 20:35:00,NORMAL
122,3,235.09,9.54,9.48,0.06,2.23,0.76,51.75,42.24,2025-01-05 20:40:00,NORMAL
184,43,239.7,10.63,10.26,0.37,2.46,0.99,34.31,89.71,2025-01-05 20:45:00,NORMAL
118,4,233.28,8.18,8.16,0.02,1.9,0.91,36.33,44.04,2025-01-05 20:50:00,NORMAL
118,17,192.43,10.72,9.88,0.84,1.9,0.87,45.6,39.56,2025-01-05 20:55:00,VOLTAGE_FAULT
135,37,235.03,10.22,9.75,0.47,2.29,0.89,38.0,71.81,2025-01-05 21:00:00,NORMAL
128,46,215.43,11.08,11.22,0.14,2.42,0.95,66.22,66.13,2025-01-05 21:05:00,NORMAL
159,42,211.32,7.92,7.97,0.05,1.68,0.89,53.0,74.76,2025-01-05 21:10:00,NORMAL
181,15,210.12,13.97,13.57,0.4,2.85,0.73,46.9,69.22,2025-01-05 21:15:00,NORMAL
101,33,209.2,7.72,7.78,0.06,1.63,0.91,66.07,43.38,2025-01-05 21:20:00,NORMAL
100,16,232.79,8.75,9.52,0.77,2.22,0.87,46.2,60.05,2025-01-05 21:25:00,NORMAL
146,11,222.69,11.03,10.68,0.35,2.38,0.99,61.23,40.6,2025-01-05 21:30:00,NORMAL
168,20,214.81,10.24,10.23,0.01,2.2,0.92,30.08,45.21,2025-01-05 21:35:00,NORMAL
119,38,230.23,11.69,11.15,0.54,2.57,0.8,35.52,89.22,2025-01-05 21:40:00,NORMAL
110,24,218.94,9.38,9.16,0.22,2.01,0.74,30.63,73.72,2025-01-05 21:45:00,NORMAL
101,16,239.81,7.55,7.03,0.52,1.69,0.84,52.57,76.97,2025-01-05 21:50:00,NORMAL
166,30,244.5,6.95,5.49,1.46,1.34,0.9,21.83,31.8,2025-01-05 21:55:00,LEAKAGE_WARNING
186,34,227.82,13.56,12.72,0.84,2.9,0.75,49.76,52.93,2025-01-05 22:00:00,NORMAL
111,1,243.77,9.39,9.37,0.02,2.28,0.89,37.59,63.31,2025-01-05 22:05:00,NORMAL
119,24,243.76,9.67,9.26,0.41,2.26,0.95,46.96,38.98,2025-01-05 22:10:00,NORMAL
104,24,230.85,13.6,13.34,0.26,3.08,0.75,44.71,80.91,2025-01-05 22:15:00,NORMAL
136,9,247.33,9.02,8.69,0.33,2.15,0.91,53.33,38.38,2025-01-05 22:20:00,NORMAL
137,22,223.78,10.05,10.63,0.58,2.38,0.72,78.54,68.19,2025-01-05 22:25:00,NORMAL
193,12,210.45,7.93,7.2,0.73,1.52,0.7,75.29,63.19,2025-01-05 22:30:00,NORMAL
108,17,214.46,7.38,8.33,0.95,1.79,0.71,57.25,80.96,2025-01-05 22:35:00,NORMAL
197,25,223.32,13.78,13.59,0.19,3.03,0.89,39.85,48.71,2025-01-05 22:40:00,NORMAL
152,28,235.34,13.81,14.49,0.68,3.41,0.99,47.83,47.05,2025-01-05 22:45:00,NORMAL
143,15,218.45,12.04,12.19,0.15,2.66,0.93,39.04,80.78,2025-01-05 22:50:00,NORMAL
198,30,223.24,11.98,11.68,0.3,2.61,0.78,33.96,43.28,2025-01-05 22:55:00,NORMAL
185,27,217.51,11.51,10.88,0.63,2.37,0.72,15.71,74.76,2025-01-05 23:00:00,NORMAL
123,22,223.47,8.52,7.81,0.71,1.75,0.88,41.58,41.47,2025-01-05 23:05:00,NORMAL
180,10,243.43,10.58,10.48,0.1,2.55,0.7,49.14,82.54,2025-01-05 23:10:00,NORMAL
173,31,233.58,8.99,8.29,0.7,1.94,0.94,54.17,80.34,2025-01-05 23:15:00,NORMAL
129,27,224.23,4.82,4.65,0.17,1.04,0.77,46.69,77.25,2025-01-05 23:20:00,NORMAL
158,12,242.2,12.24,12.4,0.16,3.0,0.79,34.59,59.49,2025-01-05 23:25:00,NORMAL
186,46,230.26,11.11,10.72,0.39,2.47,0.8,37.53,32.03,2025-01-05 23:30:00,NORMAL
195,31,231.34,7.37,7.63,0.26,1.77,0.93,58.85,37.95,2025-01-05 23:35:00,NORMAL
180,32,241.43,9.28,9.15,0.13,2.21,0.78,19.36,57.4,2025-01-05 23:40:00,NORMAL
180,32,226.57,12.1,12.14,0.04,2.75,0.79,37.36,32.62,2025-01-05 23:45:00,NORMAL
113,41,239.16,10.26,10.84,0.58,2.59,0.86,45.35,33.81,2025-01-05 23:50:00,NORMAL
108,45,238.45,6.6,6.24,0.36,1.49,0.84,38.85,37.53,2025-01-05 23:55:00,NORMAL
139,35,228.54,7.57,7.3,0.27,1.67,0.99,22.23,45.65,2025-01-06 00:00:00,NORMAL
165,46,216.04,13.71,12.93,0.78,2.79,0.78,59.02,74.96,2025-01-06 00:05:00,NORMAL
124,21,230.13,10.13,10.86,0.73,2.5,0.73,62.46,32.88,2025-01-06 00:10:00,NORMAL
172,10,241.37,12.12,12.28,0.16,2.96,0.86,30.19,89.02,2025-01-06 00:15:00,NORMAL
121,16,238.2,13.68,12.92,0.76,3.08,0.76,-3.12,46.43,2025-01-06 00:20:00,NORMAL
103,7,247.1,9.08,8.62,0.46,2.13,0.82,75.0,49.21,2025-01-06 00:25:00,NORMAL
125,4,225.1,10.7,10.14,0.56,2.28,0.76,38.76,44.87,2025-01-06 00:30:00,NORMAL
157,27,237.79,6.07,5.14,0.93,1.22,0.96,30.41,66.14,2025-01-06 00:35:00,NORMAL
128,25,219.94,8.79,8.97,0.18,1.97,0.8,43.33,31.17,2025-01-06 00:40:00,NORMAL
197,31,232.02,11.15,11.38,0.23,2.64,0.93,49.81,35.61,2025-01-06 00:45:00,NORMAL
186,11,241.05,9.62,8.99,0.63,2.17,0.98,35.57,35.93,2025-01-06 00:50:00,NORMAL
136,48,239.06,10.9,10.38,0.52,2.48,0.98,46.95,69.87,2025-01-06 00:55:00,NORMAL
174,20,231.03,11.86,11.72,0.14,2.71,0.86,43.21,49.77,2025-01-06 01:00:00,NORMAL
169,36,227.32,11.12,11.0,0.12,2.5,0.99,34.69,56.25,2025-01-06 01:05:00,NORMAL
117,17,220.05,10.66,10.95,0.29,2.41,0.9,20.5,87.0,2025-01-06 01:10:00,NORMAL
184,45,227.74,10.38,9.39,0.99,2.14,0.74,64.98,42.0,2025-01-06 01:15:00,NORMAL
141,11,216.9,8.86,7.65,1.21,1.66,0.97,53.47,34.21,2025-01-06 01:20:00,LEAKAGE_WARNING
199,30,226.57,8.15,7.39,0.76,1.67,0.84,33.48,56.49,2025-01-06 01:25:00,NORMAL
140,35,211.94,12.71,12.18,0.53,2.58,0.75,51.09,39.84,2025-01-06 01:30:00,NORMAL
137,41,216.81,11.58,11.09,0.49,2.4,0.94,31.96,38.68,2025-01-06 01:35:00,NORMAL
133,38,238.53,8.42,8.05,0.37,1.92,0.89,44.43,54.61,2025-01-06 01:40:00,NORMAL
116,22,237.41,10.13,10.81,0.68,2.57,0.96,53.9,70.18,2025-01-06 01:45:00,NORMAL
136,43,227.11,7.22,7.26,0.04,1.65,0.95,51.96,44.57,2025-01-06 01:50:00,NORMAL
124,48,230.65,9.04,8.43,0.61,1.94,0.8,38.9,82.56,2025-01-06 01:55:00,NORMAL
175,27,231.99,11.07,11.29,0.22,2.62,0.78,57.24,51.75,2025-01-06 02:00:00,NORMAL
186,37,234.6,10.52,10.24,0.28,2.4,0.92,45.16,86.04,2025-01-06 02:05:00,NORMAL
185,46,233.53,10.23,9.45,0.78,2.21,0.87,37.09,59.54,2025-01-06 02:10:00,NORMAL
184,49,216.63,8.23,7.44,0.79,1.61,0.72,70.13,73.6,2025-01-06 02:15:00,NORMAL
126,35,205.57,7.83,7.16,0.67,1.47,0.75,28.14,80.94,2025-01-06 02:20:00,NORMAL
156,4,219.83,11.9,11.56,0.34,2.54,0.75,51.0,61.78,2025-01-06 02:25:00,NORMAL
130,16,228.46,13.39,12.79,0.6,2.92,0.88,66.25,81.02,2025-01-06 02:30:00,NORMAL
105,16,239.6,11.1,11.02,0.08,2.64,0.73,19.47,52.68,2025-01-06 02:35:00,NORMAL
190,21,232.34,9.66,8.61,1.05,2.0,0.76,69.55,51.8,2025-01-06 02:40:00,LEAKAGE_WARNING
139,26,235.34,12.45,13.05,0.6,3.07,0.86,70.35,77.64,2025-01-06 02:45:00,NORMAL
197,36,221.03,8.32,8.09,0.23,1.79,0.74,37.97,44.48,2025-01-06 02:50:00,NORMAL
111,19,229.29,12.11,12.15,0.04,2.79,0.77,49.34,73.02,2025-01-06 02:55:00,NORMAL
152,17,230.65,8.81,8.27,0.54,1.91,0.97,33.95,34.63,2025-01-06 03:00:00,NORMAL
170,45,222.44,8.9,8.87,0.03,1.97,0.91,32.62,68.14,2025-01-06 03:05:00,NORMAL
109,26,219.3,9.33,7.92,1.41,1.74,0.79,28.02,86.51,2025-01-06 03:10:00,LEAKAGE_WARNING
144,22,227.73,9.8,9.14,0.66,2.08,0.96,70.41,57.39,2025-01-06 03:15:00,NORMAL
116,28,236.61,11.83,12.13,0.3,2.87,0.78,41.52,54.96,2025-01-06 03:20:00,NORMAL
125,1,220.95,7.39,8.52,1.13,1.88,0.88,24.21,62.43,2025-01-06 03:25:00,LEAKAGE_WARNING
184,44,227.92,8.79,9.16,0.37,2.09,0.81,60.58,73.17,2025-01-06 03:30:00,NORMAL
191,36,243.55,10.42,9.94,0.48,2.42,0.93,55.1,51.53,2025-01-06 03:35:00,NORMAL
161,43,224.81,11.12,11.05,0.07,2.48,0.81,50.64,30.01,2025-01-06 03:40:00,NORMAL
145,37,230.07,6.59,6.68,0.09,1.54,0.77,35.12,60.13,2025-01-06 03:45:00,NORMAL
163,2,228.94,8.42,8.58,0.16,1.96,0.88,38.95,55.16,2025-01-06 03:50:00,NORMAL
101,17,228.12,6.5,5.89,0.61,1.34,0.92,76.09,61.96,2025-01-06 03:55:00,NORMAL
153,40,246.68,8.6,8.57,0.03,2.11,0.86,50.78,72.92,2025-01-06 04:00:00,NORMAL
164,38,233.06,9.13,9.15,0.02,2.13,0.91,37.07,47.0,2025-01-06 04:05:00,NORMAL
150,21,214.3,11.01,10.31,0.7,2.21,0.83,56.15,60.32,2025-01-06 04:10:00,NORMAL
152,9,245.28,5.42,4.44,0.98,1.09,0.94,57.66,45.2,2025-01-06 04:15:00,NORMAL
135,13,232.75,11.31,11.67,0.36,2.72,0.88,72.2,57.56,2025-01-06 04:20:00,NORMAL
125,11,226.26,8.98,8.19,0.79,1.85,0.76,45.98,50.67,2025-01-06 04:25:00,NORMAL
128,16,243.49,9.32,9.18,0.14,2.24,0.97,55.99,52.14,2025-01-06 04:30:00,NORMAL
120,16,222.21,11.94,11.28,0.66,2.51,0.95,52.97,64.76,2025-01-06 04:35:00,NORMAL
110,2,247.16,12.69,12.16,0.53,3.01,0.99,34.28,71.38,2025-01-06 04:40:00,NORMAL
139,42,230.93,8.69,8.48,0.21,1.96,0.87,24.51,30.76,2025-01-06 04:45:00,NORMAL
110,44,240.06,8.68,8.45,0.23,2.03,0.9,54.32,82.6,2025-01-06 04:50:00,NORMAL
135,8,260.68,9.29,8.76,0.53,2.28,0.96,55.39,51.86,2025-01-06 04:55:00,VOLTAGE_FAULT
158,43,231.8,8.67,9.02,0.35,2.09,0.72,8.52,68.62,2025-01-06 05:00:00,NORMAL
138,42,229.03,7.13,7.5,0.37,1.72,0.97,52.95,37.34,2025-01-06 05:05:00,NORMAL
198,13,219.33,9.94,8.7,1.24,1.91,0.78,43.81,64.29,2025-01-06 05:10:00,LEAKAGE_WARNING
153,17,228.79,8.68,7.9,0.78,1.81,0.72,51.53,70.71,2025-01-06 05:15:00,NORMAL
197,39,219.64,10.2,9.5,0.7,2.09,0.77,37.78,39.45,2025-01-06 05:20:00,NORMAL
154,24,228.13,13.42,13.3,0.12,3.03,0.88,66.82,84.73,2025-01-06 05:25:00,NORMAL
123,3,258.95,9.79,10.41,0.62,2.7,0.71,60.45,75.45,2025-01-06 05:30:00,NORMAL
121,30,231.2,8.49,8.56,0.07,1.98,0.7,24.16,62.04,2025-01-06 05:35:00,NORMAL
168,13,224.46,9.46,9.05,0.41,2.03,0.89,30.31,39.96,2025-01-06 05:40:00,NORMAL
155,19,227.9,10.26,9.48,0.78,2.16,0.84,45.9,81.93,2025-01-06 05:45:00,NORMAL
132,7,225.88,9.67,9.26,0.41,2.09,0.95,35.72,34.12,2025-01-06 05:50:00,NORMAL
135,9,240.48,8.87,8.44,0.43,2.03,0.78,61.22,36.91,2025-01-06 05:55:00,NORMAL
119,19,229.1,6.69,6.58,0.11,1.51,0.78,29.82,71.89,2025-01-06 06:00:00,NORMAL
182,45,246.09,11.27,10.75,0.52,2.65,0.72,61.09,45.23,2025-01-06 06:05:00,NORMAL
198,40,226.84,8.21,8.46,0.25,1.92,0.86,8.59,57.56,2025-01-06 06:10:00,NORMAL
180,22,227.48,12.92,12.66,0.26,2.88,0.81,38.93,62.33,2025-01-06 06:15:00,NORMAL
161,18,221.03,9.26,9.17,0.09,2.03,0.8,65.83,57.49,2025-01-06 06:20:00,NORMAL
197,23,226.17,8.97,8.05,0.92,1.82,0.84,44.14,35.03,2025-01-06 06:25:00,NORMAL
172,2,212.66,9.06,10.29,1.23,2.19,0.95,45.42,74.25,2025-01-06 06:30:00,LEAKAGE_WARNING
125,11,208.7,10.3,10.18,0.12,2.12,0.73,56.67,44.4,2025-01-06 06:35:00,NORMAL
165,31,236.25,8.27,7.95,0.32,1.88,0.86,52.91,74.31,2025-01-06 06:40:00,NORMAL
172,33,212.55,8.65,9.38,0.73,1.99,0.76,43.32,81.92,2025-01-06 06:45:00,NORMAL
172,14,234.06,11.24,10.67,0.57,2.5,0.76,64.77,62.18,2025-01-06 06:50:00,NORMAL
139,16,225.0,7.96,7.83,0.13,1.76,0.78,46.94,72.38,2025-01-06 06:55:00,NORMAL
116,11,239.4,11.1,11.38,0.28,2.72,0.84,53.14,32.22,2025-01-06 07:00:00,NORMAL
100,33,212.77,11.65,10.94,0.71,2.33,0.85,59.18,32.2,2025-01-06 07:05:00,NORMAL
188,7,235.98,11.34,11.51,0.17,2.72,0.96,8.56,41.83,2025-01-06 07:10:00,NORMAL
160,31,233.32,10.47,9.87,0.6,2.3,0.97,34.21,51.5,2025-01-06 07:15:00,NORMAL
142,48,233.63,6.39,6.1,0.29,1.43,0.88,36.15,40.97,2025-01-06 07:20:00,NORMAL
141,46,241.24,7.58,7.58,0.0,1.83,0.78,54.88,68.1,2025-01-06 07:25:00,NORMAL
124,47,230.7,7.29,7.59,0.3,1.75,0.95,71.15,46.61,2025-01-06 07:30:00,NORMAL
138,14,205.52,9.24,9.4,0.16,1.93,0.94,17.01,80.75,2025-01-06 07:35:00,NORMAL
134,28,234.49,10.06,9.42,0.64,2.21,0.94,38.76,63.64,2025-01-06 07:40:00,NORMAL
102,43,233.2,7.62,6.84,0.78,1.6,0.7,61.41,52.68,2025-01-06 07:45:00,NORMAL
143,16,227.55,9.65,9.1,0.55,2.07,0.93,18.9,83.58,2025-01-06 07:50:00,NORMAL
150,19,221.58,11.37,11.18,0.19,2.48,0.96,50.75,79.7,2025-01-06 07:55:00,NORMAL
193,17,226.39,8.0,7.45,0.55,1.69,0.88,51.83,79.2,2025-01-06 08:00:00,NORMAL
197,26,244.58,8.36,8.0,0.36,1.96,0.93,53.06,73.7,2025-01-06 08:05:00,NORMAL
111,6,220.8,12.36,12.46,0.1,2.75,0.93,28.14,66.85,2025-01-06 08:10:00,NORMAL
118,43,212.6,8.15,8.41,0.26,1.79,0.85,44.39,52.01,2025-01-06 08:15:00,NORMAL
143,49,215.32,10.68,10.64,0.04,2.29,0.94,26.97,55.36,2025-01-06 08:20:00,NORMAL
158,9,229.65,12.48,12.6,0.12,2.89,0.94,61.61,68.83,2025-01-06 08:25:00,NORMAL
148,17,246.71,7.64,7.38,0.26,1.82,0.97,29.04,40.37,2025-01-06 08:30:00,NORMAL
160,31,252.05,7.79,6.79,1.0,1.71,0.98,45.56,79.67,2025-01-06 08:35:00,NORMAL
116,12,236.5,9.54,9.2,0.34,2.18,0.86,76.36,86.32,2025-01-06 08:40:00,NORMAL
173,23,220.19,10.14,9.21,0.93,2.03,0.71,61.92,35.88,2025-01-06 08:45:00,NORMAL
156,5,221.25,8.72,8.52,0.2,1.89,0.71,18.47,31.35,2025-01-06 08:50:00,NORMAL
154,43,238.76,13.94,13.82,0.12,3.3,0.98,40.44,38.56,2025-01-06 08:55:00,NORMAL
146,36,243.32,11.08,11.64,0.56,2.83,0.8,45.99,75.59,2025-01-06 09:00:00,NORMAL
111,36,223.58,8.39,7.87,0.52,1.76,0.81,42.15,36.47,2025-01-06 09:05:00,NORMAL
161,3,244.24,7.27,7.4,0.13,1.81,0.84,50.82,52.33,2025-01-06 09:10:00,NORMAL
179,24,227.7,9.87,10.1,0.23,2.3,0.78,54.23,33.79,2025-01-06 09:15:00,NORMAL
187,17,237.14,10.88,11.19,0.31,2.65,0.88,72.5,55.95,2025-01-06 09:20:00,NORMAL
182,39,241.45,13.68,13.3,0.38,3.21,0.94,37.99,66.23,2025-01-06 09:25:00,NORMAL
107,26,215.18,10.15,10.24,0.09,2.2,0.78,56.15,67.71,2025-01-06 09:30:00,NORMAL
194,4,234.51,9.51,8.49,1.02,1.99,0.92,42.27,61.13,2025-01-06 09:35:00,LEAKAGE_WARNING
120,45,244.29,8.05,7.29,0.76,1.78,0.9,68.53,86.29,2025-01-06 09:40:00,NORMAL
180,12,224.39,10.74,10.81,0.07,2.43,0.86,50.87,61.87,2025-01-06 09:45:00,NORMAL
186,1,219.43,12.03,13.02,0.99,2.86,0.8,45.61,81.55,2025-01-06 09:50:00,NORMAL
179,21,234.95,6.43,6.17,0.26,1.45,0.96,41.08,89.58,2025-01-06 09:55:00,NORMAL
169,19,231.33,10.15,10.11,0.04,2.34,0.82,31.95,43.78,2025-01-06 10:00:00,NORMAL
171,21,226.73,7.96,7.32,0.64,1.66,0.81,58.0,45.93,2025-01-06 10:05:00,NORMAL
124,18,229.98,7.28,7.07,0.21,1.63,0.89,32.69,61.31,2025-01-06 10:10:00,NORMAL
181,43,213.3,13.39,12.61,0.78,2.69,0.98,17.01,40.94,2025-01-06 10:15:00,NORMAL
188,3,234.04,11.77,11.32,0.45,2.65,0.85,30.59,63.85,2025-01-06 10:20:00,NORMAL
111,49,245.93,8.79,9.23,0.44,2.27,0.92,47.29,71.06,2025-01-06 10:25:00,NORMAL
114,44,222.85,9.68,9.85,0.17,2.2,0.84,26.67,33.62,2025-01-06 10:30:00,NORMAL
158,32,221.72,9.37,9.4,0.03,2.08,0.77,32.92,70.88,2025-01-06 10:35:00,NORMAL
125,10,231.73,7.75,7.63,0.12,1.77,0.74,16.64,39.57,2025-01-06 10:40:00,NORMAL
125,40,258.46,8.92,8.85,0.07,2.29,0.74,32.59,47.96,2025-01-06 10:45:00,NORMAL
146,15,241.0,11.57,11.01,0.56,2.65,0.71,70.68,74.33,2025-01-06 10:50:00,NORMAL
131,5,229.06,8.87,8.42,0.45,1.93,0.87,35.5,39.82,2025-01-06 10:55:00,NORMAL
109,4,230.4,10.93,10.94,0.01,2.52,0.74,43.38,61.9,2025-01-06 11:00:00,NORMAL
115,28,241.99,8.88,8.35,0.53,2.02,0.96,78.62,65.35,2025-01-06 11:05:00,NORMAL
170,4,220.91,7.63,8.02,0.39,1.77,0.99,49.97,39.86,2025-01-06 11:10:00,NORMAL
116,15,236.12,12.39,11.84,0.55,2.8,0.85,49.38,46.49,2025-01-06 11:15:00,NORMAL
122,17,218.83,5.74,5.11,0.63,1.12,0.83,30.68,66.39,2025-01-06 11:20:00,NORMAL
125,44,239.25,13.57,13.23,0.34,3.17,0.8,48.4,57.67,2025-01-06 11:25:00,NORMAL
184,3,227.06,12.0,11.54,0.46,2.62,0.89,70.98,69.6,2025-01-06 11:30:00,NORMAL
185,10,232.01,10.37,9.84,0.53,2.28,0.88,26.87,81.28,2025-01-06 11:35:00,NORMAL
106,47,226.41,9.11,8.39,0.72,1.9,0.8,42.21,38.1,2025-01-06 11:40:00,NORMAL
113,42,236.99,9.26,8.69,0.57,2.06,0.8,27.39,34.24,2025-01-06 11:45:00,NORMAL
178,23,228.25,10.4,9.6,0.8,2.19,0.89,69.25,70.0,2025-01-06 11:50:00,NORMAL
106,18,251.58,10.37,10.96,0.59,2.76,0.87,27.3,76.24,2025-01-06 11:55:00,NORMAL
108,1,244.19,8.08,7.81,0.27,1.91,0.92,34.44,56.96,2025-01-06 12:00:00,NORMAL
147,35,216.96,10.14,9.96,0.18,2.16,0.98,27.61,53.63,2025-01-06 12:05:00,NORMAL
171,31,231.91,10.52,10.24,0.28,2.37,0.93,24.26,65.81,2025-01-06 12:10:00,NORMAL
158,44,237.35,9.4,8.75,0.65,2.08,0.79,46.38,63.09,2025-01-06 12:15:00,NORMAL
186,1,225.42,14.48,14.22,0.26,3.21,0.93,39.75,59.41,2025-01-06 12:20:00,NORMAL
192,3,242.12,9.73,9.49,0.24,2.3,0.84,50.26,79.12,2025-01-06 12:25:00,NORMAL
181,3,240.95,6.47,6.04,0.43,1.46,0.93,54.32,40.41,2025-01-06 12:30:00,NORMAL
194,37,229.16,7.98,8.53,0.55,1.95,0.97,19.78,70.87,2025-01-06 12:35:00,NORMAL
193,19,239.81,11.41,10.43,0.98,2.5,0.77,49.53,74.48,2025-01-06 12:40:00,NORMAL
138,29,205.89,8.56,8.41,0.15,1.73,0.77,31.31,84.08,2025-01-06 12:45:00,NORMAL
198,25,243.58,8.01,7.07,0.94,1.72,0.83,47.16,86.71,2025-01-06 12:50:00,NORMAL
117,33,238.87,12.79,13.02,0.23,3.11,0.72,50.01,60.47,2025-01-06 12:55:00,NORMAL
158,36,219.12,10.34,10.6,0.26,2.32,0.91,41.12,56.02,2025-01-06 13:00:00,NORMAL
116,29,232.52,8.8,8.71,0.09,2.03,0.92,64.75,60.23,2025-01-06 13:05:00,NORMAL
113,26,209.74,4.46,4.24,0.22,0.89,0.8,23.51,73.95,2025-01-06 13:10:00,NORMAL
130,4,222.37,11.24,11.29,0.05,2.51,0.84,28.11,31.03,2025-01-06 13:15:00,NORMAL
123,49,240.96,10.03,10.23,0.2,2.47,0.88,48.66,40.45,2025-01-06 13:20:00,NORMAL
198,14,229.87,12.6,12.21,0.39,2.81,0.72,76.68,84.46,2025-01-06 13:25:00,NORMAL
159,27,229.32,7.81,6.89,0.92,1.58,0.91,30.88,41.73,2025-01-06 13:30:00,NORMAL
144,33,230.45,9.25,8.22,1.03,1.89,0.86,44.02,43.71,2025-01-06 13:35:00,LEAKAGE_WARNING
197,22,229.29,10.6,10.55,0.05,2.42,0.89,62.86,86.37,2025-01-06 13:40:00,NORMAL
102,48,239.87,12.51,12.85,0.34,3.08,0.92,58.74,47.66,2025-01-06 13:45:00,NORMAL
136,3,223.81,10.52,10.45,0.07,2.34,0.9,54.23,47.43,2025-01-06 13:50:00,NORMAL
142,23,234.19,8.59,7.53,1.06,1.76,0.73,34.21,85.42,2025-01-06 13:55:00,LEAKAGE_WARNING
139,21,218.55,12.6,11.89,0.71,2.6,0.93,44.62,52.5,2025-01-06 14:00:00,NORMAL
189,41,237.41,9.38,8.99,0.39,2.13,0.88,45.44,59.64,2025-01-06 14:05:00,NORMAL
154,23,226.79,10.36,10.39,0.03,2.36,0.91,60.65,63.62,2025-01-06 14:10:00,NORMAL
186,4,229.59,11.5,10.84,0.66,2.49,0.78,43.01,82.1,2025-01-06 14:15:00,NORMAL
138,21,226.38,13.13,11.8,1.33,2.67,0.77,65.34,34.65,2025-01-06 14:20:00,LEAKAGE_WARNING
114,37,227.64,10.74,10.61,0.13,2.42,0.95,44.18,45.65,2025-01-06 14:25:00,NORMAL
103,43,219.95,15.17,15.96,0.79,3.51,0.82,47.09,65.22,2025-01-06 14:30:00,NORMAL
192,31,233.29,9.82,10.13,0.31,2.36,0.87,43.08,56.08,2025-01-06 14:35:00,NORMAL
185,21,235.55,10.59,10.36,0.23,2.44,0.87,42.34,46.7,2025-01-06 14:40:00,NORMAL
124,26,216.69,8.76,8.64,0.12,1.87,0.88,43.93,54.58,2025-01-06 14:45:00,NORMAL
112,41,224.04,10.65,9.77,0.88,2.19,0.72,45.52,87.97,2025-01-06 14:50:00,NORMAL
181,35,230.3,10.59,10.69,0.1,2.46,0.79,20.68,31.26,2025-01-06 14:55:00,NORMAL
132,38,224.01,12.09,11.98,0.11,2.68,0.72,40.8,38.82,2025-01-06 15:00:00,NORMAL
115,24,227.77,10.89,11.01,0.12,2.51,0.84,70.33,31.12,2025-01-06 15:05:00,NORMAL
141,11,246.16,8.95,8.36,0.59,2.06,0.97,17.8,65.6,2025-01-06 15:10:00,NORMAL
165,41,219.82,10.51,10.74,0.23,2.36,0.82,41.33,30.78,2025-01-06 15:15:00,NORMAL
154,29,206.88,8.66,8.58,0.08,1.78,0.93,36.58,57.24,2025-01-06 15:20:00,NORMAL
198,47,224.01,11.1,11.66,0.56,2.61,0.79,49.9,81.55,2025-01-06 15:25:00,NORMAL
141,3,226.72,8.88,8.94,0.06,2.03,0.96,52.65,35.83,2025-01-06 15:30:00,NORMAL
133,1,225.1,7.2,6.17,1.03,1.39,0.83,47.19,51.91,2025-01-06 15:35:00,LEAKAGE_WARNING
129,19,232.69,7.74,6.65,1.09,1.55,0.81,14.81,52.68,2025-01-06 15:40:00,LEAKAGE_WARNING
112,46,219.72,7.65,7.11,0.54,1.56,0.91,14.58,51.74,2025-01-06 15:45:00,NORMAL
112,49,218.25,8.94,8.52,0.42,1.86,0.85,5.04,73.65,2025-01-06 15:50:00,NORMAL
117,22,223.26,8.31,8.42,0.11,1.88,0.8,42.96,30.26,2025-01-06 15:55:00,NORMAL
131,14,223.46,9.96,9.66,0.3,2.16,0.72,20.35,76.8,2025-01-06 16:00:00,NORMAL
195,49,251.21,9.22,8.94,0.28,2.25,0.75,9.78,80.34,2025-01-06 16:05:00,NORMAL
198,14,245.52,11.03,10.82,0.21,2.66,0.93,31.2,55.89,2025-01-06 16:10:00,NORMAL
138,44,213.3,10.77,10.17,0.6,2.17,0.98,34.76,83.23,2025-01-06 16:15:00,NORMAL
145,16,210.7,9.35,9.62,0.27,2.03,0.75,43.77,52.86,2025-01-06 16:20:00,NORMAL
128,33,229.14,12.48,11.0,1.48,2.52,0.87,45.11,71.68,2025-01-06 16:25:00,LEAKAGE_WARNING
161,13,249.12,8.15,7.14,1.01,1.78,0.71,45.91,53.33,2025-01-06 16:30:00,LEAKAGE_WARNING
192,38,236.66,12.01,12.22,0.21,2.89,0.79,57.3,32.27,2025-01-06 16:35:00,NORMAL
161,49,229.67,10.31,10.06,0.25,2.31,0.83,40.6,35.01,2025-01-06 16:40:00,NORMAL
156,12,225.44,9.21,9.31,0.1,2.1,0.92,56.23,56.52,2025-01-06 16:45:00,NORMAL
115,38,240.77,12.26,11.74,0.52,2.83,0.71,39.75,89.41,2025-01-06 16:50:00,NORMAL
155,39,231.78,11.11,10.95,0.16,2.54,0.93,39.03,40.65,2025-01-06 16:55:00,NORMAL
109,33,247.32,7.85,8.59,0.74,2.12,0.76,36.43,83.73,2025-01-06 17:00:00,NORMAL
129,33,213.12,10.73,10.99,0.26,2.34,0.93,44.45,85.16,2025-01-06 17:05:00,NORMAL
124,29,234.24,10.73,9.87,0.86,2.31,0.89,54.9,54.58,2025-01-06 17:10:00,NORMAL
183,5,224.37,12.01,11.92,0.09,2.67,0.8,54.6,57.71,2025-01-06 17:15:00,NORMAL
104,6,234.14,11.17,11.08,0.09,2.59,0.92,54.14,60.17,2025-01-06 17:20:00,NORMAL
164,31,232.51,11.31,10.78,0.53,2.51,0.77,49.66,76.22,2025-01-06 17:25:00,NORMAL
193,16,235.1,9.12,8.45,0.67,1.99,0.77,27.71,37.42,2025-01-06 17:30:00,NORMAL
148,31,239.78,9.58,9.42,0.16,2.26,0.72,86.36,49.72,2025-01-06 17:35:00,OVERHEAT
102,25,243.9,9.5,10.38,0.88,2.53,0.82,25.0,40.24,2025-01-06 17:40:00,NORMAL
144,48,249.52,6.8,7.0,0.2,1.75,0.73,46.83,82.7,2025-01-06 17:45:00,NORMAL
113,46,230.16,12.57,13.44,0.87,3.09,0.83,89.97,34.23,2025-01-06 17:50:00,OVERHEAT
129,33,224.58,7.76,8.26,0.5,1.86,0.7,58.24,74.86,2025-01-06 17:55:00,NORMAL
167,13,217.74,10.54,10.3,0.24,2.24,0.75,34.5,56.38,2025-01-06 18:00:00,NORMAL
117,10,234.35,9.34,9.12,0.22,2.14,0.98,63.28,72.88,2025-01-06 18:05:00,NORMAL
161,24,238.35,9.52,8.68,0.84,2.07,0.94,47.93,83.39,2025-01-06 18:10:00,NORMAL
136,10,216.52,11.36,11.18,0.18,2.42,0.77,32.75,50.38,2025-01-06 18:15:00,NORMAL
124,41,241.45,8.44,8.68,0.24,2.1,0.92,48.27,43.62,2025-01-06 18:20:00,NORMAL
147,31,228.99,10.91,10.11,0.8,2.32,0.9,39.56,69.01,2025-01-06 18:25:00,NORMAL
164,13,217.44,10.93,9.85,1.08,2.14,0.75,41.78,89.85,2025-01-06 18:30:00,LEAKAGE_WARNING
152,3,221.52,8.45,7.79,0.66,1.73,0.81,45.64,73.77,2025-01-06 18:35:00,NORMAL
178,34,220.57,11.82,11.65,0.17,2.57,0.97,55.49,77.74,2025-01-06 18:40:00,NORMAL
172,49,220.75,12.73,12.68,0.05,2.8,0.92,58.52,67.79,2025-01-06 18:45:00,NORMAL
114,28,235.7,14.05,14.45,0.4,3.41,0.93,34.08,52.09,2025-01-06 18:50:00,NORMAL
148,19,238.64,9.48,9.68,0.2,2.31,0.87,50.4,69.28,2025-01-06 18:55:00,NORMAL
187,23,246.99,10.38,10.4,0.02,2.57,0.9,40.99,37.71,2025-01-06 19:00:00,NORMAL
167,45,223.02,10.5,10.96,0.46,2.44,0.85,56.51,59.33,2025-01-06 19:05:00,NORMAL
111,32,233.43,11.33,11.3,0.03,2.64,0.92,29.68,64.38,2025-01-06 19:10:00,NORMAL
158,13,223.53,13.5,13.44,0.06,3.0,0.92,44.69,84.4,2025-01-06 19:15:00,NORMAL
136,33,230.2,10.97,10.13,0.84,2.33,0.71,17.56,85.18,2025-01-06 19:20:00,NORMAL
160,34,215.2,11.03,11.64,0.61,2.5,0.89,55.56,33.61,2025-01-06 19:25:00,NORMAL
142,33,218.77,7.81,7.52,0.29,1.65,0.89,72.02,67.91,2025-01-06 19:30:00,NORMAL
169,5,238.03,14.1,14.58,0.48,3.47,0.72,68.2,77.78,2025-01-06 19:35:00,NORMAL
138,3,215.17,9.05,9.83,0.78,2.12,0.82,57.56,62.19,2025-01-06 19:40:00,NORMAL
155,7,236.15,4.68,4.73,0.05,1.12,0.97,53.62,35.74,2025-01-06 19:45:00,NORMAL
162,24,223.24,5.45,5.24,0.21,1.17,0.99,75.99,43.96,2025-01-06 19:50:00,NORMAL
145,22,210.74,10.65,9.81,0.84,2.07,0.93,36.65,48.82,2025-01-06 19:55:00,NORMAL
187,45,204.61,7.45,7.38,0.07,1.51,0.75,41.2,69.77,2025-01-06 20:00:00,NORMAL
110,23,244.63,10.11,10.18,0.07,2.49,0.81,66.19,33.93,2025-01-06 20:05:00,NORMAL
161,30,210.95,7.01,7.16,0.15,1.51,0.75,42.91,62.98,2025-01-06 20:10:00,NORMAL
176,18,229.36,10.61,10.67,0.06,2.45,0.9,31.12,36.54,2025-01-06 20:15:00,NORMAL
197,32,233.54,11.13,12.69,1.56,2.96,0.93,22.2,53.71,2025-01-06 20:20:00,LEAKAGE_WARNING
124,7,216.87,10.35,10.56,0.21,2.29,0.97,32.41,55.53,2025-01-06 20:25:00,NORMAL
170,33,224.46,8.61,8.01,0.6,1.8,0.96,71.37,57.11,2025-01-06 20:30:00,NORMAL
151,5,234.79,11.76,12.79,1.03,3.0,0.73,43.45,72.65,2025-01-06 20:35:00,LEAKAGE_WARNING
103,49,232.93,9.2,9.21,0.01,2.15,0.74,33.59,34.87,2025-01-06 20:40:00,NORMAL
158,28,225.39,9.62,9.56,0.06,2.15,0.97,43.67,46.09,2025-01-06 20:45:00,NORMAL
171,8,232.37,8.98,8.42,0.56,1.96,0.95,49.88,68.47,2025-01-06 20:50:00,NORMAL
119,15,228.98,9.46,9.2,0.26,2.11,0.84,17.12,86.61,2025-01-06 20:55:00,NORMAL
192,4,220.3,13.74,13.33,0.41,2.94,0.83,31.64,67.25,2025-01-06 21:00:00,NORMAL
162,34,242.0,9.99,10.16,0.17,2.46,0.87,22.69,83.0,2025-01-06 21:05:00,NORMAL
153,5,232.07,7.46,8.14,0.68,1.89,0.88,66.95,88.1,2025-01-06 21:10:00,NORMAL
173,33,211.58,8.08,8.15,0.07,1.72,0.78,43.23,83.03,2025-01-06 21:15:00,NORMAL
197,5,235.22,9.45,9.32,0.13,2.19,0.82,42.37,88.33,2025-01-06 21:20:00,NORMAL
156,38,223.84,8.41,7.63,0.78,1.71,0.89,42.3,76.62,2025-01-06 21:25:00,NORMAL
189,34,227.11,11.9,12.41,0.51,2.82,0.76,28.2,83.23,2025-01-06 21:30:00,NORMAL
140,26,230.08,7.17,5.93,1.24,1.36,1.0,52.77,59.49,2025-01-06 21:35:00,LEAKAGE_WARNING
102,1,222.07,9.76,9.47,0.29,2.1,0.78,72.53,50.73,2025-01-06 21:40:00,NORMAL
105,4,248.03,12.02,12.2,0.18,3.03,0.87,35.73,89.98,2025-01-06 21:45:00,NORMAL
104,39,215.07,8.74,8.95,0.21,1.92,0.87,58.32,35.87,2025-01-06 21:50:00,NORMAL
104,26,230.57,10.88,10.76,0.12,2.48,0.84,43.32,87.49,2025-01-06 21:55:00,NORMAL
153,33,233.81,9.92,9.75,0.17,2.28,0.77,33.55,55.85,2025-01-06 22:00:00,NORMAL
146,33,230.41,9.94,9.73,0.21,2.24,0.87,58.58,31.34,2025-01-06 22:05:00,NORMAL
186,8,228.09,11.02,10.5,0.52,2.39,0.73,20.68,78.18,2025-01-06 22:10:00,NORMAL
148,20,226.23,6.28,6.41,0.13,1.45,0.82,23.66,56.65,2025-01-06 22:15:00,NORMAL
108,16,221.97,12.41,12.16,0.25,2.7,0.77,71.51,77.92,2025-01-06 22:20:00,NORMAL
198,21,221.79,6.21,6.18,0.03,1.37,0.74,38.95,32.69,2025-01-06 22:25:00,NORMAL
119,45,241.59,12.27,11.25,1.02,2.72,0.98,62.87,88.45,2025-01-06 22:30:00,LEAKAGE_WARNING
160,26,225.58,10.87,11.57,0.7,2.61,0.91,43.24,70.26,2025-01-06 22:35:00,NORMAL
134,23,251.32,10.95,9.68,1.27,2.43,0.75,6.94,32.88,2025-01-06 22:40:00,LEAKAGE_WARNING
149,18,236.69,13.23,13.47,0.24,3.19,0.98,55.2,30.28,2025-01-06 22:45:00,NORMAL
181,31,203.32,12.37,12.71,0.34,2.58,0.76,50.52,65.64,2025-01-06 22:50:00,NORMAL
161,42,238.83,11.63,11.58,0.05,2.77,0.77,33.79,88.59,2025-01-06 22:55:00,NORMAL
116,12,229.47,9.41,9.1,0.31,2.09,0.74,61.44,61.44,2025-01-06 23:00:00,NORMAL
187,1,216.1,9.28,9.26,0.02,2.0,0.92,59.03,51.23,2025-01-06 23:05:00,NORMAL
102,42,243.04,11.68,11.18,0.5,2.72,0.87,33.67,86.34,2025-01-06 23:10:00,NORMAL
131,9,225.64,10.91,10.93,0.02,2.47,0.72,61.24,89.04,2025-01-06 23:15:00,NORMAL
198,3,224.79,10.6,10.72,0.12,2.41,0.71,48.3,77.07,2025-01-06 23:20:00,NORMAL
112,26,233.75,9.89,10.15,0.26,2.37,0.86,46.04,73.07,2025-01-06 23:25:00,NORMAL
188,9,241.43,9.18,8.35,0.83,2.02,0.9,33.94,30.12,2025-01-06 23:30:00,NORMAL
172,42,231.13,7.22,6.83,0.39,1.58,0.95,31.26,48.82,2025-01-06 23:35:00,NORMAL
167,16,230.42,11.29,11.67,0.38,2.69,0.84,66.28,85.51,2025-01-06 23:40:00,NORMAL
113,24,223.03,9.64,9.67,0.03,2.16,0.9,50.75,52.09,2025-01-06 23:45:00,NORMAL
197,14,241.26,9.51,9.97,0.46,2.41,0.92,59.16,50.07,2025-01-06 23:50:00,NORMAL
110,3,231.23,6.37,4.81,1.56,1.11,0.88,37.81,62.23,2025-01-06 23:55:00,LEAKAGE_WARNING
155,34,227.75,10.19,9.9,0.29,2.25,0.81,52.56,56.87,2025-01-07 00:00:00,NORMAL
166,33,226.5,7.27,8.06,0.79,1.83,0.74,39.77,81.53,2025-01-07 00:05:00,NORMAL
191,24,240.27,9.13,9.61,0.48,2.31,0.89,55.0,34.9,2025-01-07 00:10:00,NORMAL
128,9,227.38,11.59,12.02,0.43,2.73,0.93,23.96,69.52,2025-01-07 00:15:00,NORMAL
108,13,240.29,10.13,9.78,0.35,2.35,0.76,24.22,71.83,2025-01-07 00:20:00,NORMAL
166,2,225.28,9.79,10.44,0.65,2.35,0.85,28.41,82.81,2025-01-07 00:25:00,NORMAL
124,7,237.22,8.55,9.03,0.48,2.14,0.82,44.82,54.95,2025-01-07 00:30:00,NORMAL
197,48,232.07,8.9,8.83,0.07,2.05,0.76,11.72,47.7,2025-01-07 00:35:00,NORMAL
175,21,220.49,13.17,13.01,0.16,2.87,0.77,51.91,67.59,2025-01-07 00:40:00,NORMAL
141,19,229.13,11.56,11.64,0.08,2.67,0.77,54.2,73.5,2025-01-07 00:45:00,NORMAL
108,25,208.09,9.08,9.09,0.01,1.89,0.83,18.79,40.26,2025-01-07 00:50:00,NORMAL
178,47,222.56,9.79,10.31,0.52,2.29,0.82,38.91,39.49,2025-01-07 00:55:00,NORMAL
139,22,214.22,10.49,10.07,0.42,2.16,0.87,72.85,45.82,2025-01-07 01:00:00,NORMAL
124,11,249.98,10.88,11.68,0.8,2.92,0.73,38.41,44.88,2025-01-07 01:05:00,NORMAL
104,33,214.34,9.95,9.83,0.12,2.11,0.87,29.88,75.04,2025-01-07 01:10:00,NORMAL
110,32,255.86,6.46,5.37,1.09,1.37,0.71,39.37,61.84,2025-01-07 01:15:00,LEAKAGE_WARNING
158,21,235.14,9.94,9.92,0.02,2.33,0.78,62.58,62.87,2025-01-07 01:20:00,NORMAL
197,39,224.81,9.82,10.32,0.5,2.32,0.85,27.77,30.88,2025-01-07 01:25:00,NORMAL
187,20,238.06,14.11,13.97,0.14,3.33,0.91,53.29,89.66,2025-01-07 01:30:00,NORMAL
178,8,223.55,15.38,15.33,0.05,3.43,0.93,51.35,79.79,2025-01-07 01:35:00,NORMAL
137,42,215.9,11.28,10.99,0.29,2.37,0.71,44.84,56.62,2025-01-07 01:40:00,NORMAL
171,37,230.79,8.65,8.37,0.28,1.93,0.86,39.34,34.01,2025-01-07 01:45:00,NORMAL
104,9,237.0,11.36,10.68,0.68,2.53,0.81,58.91,71.66,2025-01-07 01:50:00,NORMAL
147,25,242.78,6.6,6.65,0.05,1.61,0.91,27.91,62.1,2025-01-07 01:55:00,NORMAL
189,25,234.98,8.93,9.15,0.22,2.15,0.79,51.05,70.65,2025-01-07 02:00:00,NORMAL
117,33,224.71,6.75,6.96,0.21,1.56,0.92,21.74,70.65,2025-01-07 02:05:00,NORMAL
169,2,243.86,11.1,11.23,0.13,2.74,0.88,59.47,39.28,2025-01-07 02:10:00,NORMAL
136,19,241.63,7.58,7.24,0.34,1.75,0.94,56.36,49.73,2025-01-07 02:15:00,NORMAL
159,46,232.69,9.43,9.92,0.49,2.31,1.0,38.74,31.07,2025-01-07 02:20:00,NORMAL
147,20,242.11,9.91,10.18,0.27,2.46,0.97,41.5,88.94,2025-01-07 02:25:00,NORMAL
176,42,251.85,9.94,9.71,0.23,2.45,0.88,52.17,78.39,2025-01-07 02:30:00,NORMAL
127,41,224.56,9.05,8.25,0.8,1.85,0.97,24.66,85.73,2025-01-07 02:35:00,NORMAL
168,42,221.0,10.67,10.91,0.24,2.41,0.75,40.53,32.65,2025-01-07 02:40:00,NORMAL
176,29,224.27,7.49,7.12,0.37,1.6,0.71,44.97,60.02,2025-01-07 02:45:00,NORMAL
180,6,216.5,13.48,13.38,0.1,2.9,0.86,19.4,74.85,2025-01-07 02:50:00,NORMAL
139,17,235.91,7.93,7.48,0.45,1.76,0.99,58.47,36.22,2025-01-07 02:55:00,NORMAL
144,25,213.9,10.08,9.85,0.23,2.11,0.91,76.2,76.63,2025-01-07 03:00:00,NORMAL
195,38,242.65,11.25,11.04,0.21,2.68,0.79,81.07,68.85,2025-01-07 03:05:00,OVERHEAT
161,4,223.28,11.37,9.89,1.48,2.21,0.9,15.73,89.1,2025-01-07 03:10:00,LEAKAGE_WARNING
192,30,243.59,11.55,9.89,1.66,2.41,0.71,62.41,38.45,2025-01-07 03:15:00,LEAKAGE_WARNING
157,20,204.43,6.81,6.74,0.07,1.38,0.84,35.53,67.76,2025-01-07 03:20:00,NORMAL
166,3,226.15,8.17,8.43,0.26,1.91,0.77,43.34,86.83,2025-01-07 03:25:00,NORMAL
155,23,217.07,10.27,9.95,0.32,2.16,0.71,30.27,74.62,2025-01-07 03:30:00,NORMAL
139,18,243.53,10.96,10.46,0.5,2.55,0.77,54.11,50.17,2025-01-07 03:35:00,NORMAL
197,26,246.79,12.51,11.65,0.86,2.88,0.92,7.46,37.16,2025-01-07 03:40:00,NORMAL
139,36,206.56,8.97,9.89,0.92,2.04,0.87,27.0,87.83,2025-01-07 03:45:00,NORMAL
190,8,238.66,8.19,8.2,0.01,1.96,0.71,11.12,34.31,2025-01-07 03:50:00,NORMAL
176,17,240.69,8.91,8.96,0.05,2.16,0.82,36.33,88.51,2025-01-07 03:55:00,NORMAL
132,31,233.26,14.52,14.72,0.2,3.43,0.93,40.3,48.21,2025-01-07 04:00:00,NORMAL
105,37,235.88,13.0,13.55,0.55,3.2,0.99,21.39,81.62,2025-01-07 04:05:00,NORMAL
187,45,235.16,9.66,9.57,0.09,2.25,0.96,52.82,63.26,2025-01-07 04:10:00,NORMAL
118,33,238.7,12.57,12.02,0.55,2.87,0.7,51.5,84.76,2025-01-07 04:15:00,NORMAL
179,27,219.08,8.86,9.28,0.42,2.03,0.77,57.99,55.6,2025-01-07 04:20:00,NORMAL
139,45,242.0,11.91,11.67,0.24,2.82,0.76,66.09,80.99,2025-01-07 04:25:00,NORMAL
191,4,232.09,7.24,6.83,0.41,1.59,0.82,41.01,44.3,2025-01-07 04:30:00,NORMAL
196,22,231.49,10.71,9.69,1.02,2.24,0.89,48.34,58.0,2025-01-07 04:35:00,LEAKAGE_WARNING
158,26,235.67,12.04,11.52,0.52,2.71,0.75,29.66,80.78,2025-01-07 04:40:00,NORMAL
158,32,217.29,9.35,9.19,0.16,2.0,0.97,46.01,37.1,2025-01-07 04:45:00,NORMAL
147,24,214.47,11.23,10.87,0.36,2.33,0.93,46.69,73.72,2025-01-07 04:50:00,NORMAL
140,46,228.79,8.88,8.3,0.58,1.9,0.83,67.88,56.21,2025-01-07 04:55:00,NORMAL
112,35,245.44,10.61,10.35,0.26,2.54,0.88,53.04,60.79,2025-01-07 05:00:00,NORMAL
144,37,218.15,9.04,8.45,0.59,1.84,0.86,53.34,64.74,2025-01-07 05:05:00,NORMAL
188,32,231.75,11.64,11.61,0.03,2.69,0.87,40.47,46.54,2025-01-07 05:10:00,NORMAL
152,7,222.83,7.47,6.67,0.8,1.49,0.96,-4.0,35.78,2025-01-07 05:15:00,NORMAL
141,33,221.49,7.97,8.02,0.05,1.78,0.76,45.36,31.12,2025-01-07 05:20:00,NORMAL
199,31,235.01,12.61,12.75,0.14,3.0,0.91,37.85,55.86,2025-01-07 05:25:00,NORMAL
162,12,237.59,5.08,5.11,0.03,1.21,0.73,28.32,46.13,2025-01-07 05:30:00,NORMAL
126,11,222.12,8.72,9.01,0.29,2.0,0.84,56.11,67.98,2025-01-07 05:35:00,NORMAL
137,24,243.87,9.72,9.14,0.58,2.23,0.89,59.81,72.96,2025-01-07 05:40:00,NORMAL
159,8,234.23,10.71,11.3,0.59,2.65,0.7,29.9,60.22,2025-01-07 05:45:00,NORMAL
106,32,227.58,9.04,9.06,0.02,2.06,0.73,45.57,67.14,2025-01-07 05:50:00,NORMAL
104,38,233.48,7.75,7.39,0.36,1.73,0.73,43.38,63.64,2025-01-07 05:55:00,NORMAL
144,22,250.36,12.45,12.24,0.21,3.06,0.81,62.04,30.27,2025-01-07 06:00:00,NORMAL
157,34,237.54,12.11,11.93,0.18,2.83,0.89,51.56,80.5,2025-01-07 06:05:00,NORMAL
130,19,223.01,9.24,9.11,0.13,2.03,1.0,55.69,33.57,2025-01-07 06:10:00,NORMAL
122,20,229.81,6.42,6.14,0.28,1.41,0.78,39.47,54.62,2025-01-07 06:15:00,NORMAL
141,14,231.31,10.61,10.91,0.3,2.52,0.74,51.2,36.66,2025-01-07 06:20:00,NORMAL
109,33,236.65,10.36,10.4,0.04,2.46,0.82,58.08,69.74,2025-01-07 06:25:00,NORMAL
131,10,232.4,8.67,8.6,0.07,2.0,0.74,79.74,49.54,2025-01-07 06:30:00,NORMAL
152,16,248.95,6.09,5.66,0.43,1.41,0.71,36.88,34.27,2025-01-07 06:35:00,NORMAL
129,4,227.73,9.46,8.79,0.67,2.0,0.87,39.52,32.72,2025-01-07 06:40:00,NORMAL
138,27,212.7,11.53,11.4,0.13,2.42,0.96,33.92,44.23,2025-01-07 06:45:00,NORMAL
130,28,232.15,11.83,11.26,0.57,2.61,0.96,38.29,70.04,2025-01-07 06:50:00,NORMAL
181,43,225.59,9.91,9.67,0.24,2.18,0.73,65.73,73.09,2025-01-07 06:55:00,NORMAL
199,16,214.96,8.75,8.59,0.16,1.85,0.74,32.57,37.71,2025-01-07 07:00:00,NORMAL
101,33,222.96,11.47,10.88,0.59,2.43,0.85,50.85,38.35,2025-01-07 07:05:00,NORMAL
177,48,226.42,7.73,8.25,0.52,1.87,0.81,59.97,65.59,2025-01-07 07:10:00,NORMAL
176,19,241.4,7.29,6.87,0.42,1.66,0.91,62.99,87.44,2025-01-07 07:15:00,NORMAL
192,21,215.17,9.82,9.96,0.14,2.14,0.85,66.82,63.17,2025-01-07 07:20:00,NORMAL
111,22,233.5,13.09,12.37,0.72,2.89,0.71,52.06,72.7,2025-01-07 07:25:00,NORMAL
138,9,252.2,13.17,13.3,0.13,3.35,0.79,50.59,64.52,2025-01-07 07:30:00,NORMAL
165,9,228.25,7.36,7.32,0.04,1.67,0.97,36.48,36.29,2025-01-07 07:35:00,NORMAL
195,9,227.96,9.13,9.71,0.58,2.21,0.85,15.46,86.79,2025-01-07 07:40:00,NORMAL
112,27,237.2,14.87,14.49,0.38,3.44,0.94,36.07,34.32,2025-01-07 07:45:00,NORMAL
145,17,235.22,8.62,8.63,0.01,2.03,0.82,47.39,75.59,2025-01-07 07:50:00,NORMAL
126,44,244.18,13.24,13.31,0.07,3.25,0.9,60.2,88.76,2025-01-07 07:55:00,NORMAL
116,45,228.33,11.95,11.74,0.21,2.68,0.75,67.52,49.14,2025-01-07 08:00:00,NORMAL
194,8,237.02,12.38,13.01,0.63,3.08,0.92,45.1,40.3,2025-01-07 08:05:00,NORMAL
197,16,237.18,9.11,9.26,0.15,2.2,0.94,61.87,63.97,2025-01-07 08:10:00,NORMAL
159,18,226.64,9.17,9.06,0.11,2.05,0.73,47.51,77.7,2025-01-07 08:15:00,NORMAL
163,33,228.86,8.18,7.25,0.93,1.66,0.75,48.12,86.97,2025-01-07 08:20:00,NORMAL
187,1,229.89,11.6,11.31,0.29,2.6,0.84,40.51,71.62,2025-01-07 08:25:00,NORMAL
134,12,217.62,6.73,6.33,0.4,1.38,0.89,37.87,50.15,2025-01-07 08:30:00,NORMAL
169,6,226.11,9.67,9.44,0.23,2.13,0.89,36.27,59.66,2025-01-07 08:35:00,NORMAL
182,41,244.96,13.27,11.37,1.9,2.79,0.9,36.75,75.67,2025-01-07 08:40:00,LEAKAGE_WARNING
129,5,240.38,11.19,10.54,0.65,2.53,0.91,34.88,77.28,2025-01-07 08:45:00,NORMAL
170,16,224.2,12.01,12.83,0.82,2.88,0.85,57.75,34.47,2025-01-07 08:50:00,NORMAL
173,18,229.84,6.71,6.4,0.31,1.47,0.87,64.03,66.82,2025-01-07 08:55:00,NORMAL
195,49,239.71,8.01,7.26,0.75,1.74,0.7,33.61,88.04,2025-01-07 09:00:00,NORMAL
197,18,234.43,12.37,12.9,0.53,3.02,0.75,31.61,77.12,2025-01-07 09:05:00,NORMAL
162,1,238.0,10.25,10.0,0.25,2.38,0.85,42.2,30.44,2025-01-07 09:10:00,NORMAL
127,19,235.34,7.92,7.99,0.07,1.88,0.92,31.91,43.5,2025-01-07 09:15:00,NORMAL
159,8,232.15,11.25,11.48,0.23,2.67,0.94,29.74,56.7,2025-01-07 09:20:00,NORMAL
178,3,228.34,8.93,8.06,0.87,1.84,0.92,39.77,72.38,2025-01-07 09:25:00,NORMAL
193,25,218.05,15.08,15.21,0.13,3.32,0.85,48.65,63.31,2025-01-07 09:30:00,NORMAL
136,5,236.92,11.2,11.33,0.13,2.68,0.78,48.47,34.64,2025-01-07 09:35:00,NORMAL
192,40,227.78,8.15,8.4,0.25,1.91,0.83,40.3,74.3,2025-01-07 09:40:00,NORMAL
121,19,213.52,11.76,12.1,0.34,2.58,0.7,37.13,80.32,2025-01-07 09:45:00,NORMAL
167,18,224.54,13.23,13.3,0.07,2.99,0.88,54.13,42.35,2025-01-07 09:50:00,NORMAL
119,31,238.52,9.99,10.09,0.1,2.41,0.72,50.83,34.05,2025-01-07 09:55:00,NORMAL
195,33,210.84,8.46,8.85,0.39,1.87,0.74,47.58,77.46,2025-01-07 10:00:00,NORMAL
199,47,219.7,10.09,9.9,0.19,2.18,0.89,36.54,68.43,2025-01-07 10:05:00,NORMAL
167,18,231.37,8.77,9.83,1.06,2.27,0.7,65.0,78.21,2025-01-07 10:10:00,LEAKAGE_WARNING
190,39,244.06,9.48,9.23,0.25,2.25,0.87,25.34,64.0,2025-01-07 10:15:00,NORMAL
163,16,240.0,7.22,6.53,0.69,1.57,0.89,36.61,55.71,2025-01-07 10:20:00,NORMAL
116,16,245.02,11.75,11.82,0.07,2.9,0.94,30.2,87.78,2025-01-07 10:25:00,NORMAL
111,47,232.08,7.7,7.32,0.38,1.7,0.72,45.03,76.8,2025-01-07 10:30:00,NORMAL
121,38,227.91,11.22,11.15,0.07,2.54,0.7,34.99,54.71,2025-01-07 10:35:00,NORMAL
116,41,238.43,9.39,8.01,1.38,1.91,0.93,46.41,84.45,2025-01-07 10:40:00,LEAKAGE_WARNING
109,7,221.01,10.45,9.76,0.69,2.16,0.79,52.85,89.61,2025-01-07 10:45:00,NORMAL
164,14,220.23,9.05,9.28,0.23,2.04,0.97,63.97,48.49,2025-01-07 10:50:00,NORMAL
121,43,218.45,10.39,9.54,0.85,2.08,0.76,48.22,83.55,2025-01-07 10:55:00,NORMAL
189,48,240.89,10.87,9.46,1.41,2.28,0.88,47.99,32.72,2025-01-07 11:00:00,LEAKAGE_WARNING
181,25,221.65,9.3,9.21,0.09,2.04,0.73,51.45,42.86,2025-01-07 11:05:00,NORMAL
149,32,240.01,6.54,6.1,0.44,1.46,0.82,10.73,39.65,2025-01-07 11:10:00,NORMAL
113,38,231.48,10.67,9.96,0.71,2.31,0.96,45.86,51.4,2025-01-07 11:15:00,NORMAL
163,22,241.02,10.78,11.14,0.36,2.68,0.88,28.39,63.76,2025-01-07 11:20:00,NORMAL
146,16,218.95,7.13,7.85,0.72,1.72,0.91,35.26,73.2,2025-01-07 11:25:00,NORMAL
128,29,223.74,8.04,7.76,0.28,1.74,0.77,43.2,84.17,2025-01-07 11:30:00,NORMAL
175,16,234.54,9.3,9.51,0.21,2.23,0.98,59.29,39.51,2025-01-07 11:35:00,NORMAL
135,12,225.69,5.41,5.32,0.09,1.2,0.89,18.49,64.7,2025-01-07 11:40:00,NORMAL
198,17,205.07,11.42,10.71,0.71,2.2,0.73,48.59,63.28,2025-01-07 11:45:00,NORMAL
151,37,216.28,9.02,8.54,0.48,1.85,0.7,46.55,57.51,2025-01-07 11:50:00,NORMAL
175,27,218.87,10.58,10.1,0.48,2.21,0.7,51.47,71.67,2025-01-07 11:55:00,NORMAL
106,25,219.61,7.88,7.74,0.14,1.7,0.72,78.55,60.8,2025-01-07 12:00:00,NORMAL
128,13,236.82,14.03,14.15,0.12,3.35,0.97,68.35,63.01,2025-01-07 12:05:00,NORMAL
110,8,233.37,7.16,7.31,0.15,1.71,0.81,49.37,84.2,2025-01-07 12:10:00,NORMAL
132,5,231.62,9.0,7.93,1.07,1.84,0.79,53.41,81.62,2025-01-07 12:15:00,LEAKAGE_WARNING
105,12,250.09,12.4,11.07,1.33,2.77,0.82,44.45,64.64,2025-01-07 12:20:00,LEAKAGE_WARNING
178,41,241.75,7.7,6.96,0.74,1.68,0.82,56.39,39.37,2025-01-07 12:25:00,NORMAL
131,3,238.02,10.18,10.12,0.06,2.41,0.77,45.53,87.52,2025-01-07 12:30:00,NORMAL
150,35,215.05,11.25,11.61,0.36,2.5,0.73,51.41,67.36,2025-01-07 12:35:00,NORMAL
174,33,230.6,6.99,5.43,1.56,1.25,0.73,35.03,78.45,2025-01-07 12:40:00,LEAKAGE_WARNING
157,22,232.99,8.66,8.23,0.43,1.92,0.88,48.46,33.3,2025-01-07 12:45:00,NORMAL
186,44,225.85,10.38,9.96,0.42,2.25,0.82,65.43,83.81,2025-01-07 12:50:00,NORMAL
125,9,247.06,10.91,11.01,0.1,2.72,0.97,53.52,71.61,2025-01-07 12:55:00,NORMAL
197,41,230.51,8.36,7.82,0.54,1.8,0.84,46.75,71.13,2025-01-07 13:00:00,NORMAL
145,18,217.72,13.68,13.58,0.1,2.96,0.85,1.48,36.61,2025-01-07 13:05:00,NORMAL
197,29,220.03,10.96,11.29,0.33,2.48,0.98,50.75,72.77,2025-01-07 13:10:00,NORMAL
128,39,252.82,11.55,11.52,0.03,2.91,0.85,43.69,34.6,2025-01-07 13:15:00,NORMAL
103,27,225.8,11.44,11.04,0.4,2.49,0.85,28.9,33.35,2025-01-07 13:20:00,NORMAL
180,36,209.21,6.87,5.9,0.97,1.23,0.81,43.99,49.52,2025-01-07 13:25:00,NORMAL
198,45,224.01,9.77,10.36,0.59,2.32,0.91,44.06,31.39,2025-01-07 13:30:00,NORMAL
112,17,211.73,9.97,10.39,0.42,2.2,0.82,45.09,39.58,2025-01-07 13:35:00,NORMAL
138,34,239.17,9.49,9.5,0.01,2.27,0.88,56.17,73.57,2025-01-07 13:40:00,NORMAL
114,46,210.45,10.41,10.68,0.27,2.25,0.83,41.83,80.1,2025-01-07 13:45:00,NORMAL
128,3,215.98,5.79,5.59,0.2,1.21,0.86,41.32,40.77,2025-01-07 13:50:00,NORMAL
128,5,230.04,10.26,10.31,0.05,2.37,0.95,39.7,79.4,2025-01-07 13:55:00,NORMAL
174,14,241.09,9.39,9.13,0.26,2.2,0.82,48.67,58.83,2025-01-07 14:00:00,NORMAL
131,3,229.31,5.77,5.49,0.28,1.26,0.77,53.13,87.47,2025-01-07 14:05:00,NORMAL
101,23,217.42,10.84,11.32,0.48,2.46,0.87,64.34,38.36,2025-01-07 14:10:00,NORMAL
146,39,231.83,7.64,7.54,0.1,1.75,0.98,52.94,33.21,2025-01-07 14:15:00,NORMAL
177,30,225.32,9.24,9.44,0.2,2.13,0.91,61.15,80.7,2025-01-07 14:20:00,NORMAL
183,45,241.33,9.49,8.72,0.77,2.1,0.79,57.7,51.72,2025-01-07 14:25:00,NORMAL
121,23,238.55,6.31,6.45,0.14,1.54,0.99,47.29,57.43,2025-01-07 14:30:00,NORMAL
174,27,224.63,6.53,6.58,0.05,1.48,0.8,34.11,60.71,2025-01-07 14:35:00,NORMAL
126,10,237.8,11.09,11.34,0.25,2.7,0.99,51.06,79.51,2025-01-07 14:40:00,NORMAL
166,25,232.71,8.79,8.6,0.19,2.0,0.76,68.37,34.56,2025-01-07 14:45:00,NORMAL
180,13,243.67,9.21,9.09,0.12,2.21,1.0,61.3,63.07,2025-01-07 14:50:00,NORMAL
155,16,237.37,10.15,9.21,0.94,2.19,0.72,64.17,55.83,2025-01-07 14:55:00,NORMAL
191,41,235.47,6.48,6.3,0.18,1.48,0.91,17.34,50.42,2025-01-07 15:00:00,NORMAL
192,34,243.28,9.18,8.31,0.87,2.02,0.92,15.52,50.89,2025-01-07 15:05:00,NORMAL
120,37,230.15,9.78,8.81,0.97,2.03,0.9,37.73,85.82,2025-01-07 15:10:00,NORMAL
146,22,222.27,13.53,13.51,0.02,3.0,0.93,52.12,46.09,2025-01-07 15:15:00,NORMAL
179,17,232.01,8.16,8.05,0.11,1.87,0.84,39.38,57.28,2025-01-07 15:20:00,NORMAL
158,23,226.45,11.58,11.67,0.09,2.64,0.72,42.0,59.57,2025-01-07 15:25:00,NORMAL
183,36,236.04,10.0,10.41,0.41,2.46,0.81,22.8,73.19,2025-01-07 15:30:00,NORMAL
105,49,230.62,7.73,6.35,1.38,1.46,0.89,35.89,61.14,2025-01-07 15:35:00,LEAKAGE_WARNING
118,9,234.03,8.73,8.81,0.08,2.06,0.89,31.67,67.27,2025-01-07 15:40:00,NORMAL
156,2,217.96,11.73,11.98,0.25,2.61,0.76,32.15,53.93,2025-01-07 15:45:00,NORMAL
168,32,235.08,11.55,11.88,0.33,2.79,0.78,33.96,73.12,2025-01-07 15:50:00,NORMAL
102,22,217.15,8.96,9.07,0.11,1.97,0.85,28.55,57.95,2025-01-07 15:55:00,NORMAL
100,43,239.62,10.69,10.64,0.05,2.55,0.92,9.05,43.36,2025-01-07 16:00:00,NORMAL
157,13,239.63,7.93,7.11,0.82,1.7,0.96,66.17,79.02,2025-01-07 16:05:00,NORMAL
137,8,233.48,9.65,8.54,1.11,1.99,0.73,43.25,75.93,2025-01-07 16:10:00,LEAKAGE_WARNING
114,1,233.1,9.14,9.98,0.84,2.33,0.98,34.69,67.65,2025-01-07 16:15:00,NORMAL
133,17,227.76,11.86,10.87,0.99,2.48,0.98,42.85,61.32,2025-01-07 16:20:00,NORMAL
160,12,223.97,10.93,9.89,1.04,2.22,0.7,50.0,42.51,2025-01-07 16:25:00,LEAKAGE_WARNING
134,4,229.85,8.65,8.76,0.11,2.01,0.85,46.7,82.1,2025-01-07 16:30:00,NORMAL
163,13,249.83,8.85,9.11,0.26,2.28,0.88,33.97,35.83,2025-01-07 16:35:00,NORMAL
124,31,232.29,9.94,9.48,0.46,2.2,0.87,59.9,52.99,2025-01-07 16:40:00,NORMAL
123,41,216.54,9.68,9.8,0.12,2.12,0.88,36.08,81.15,2025-01-07 16:45:00,NORMAL
111,7,212.92,9.44,8.49,0.95,1.81,0.85,41.51,65.73,2025-01-07 16:50:00,NORMAL
117,23,215.62,9.3,8.85,0.45,1.91,0.79,70.85,56.32,2025-01-07 16:55:00,NORMAL
114,24,226.22,12.76,12.94,0.18,2.93,0.73,75.9,77.48,2025-01-07 17:00:00,NORMAL
179,5,242.66,9.1,8.75,0.35,2.12,0.76,62.22,89.37,2025-01-07 17:05:00,NORMAL
126,5,219.77,10.6,10.36,0.24,2.28,0.92,34.97,41.33,2025-01-07 17:10:00,NORMAL
171,17,244.22,14.85,15.61,0.76,3.81,0.77,38.62,33.04,2025-01-07 17:15:00,NORMAL
159,30,231.79,8.31,8.6,0.29,1.99,0.95,33.31,57.78,2025-01-07 17:20:00,NORMAL
145,9,234.83,10.39,10.52,0.13,2.47,0.82,41.44,47.24,2025-01-07 17:25:00,NORMAL
188,6,234.56,10.49,10.1,0.39,2.37,0.82,53.01,70.01,2025-01-07 17:30:00,NORMAL
116,25,235.91,9.98,9.5,0.48,2.24,0.96,16.8,59.66,2025-01-07 17:35:00,NORMAL
192,19,225.89,10.08,9.28,0.8,2.1,0.76,29.48,59.94,2025-01-07 17:40:00,NORMAL
152,16,206.66,8.24,8.39,0.15,1.73,0.76,46.64,51.3,2025-01-07 17:45:00,NORMAL
107,21,224.12,10.72,11.26,0.54,2.52,1.0,43.56,42.64,2025-01-07 17:50:00,NORMAL
178,2,221.12,6.33,6.55,0.22,1.45,0.86,38.28,42.81,2025-01-07 17:55:00,NORMAL
126,10,233.11,13.6,13.75,0.15,3.21,0.76,24.05,53.22,2025-01-07 18:00:00,NORMAL
145,16,232.19,13.43,13.63,0.2,3.16,0.75,36.06,70.91,2025-01-07 18:05:00,NORMAL
149,37,227.28,9.34,9.15,0.19,2.08,0.96,37.73,50.23,2025-01-07 18:10:00,NORMAL
170,15,247.56,12.1,11.55,0.55,2.86,0.88,25.04,49.56,2025-01-07 18:15:00,NORMAL
102,13,223.59,9.41,9.42,0.01,2.11,0.73,32.47,55.5,2025-01-07 18:20:00,NORMAL
192,13,207.74,10.02,9.57,0.45,1.99,0.97,42.08,89.45,2025-01-07 18:25:00,NORMAL
163,32,231.19,8.64,7.95,0.69,1.84,0.83,52.09,35.47,2025-01-07 18:30:00,NORMAL
143,45,241.89,11.64,11.45,0.19,2.77,1.0,58.72,47.68,2025-01-07 18:35:00,NORMAL
152,47,232.87,8.84,9.21,0.37,2.14,0.78,29.29,47.52,2025-01-07 18:40:00,NORMAL
123,46,226.43,11.57,11.51,0.06,2.61,0.86,39.75,88.47,2025-01-07 18:45:00,NORMAL
159,8,232.4,9.92,9.21,0.71,2.14,0.75,41.31,54.43,2025-01-07 18:50:00,NORMAL
102,43,248.39,9.97,9.45,0.52,2.35,0.83,42.03,64.02,2025-01-07 18:55:00,NORMAL
119,18,221.25,7.02,7.35,0.33,1.63,0.75,41.0,41.89,2025-01-07 19:00:00,NORMAL
145,36,230.31,10.12,9.33,0.79,2.15,0.79,27.44,30.76,2025-01-07 19:05:00,NORMAL
114,26,236.7,7.71,7.68,0.03,1.82,0.78,52.12,50.36,2025-01-07 19:10:00,NORMAL
124,10,232.54,10.12,10.46,0.34,2.43,0.78,40.29,68.34,2025-01-07 19:15:00,NORMAL
193,31,227.52,13.88,13.7,0.18,3.12,0.99,45.49,71.49,2025-01-07 19:20:00,NORMAL
177,33,225.74,7.22,7.78,0.56,1.76,0.71,46.19,75.23,2025-01-07 19:25:00,NORMAL
170,29,227.15,9.71,9.18,0.53,2.09,0.85,35.9,81.64,2025-01-07 19:30:00,NORMAL
116,5,235.32,8.73,7.96,0.77,1.87,0.89,56.47,36.94,2025-01-07 19:35:00,NORMAL
183,13,234.74,7.92,8.22,0.3,1.93,0.9,38.23,34.97,2025-01-07 19:40:00,NORMAL
199,1,250.95,8.42,8.3,0.12,2.08,0.93,47.53,77.26,2025-01-07 19:45:00,NORMAL
108,23,214.63,12.94,12.3,0.64,2.64,0.93,46.43,56.15,2025-01-07 19:50:00,NORMAL
137,40,247.58,13.47,13.94,0.47,3.45,0.99,48.86,86.83,2025-01-07 19:55:00,NORMAL
147,3,227.96,7.91,8.32,0.41,1.9,0.93,61.13,86.61,2025-01-07 20:00:00,NORMAL
159,3,229.09,10.8,10.72,0.08,2.46,0.95,34.18,38.5,2025-01-07 20:05:00,NORMAL
162,7,238.59,8.16,8.1,0.06,1.93,0.86,44.84,71.47,2025-01-07 20:10:00,NORMAL
185,36,238.52,8.64,8.42,0.22,2.01,0.9,44.37,34.03,2025-01-07 20:15:00,NORMAL
101,35,241.57,5.9,5.75,0.15,1.39,0.84,40.62,54.2,2025-01-07 20:20:00,NORMAL
187,15,243.75,14.26,14.72,0.46,3.59,0.78,52.33,80.5,2025-01-07 20:25:00,NORMAL
171,40,229.6,12.2,12.81,0.61,2.94,0.79,27.53,57.66,2025-01-07 20:30:00,NORMAL
110,3,243.88,8.7,9.16,0.46,2.23,0.81,65.97,32.02,2025-01-07 20:35:00,NORMAL
163,29,223.71,10.57,10.12,0.45,2.26,0.8,66.67,44.42,2025-01-07 20:40:00,NORMAL
176,30,226.95,9.2,8.52,0.68,1.93,0.86,35.51,35.18,2025-01-07 20:45:00,NORMAL
180,39,228.18,11.89,11.73,0.16,2.68,0.77,43.53,54.49,2025-01-07 20:50:00,NORMAL
171,18,224.73,9.32,8.76,0.56,1.97,0.85,18.12,71.8,2025-01-07 20:55:00,NORMAL
120,11,230.6,9.61,9.71,0.1,2.24,0.97,35.19,69.62,2025-01-07 21:00:00,NORMAL
117,43,238.96,8.68,8.66,0.02,2.07,0.82,79.66,73.14,2025-01-07 21:05:00,NORMAL
193,49,236.51,11.21,10.55,0.66,2.5,0.77,54.0,53.03,2025-01-07 21:10:00,NORMAL
163,38,223.87,14.42,13.99,0.43,3.13,0.8,55.26,45.92,2025-01-07 21:15:00,NORMAL
181,40,223.04,9.43,9.14,0.29,2.04,0.96,37.57,33.42,2025-01-07 21:20:00,NORMAL
194,1,221.45,9.41,9.28,0.13,2.06,0.98,43.47,86.49,2025-01-07 21:25:00,NORMAL
137,29,230.89,9.95,10.33,0.38,2.39,0.97,44.1,37.1,2025-01-07 21:30:00,NORMAL
131,10,214.19,10.52,10.28,0.24,2.2,0.79,23.98,40.69,2025-01-07 21:35:00,NORMAL
110,28,221.09,9.4,9.05,0.35,2.0,0.82,46.78,31.5,2025-01-07 21:40:00,NORMAL
144,31,225.41,9.22,7.92,1.3,1.79,0.99,56.26,49.03,2025-01-07 21:45:00,LEAKAGE_WARNING
188,19,240.55,10.17,10.01,0.16,2.41,0.8,71.49,79.13,2025-01-07 21:50:00,NORMAL
132,3,228.68,6.5,6.48,0.02,1.48,0.74,48.59,49.93,2025-01-07 21:55:00,NORMAL
140,36,240.06,8.91,8.57,0.34,2.06,0.78,42.98,69.96,2025-01-07 22:00:00,NORMAL
107,43,231.88,6.0,5.08,0.92,1.18,0.99,43.01,87.93,2025-01-07 22:05:00,NORMAL
110,15,225.26,9.01,8.63,0.38,1.94,0.82,50.53,83.55,2025-01-07 22:10:00,NORMAL
185,33,225.67,8.1,7.99,0.11,1.8,0.98,56.54,40.8,2025-01-07 22:15:00,NORMAL
150,41,218.34,11.25,11.44,0.19,2.5,0.73,61.0,51.55,2025-01-07 22:20:00,NORMAL
187,43,254.03,8.53,8.75,0.22,2.22,0.93,13.14,75.07,2025-01-07 22:25:00,NORMAL
140,45,241.11,9.27,8.68,0.59,2.09,0.73,60.98,88.66,2025-01-07 22:30:00,NORMAL
116,26,236.04,5.7,5.64,0.06,1.33,0.76,26.99,72.96,2025-01-07 22:35:00,NORMAL
175,16,216.97,12.04,10.84,1.2,2.35,0.88,30.25,45.13,2025-01-07 22:40:00,LEAKAGE_WARNING
145,36,225.48,7.83,7.59,0.24,1.71,0.83,41.85,37.97,2025-01-07 22:45:00,NORMAL
131,33,220.25,9.03,8.59,0.44,1.89,0.9,52.52,59.71,2025-01-07 22:50:00,NORMAL
178,20,231.28,11.56,11.64,0.08,2.69,0.99,25.29,41.58,2025-01-07 22:55:00,NORMAL
179,13,220.73,11.56,11.77,0.21,2.6,0.72,36.08,43.66,2025-01-07 23:00:00,NORMAL
153,33,223.3,7.78,7.2,0.58,1.61,0.76,49.3,68.07,2025-01-07 23:05:00,NORMAL
185,5,220.99,11.05,10.25,0.8,2.27,0.89,52.24,60.89,2025-01-07 23:10:00,NORMAL
191,37,227.6,7.7,8.0,0.3,1.82,0.97,51.88,37.24,2025-01-07 23:15:00,NORMAL
119,14,230.71,10.46,10.63,0.17,2.45,0.94,59.12,39.22,2025-01-07 23:20:00,NORMAL
132,27,227.87,8.43,8.56,0.13,1.95,0.84,62.16,31.17,2025-01-07 23:25:00,NORMAL
173,23,245.33,7.97,7.43,0.54,1.82,0.92,46.61,43.18,2025-01-07 23:30:00,NORMAL
139,14,238.11,10.07,9.69,0.38,2.31,0.76,43.97,83.24,2025-01-07 23:35:00,NORMAL
131,40,222.17,8.55,8.4,0.15,1.87,0.7,33.1,77.58,2025-01-07 23:40:00,NORMAL
196,4,233.26,14.04,14.23,0.19,3.32,0.87,36.32,54.89,2025-01-07 23:45:00,NORMAL
101,39,222.99,8.76,7.76,1.0,1.73,0.94,24.56,74.52,2025-01-07 23:50:00,NORMAL
196,19,226.05,7.62,6.93,0.69,1.57,0.83,65.83,54.42,2025-01-07 23:55:00,NORMAL
132,47,234.79,8.2,9.0,0.8,2.11,0.87,43.98,77.53,2025-01-08 00:00:00,NORMAL
176,4,236.66,9.97,9.34,0.63,2.21,0.83,56.16,40.92,2025-01-08 00:05:00,NORMAL
129,30,224.13,10.22,10.16,0.06,2.28,0.85,85.16,39.15,2025-01-08 00:10:00,OVERHEAT
132,19,218.95,10.62,10.72,0.1,2.35,0.97,78.39,34.68,2025-01-08 00:15:00,NORMAL
176,31,230.88,11.82,11.24,0.58,2.6,0.84,61.63,44.51,2025-01-08 00:20:00,NORMAL
125,31,234.35,6.66,6.28,0.38,1.47,0.7,39.35,38.78,2025-01-08 00:25:00,NORMAL
121,9,223.62,11.91,11.67,0.24,2.61,0.94,57.02,77.92,2025-01-08 00:30:00,NORMAL
165,13,238.17,8.17,8.42,0.25,2.01,0.89,44.92,44.4,2025-01-08 00:35:00,NORMAL
137,14,236.39,10.8,10.09,0.71,2.39,0.92,30.9,60.97,2025-01-08 00:40:00,NORMAL
189,46,223.47,13.44,13.86,0.42,3.1,0.97,31.32,75.37,2025-01-08 00:45:00,NORMAL
145,10,241.3,8.4,7.81,0.59,1.88,0.79,57.78,70.62,2025-01-08 00:50:00,NORMAL
114,48,241.61,8.32,8.08,0.24,1.95,0.85,56.04,42.28,2025-01-08 00:55:00,NORMAL
197,31,250.68,7.95,7.77,0.18,1.95,0.88,63.31,34.62,2025-01-08 01:00:00,NORMAL
143,37,247.12,9.32,9.4,0.08,2.32,0.8,41.46,84.71,2025-01-08 01:05:00,NORMAL
148,23,220.97,12.53,12.25,0.28,2.71,0.95,38.38,67.32,2025-01-08 01:10:00,NORMAL
174,27,239.25,7.77,8.26,0.49,1.98,0.91,28.66,72.39,2025-01-08 01:15:00,NORMAL
160,6,238.8,9.01,8.19,0.82,1.96,0.92,20.14,53.16,2025-01-08 01:20:00,NORMAL
166,26,226.52,11.95,11.95,0.0,2.71,0.94,32.29,44.5,2025-01-08 01:25:00,NORMAL
105,2,234.55,11.25,11.39,0.14,2.67,0.78,35.22,61.84,2025-01-08 01:30:00,NORMAL
108,45,211.22,9.0,8.9,0.1,1.88,0.92,27.94,34.67,2025-01-08 01:35:00,NORMAL
105,13,210.95,9.58,9.57,0.01,2.02,0.93,37.3,78.0,2025-01-08 01:40:00,NORMAL
172,19,212.85,11.83,11.01,0.82,2.34,0.95,73.44,69.27,2025-01-08 01:45:00,NORMAL
194,1,233.89,13.16,13.83,0.67,3.23,0.85,34.68,75.7,2025-01-08 01:50:00,NORMAL
131,40,234.37,13.4,13.24,0.16,3.1,0.85,17.26,64.16,2025-01-08 01:55:00,NORMAL
140,32,227.26,12.76,11.77,0.99,2.67,0.73,47.28,64.67,2025-01-08 02:00:00,NORMAL
175,22,247.21,8.66,8.43,0.23,2.08,0.96,54.61,66.02,2025-01-08 02:05:00,NORMAL
107,48,239.87,13.64,13.35,0.29,3.2,0.86,31.71,77.05,2025-01-08 02:10:00,NORMAL
171,29,214.02,8.52,8.33,0.19,1.78,0.88,56.37,43.52,2025-01-08 02:15:00,NORMAL
149,2,228.28,6.7,6.82,0.12,1.56,0.74,72.07,70.89,2025-01-08 02:20:00,NORMAL
191,40,220.6,10.22,9.75,0.47,2.15,0.88,41.5,63.16,2025-01-08 02:25:00,NORMAL
161,38,234.14,12.95,12.85,0.1,3.01,0.71,56.15,59.71,2025-01-08 02:30:00,NORMAL
183,48,229.69,11.33,11.06,0.27,2.54,0.98,58.87,62.45,2025-01-08 02:35:00,NORMAL
161,11,221.17,9.85,9.38,0.47,2.07,0.96,51.16,46.33,2025-01-08 02:40:00,NORMAL
106,17,246.94,10.58,10.16,0.42,2.51,0.76,58.63,32.22,2025-01-08 02:45:00,NORMAL
174,43,230.57,11.06,10.81,0.25,2.49,0.88,52.99,75.55,2025-01-08 02:50:00,NORMAL
183,8,225.84,10.3,9.65,0.65,2.18,0.88,30.79,84.97,2025-01-08 02:55:00,NORMAL
179,22,227.47,9.41,8.7,0.71,1.98,0.94,11.41,58.85,2025-01-08 03:00:00,NORMAL
103,4,246.19,8.52,7.93,0.59,1.95,0.93,47.8,80.27,2025-01-08 03:05:00,NORMAL
105,11,239.11,10.22,9.49,0.73,2.27,1.0,41.53,63.32,2025-01-08 03:10:00,NORMAL
157,8,228.38,9.75,8.87,0.88,2.03,0.81,20.6,85.82,2025-01-08 03:15:00,NORMAL
121,9,220.08,10.01,10.41,0.4,2.29,0.74,41.77,60.51,2025-01-08 03:20:00,NORMAL
125,26,221.64,12.09,10.51,1.58,2.33,0.87,42.98,42.29,2025-01-08 03:25:00,LEAKAGE_WARNING
102,2,225.18,9.5,9.22,0.28,2.08,0.93,49.49,82.21,2025-01-08 03:30:00,NORMAL
140,16,235.07,9.58,9.5,0.08,2.23,0.79,61.72,78.02,2025-01-08 03:35:00,NORMAL
159,31,237.57,10.38,10.1,0.28,2.4,0.77,32.89,53.88,2025-01-08 03:40:00,NORMAL
113,6,222.74,15.25,15.79,0.54,3.52,0.94,14.03,80.51,2025-01-08 03:45:00,NORMAL
174,21,238.01,7.82,7.5,0.32,1.79,0.93,38.97,30.54,2025-01-08 03:50:00,NORMAL
181,26,220.91,12.18,12.38,0.2,2.73,0.76,57.21,77.98,2025-01-08 03:55:00,NORMAL
111,19,223.88,9.4,9.16,0.24,2.05,0.96,65.07,71.28,2025-01-08 04:00:00,NORMAL
186,28,215.5,9.88,9.61,0.27,2.07,0.74,35.96,52.78,2025-01-08 04:05:00,NORMAL
111,8,215.21,7.38,7.48,0.1,1.61,0.73,53.77,77.5,2025-01-08 04:10:00,NORMAL
112,14,220.81,13.76,14.46,0.7,3.19,0.81,28.5,37.6,2025-01-08 04:15:00,NORMAL
124,24,229.74,10.45,10.11,0.34,2.32,0.97,45.1,42.2,2025-01-08 04:20:00,NORMAL
144,48,220.06,11.32,11.12,0.2,2.45,0.91,2.26,62.01,2025-01-08 04:25:00,NORMAL
118,44,244.98,7.0,6.7,0.3,1.64,0.82,40.09,82.86,2025-01-08 04:30:00,NORMAL
154,37,220.68,8.72,8.73,0.01,1.93,0.75,49.8,37.81,2025-01-08 04:35:00,NORMAL
199,26,231.84,10.82,10.95,0.13,2.54,0.91,38.11,63.86,2025-01-08 04:40:00,NORMAL
144,31,243.2,9.68,9.59,0.09,2.33,0.88,23.94,75.19,2025-01-08 04:45:00,NORMAL
107,32,230.93,10.89,10.62,0.27,2.45,1.0,46.16,74.6,2025-01-08 04:50:00,NORMAL
192,41,226.36,14.21,13.67,0.54,3.09,0.93,72.2,67.68,2025-01-08 04:55:00,NORMAL
152,2,231.47,11.01,11.22,0.21,2.6,0.73,32.54,86.46,2025-01-08 05:00:00,NORMAL
154,25,224.38,9.1,8.5,0.6,1.91,0.92,34.28,58.93,2025-01-08 05:05:00,NORMAL
131,44,219.99,8.7,8.17,0.53,1.8,0.78,41.4,82.81,2025-01-08 05:10:00,NORMAL
150,2,236.13,8.47,8.01,0.46,1.89,0.99,69.96,67.18,2025-01-08 05:15:00,NORMAL
143,42,224.17,9.14,8.02,1.12,1.8,0.71,25.0,74.25,2025-01-08 05:20:00,LEAKAGE_WARNING
181,1,239.37,9.23,9.91,0.68,2.37,0.77,33.46,57.89,2025-01-08 05:25:00,NORMAL
169,36,237.96,10.24,9.06,1.18,2.16,0.85,55.13,40.06,2025-01-08 05:30:00,LEAKAGE_WARNING
117,12,231.66,11.06,11.19,0.13,2.59,0.72,26.47,36.55,2025-01-08 05:35:00,NORMAL
182,9,239.71,10.87,10.55,0.32,2.53,0.8,32.14,70.94,2025-01-08 05:40:00,NORMAL
121,36,224.56,10.26,10.04,0.22,2.25,0.85,71.62,52.59,2025-01-08 05:45:00,NORMAL
136,41,237.84,10.4,10.87,0.47,2.59,0.83,71.19,64.05,2025-01-08 05:50:00,NORMAL
195,28,237.79,15.07,14.61,0.46,3.47,0.84,53.85,74.76,2025-01-08 05:55:00,NORMAL
155,38,226.99,8.56,7.93,0.63,1.8,0.96,49.93,77.19,2025-01-08 06:00:00,NORMAL
158,33,225.7,9.93,9.52,0.41,2.15,0.85,36.19,60.58,2025-01-08 06:05:00,NORMAL
102,42,233.29,6.43,6.97,0.54,1.63,0.98,45.07,48.87,2025-01-08 06:10:00,NORMAL
127,46,249.68,9.23,9.65,0.42,2.41,0.74,33.56,76.55,2025-01-08 06:15:00,NORMAL
173,22,227.68,8.2,8.35,0.15,1.9,0.78,67.77,54.92,2025-01-08 06:20:00,NORMAL
134,25,225.49,8.54,7.7,0.84,1.74,0.9,47.2,86.2,2025-01-08 06:25:00,NORMAL
160,18,241.78,7.63,7.38,0.25,1.78,0.78,42.67,79.47,2025-01-08 06:30:00,NORMAL
192,6,230.68,7.3,8.1,0.8,1.87,0.8,45.81,74.82,2025-01-08 06:35:00,NORMAL
153,18,238.66,10.24,9.01,1.23,2.15,0.97,35.47,44.47,2025-01-08 06:40:00,LEAKAGE_WARNING
162,16,244.75,11.42,10.47,0.95,2.56,0.86,52.7,51.77,2025-01-08 06:45:00,NORMAL
178,15,210.93,8.46,8.8,0.34,1.86,0.8,41.7,80.94,2025-01-08 06:50:00,NORMAL
196,48,229.62,5.94,5.94,0.0,1.36,0.93,88.61,31.39,2025-01-08 06:55:00,OVERHEAT
106,8,227.7,10.22,10.16,0.06,2.31,0.72,38.45,76.89,2025-01-08 07:00:00,NORMAL
175,13,220.38,10.94,10.48,0.46,2.31,0.87,57.53,54.25,2025-01-08 07:05:00,NORMAL
148,43,210.81,11.35,11.05,0.3,2.33,0.73,72.68,77.96,2025-01-08 07:10:00,NORMAL
193,7,214.09,7.96,8.1,0.14,1.73,0.75,3.15,63.14,2025-01-08 07:15:00,NORMAL
184,17,231.04,8.79,7.93,0.86,1.83,0.72,38.55,61.61,2025-01-08 07:20:00,NORMAL
130,32,224.66,7.78,6.71,1.07,1.51,0.97,67.93,72.1,2025-01-08 07:25:00,LEAKAGE_WARNING
157,22,221.98,8.52,8.34,0.18,1.85,0.71,11.29,78.38,2025-01-08 07:30:00,NORMAL
160,13,230.94,8.42,8.51,0.09,1.97,0.85,62.92,71.61,2025-01-08 07:35:00,NORMAL
123,47,223.08,8.98,7.98,1.0,1.78,0.77,49.92,57.04,2025-01-08 07:40:00,NORMAL
119,23,242.9,9.5,10.4,0.9,2.53,0.82,68.12,49.25,2025-01-08 07:45:00,NORMAL
136,29,223.79,10.23,10.48,0.25,2.35,0.85,40.51,80.74,2025-01-08 07:50:00,NORMAL
103,22,245.05,8.31,7.62,0.69,1.87,0.84,48.97,61.25,2025-01-08 07:55:00,NORMAL
191,1,229.7,9.72,8.82,0.9,2.03,0.92,27.45,77.01,2025-01-08 08:00:00,NORMAL
119,29,223.48,8.19,8.15,0.04,1.82,0.97,41.58,89.74,2025-01-08 08:05:00,NORMAL
159,48,222.75,6.49,5.15,1.34,1.15,0.79,33.34,68.63,2025-01-08 08:10:00,LEAKAGE_WARNING
123,5,245.14,11.08,12.1,1.02,2.97,0.71,36.22,46.7,2025-01-08 08:15:00,LEAKAGE_WARNING
149,35,236.96,8.67,7.92,0.75,1.88,0.97,47.23,81.93,2025-01-08 08:20:00,NORMAL
148,10,222.41,6.53,6.29,0.24,1.4,0.99,33.25,46.42,2025-01-08 08:25:00,NORMAL
150,19,231.19,11.12,11.16,0.04,2.58,0.83,11.52,45.62,2025-01-08 08:30:00,NORMAL
195,37,206.41,9.5,8.86,0.64,1.83,0.84,48.67,34.44,2025-01-08 08:35:00,NORMAL
135,7,216.68,10.91,10.91,0.0,2.36,0.74,48.26,34.71,2025-01-08 08:40:00,NORMAL
197,46,222.5,10.84,11.18,0.34,2.49,0.84,56.14,81.74,2025-01-08 08:45:00,NORMAL
199,35,222.25,7.81,7.55,0.26,1.68,0.79,44.91,43.84,2025-01-08 08:50:00,NORMAL
165,45,242.13,11.86,11.69,0.17,2.83,1.0,28.76,36.52,2025-01-08 08:55:00,NORMAL
178,13,210.86,6.33,6.52,0.19,1.37,0.76,67.88,51.16,2025-01-08 09:00:00,NORMAL
133,10,215.72,9.21,9.3,0.09,2.01,0.81,39.92,72.81,2025-01-08 09:05:00,NORMAL
135,2,234.52,9.07,9.08,0.01,2.13,0.88,30.45,50.38,2025-01-08 09:10:00,NORMAL
105,6,232.3,8.45,9.06,0.61,2.1,0.8,66.82,48.56,2025-01-08 09:15:00,NORMAL
138,8,226.5,12.45,13.1,0.65,2.97,0.84,70.53,59.28,2025-01-08 09:20:00,NORMAL
141,36,250.52,10.6,9.93,0.67,2.49,0.99,3.53,31.27,2025-01-08 09:25:00,NORMAL
157,25,236.17,7.18,7.69,0.51,1.82,0.85,31.09,59.46,2025-01-08 09:30:00,NORMAL
111,44,242.23,7.47,7.28,0.19,1.76,0.97,42.25,89.4,2025-01-08 09:35:00,NORMAL
102,47,229.49,14.31,15.04,0.73,3.45,0.71,49.18,77.96,2025-01-08 09:40:00,NORMAL
117,40,224.56,9.05,8.1,0.95,1.82,0.74,54.81,34.23,2025-01-08 09:45:00,NORMAL
139,7,224.68,8.41,8.34,0.07,1.87,0.98,82.77,69.29,2025-01-08 09:50:00,OVERHEAT
120,46,239.28,12.31,11.55,0.76,2.76,0.74,28.56,57.67,2025-01-08 09:55:00,NORMAL
114,23,237.73,6.45,5.19,1.26,1.23,0.92,47.36,79.57,2025-01-08 10:00:00,LEAKAGE_WARNING
196,19,227.81,12.77,13.21,0.44,3.01,0.83,22.88,35.91,2025-01-08 10:05:00,NORMAL
198,46,234.72,8.4,8.54,0.14,2.0,0.82,48.4,43.96,2025-01-08 10:10:00,NORMAL
125,22,239.63,11.03,10.39,0.64,2.49,0.9,69.87,77.47,2025-01-08 10:15:00,NORMAL
107,13,224.36,9.04,9.16,0.12,2.06,0.92,3.07,80.95,2025-01-08 10:20:00,NORMAL
199,21,226.57,6.85,6.5,0.35,1.47,0.98,23.45,61.76,2025-01-08 10:25:00,NORMAL
193,1,234.47,10.36,10.11,0.25,2.37,0.78,56.75,31.18,2025-01-08 10:30:00,NORMAL
186,19,212.11,11.9,12.87,0.97,2.73,0.91,57.13,83.62,2025-01-08 10:35:00,NORMAL
141,33,234.66,5.3,4.63,0.67,1.09,0.8,32.56,52.97,2025-01-08 10:40:00,NORMAL
143,4,218.75,7.69,7.56,0.13,1.65,0.92,57.25,32.38,2025-01-08 10:45:00,NORMAL
113,42,239.42,12.48,12.88,0.4,3.08,0.74,64.57,79.13,2025-01-08 10:50:00,NORMAL
177,3,251.48,10.8,9.83,0.97,2.47,0.84,53.27,55.08,2025-01-08 10:55:00,NORMAL
101,27,223.03,10.93,11.08,0.15,2.47,0.76,66.91,41.4,2025-01-08 11:00:00,NORMAL
136,41,216.5,11.86,12.04,0.18,2.61,0.8,49.86,78.09,2025-01-08 11:05:00,NORMAL
168,35,228.2,10.94,11.64,0.7,2.66,0.91,41.07,57.46,2025-01-08 11:10:00,NORMAL
137,28,227.35,10.29,9.79,0.5,2.23,0.77,49.27,66.47,2025-01-08 11:15:00,NORMAL
140,6,236.61,12.23,12.01,0.22,2.84,0.91,57.65,79.39,2025-01-08 11:20:00,NORMAL
161,6,232.34,9.22,9.89,0.67,2.3,0.85,20.82,61.35,2025-01-08 11:25:00,NORMAL
159,44,227.04,9.97,9.65,0.32,2.19,0.73,49.05,36.63,2025-01-08 11:30:00,NORMAL
113,23,230.91,11.65,11.04,0.61,2.55,0.82,43.07,87.83,2025-01-08 11:35:00,NORMAL
188,33,218.78,8.47,8.04,0.43,1.76,0.96,37.04,47.19,2025-01-08 11:40:00,NORMAL
183,16,238.29,12.85,11.99,0.86,2.86,1.0,27.97,89.65,2025-01-08 11:45:00,NORMAL
101,24,246.18,10.58,10.68,0.1,2.63,0.81,16.79,30.36,2025-01-08 11:50:00,NORMAL
169,5,218.02,7.7,6.62,1.08,1.44,0.72,37.25,59.03,2025-01-08 11:55:00,LEAKAGE_WARNING
116,41,214.21,9.61,9.41,0.2,2.02,0.74,36.07,72.3,2025-01-08 12:00:00,NORMAL
188,42,225.98,7.23,6.63,0.6,1.5,0.94,59.13,84.38,2025-01-08 12:05:00,NORMAL
127,13,217.79,10.17,9.33,0.84,2.03,0.9,61.94,76.82,2025-01-08 12:10:00,NORMAL
165,47,217.24,9.24,7.72,1.52,1.68,0.79,32.2,45.34,2025-01-08 12:15:00,LEAKAGE_WARNING
134,12,215.98,8.27,8.61,0.34,1.86,0.82,32.06,44.6,2025-01-08 12:20:00,NORMAL
104,5,228.06,6.44,6.61,0.17,1.51,0.94,36.57,51.4,2025-01-08 12:25:00,NORMAL
164,37,225.89,8.42,8.13,0.29,1.84,0.82,61.79,36.63,2025-01-08 12:30:00,NORMAL
139,31,233.73,9.64,9.63,0.01,2.25,0.93,34.93,70.17,2025-01-08 12:35:00,NORMAL
175,28,224.37,9.26,9.46,0.2,2.12,0.79,74.45,86.48,2025-01-08 12:40:00,NORMAL
155,28,217.83,7.16,7.72,0.56,1.68,0.92,46.89,68.53,2025-01-08 12:45:00,NORMAL
135,30,229.83,10.04,9.78,0.26,2.25,0.84,51.64,62.0,2025-01-08 12:50:00,NORMAL
144,18,219.41,8.03,7.43,0.6,1.63,0.86,37.94,60.2,2025-01-08 12:55:00,NORMAL
122,44,235.12,11.84,11.46,0.38,2.69,0.88,69.29,65.56,2025-01-08 13:00:00,NORMAL
146,27,213.34,12.14,12.75,0.61,2.72,0.84,51.52,72.64,2025-01-08 13:05:00,NORMAL
130,35,208.35,9.49,10.09,0.6,2.1,0.84,37.8,77.7,2025-01-08 13:10:00,NORMAL
110,26,213.9,13.15,12.92,0.23,2.76,0.78,25.22,71.9,2025-01-08 13:15:00,NORMAL
109,39,225.82,9.72,9.64,0.08,2.18,1.0,55.31,72.3,2025-01-08 13:20:00,NORMAL
166,49,227.13,7.4,7.36,0.04,1.67,0.97,35.4,87.1,2025-01-08 13:25:00,NORMAL
113,18,231.37,12.37,12.31,0.06,2.85,0.86,42.34,83.96,2025-01-08 13:30:00,NORMAL
179,33,224.35,13.23,13.28,0.05,2.98,0.71,30.95,79.44,2025-01-08 13:35:00,NORMAL
173,25,221.53,11.99,11.72,0.27,2.6,0.75,31.17,32.6,2025-01-08 13:40:00,NORMAL
192,31,244.33,8.47,7.72,0.75,1.89,0.96,35.84,70.13,2025-01-08 13:45:00,NORMAL
109,37,241.69,7.53,7.8,0.27,1.89,0.98,44.03,57.3,2025-01-08 13:50:00,NORMAL
175,2,239.86,9.3,8.87,0.43,2.13,0.75,27.18,67.06,2025-01-08 13:55:00,NORMAL
193,33,233.09,14.95,14.71,0.24,3.43,0.92,41.21,71.18,2025-01-08 14:00:00,NORMAL
100,39,233.89,7.65,8.34,0.69,1.95,0.89,34.2,72.88,2025-01-08 14:05:00,NORMAL
104,43,221.95,11.64,11.77,0.13,2.61,0.79,43.18,82.17,2025-01-08 14:10:00,NORMAL
119,43,231.44,9.81,9.6,0.21,2.22,0.83,58.75,84.6,2025-01-08 14:15:00,NORMAL
107,32,220.6,11.89,10.61,1.28,2.34,0.9,48.14,66.41,2025-01-08 14:20:00,LEAKAGE_WARNING
142,18,219.47,7.48,7.64,0.16,1.68,0.73,35.87,83.65,2025-01-08 14:25:00,NORMAL
175,17,213.83,9.5,9.61,0.11,2.05,0.76,44.28,75.88,2025-01-08 14:30:00,NORMAL
100,34,234.06,8.2,7.79,0.41,1.82,0.71,53.96,42.16,2025-01-08 14:35:00,NORMAL
156,39,231.64,8.32,8.18,0.14,1.89,0.97,55.52,32.12,2025-01-08 14:40:00,NORMAL
163,7,226.97,11.47,11.9,0.43,2.7,0.87,48.12,30.59,2025-01-08 14:45:00,NORMAL
183,42,225.66,7.76,8.43,0.67,1.9,0.86,71.96,65.2,2025-01-08 14:50:00,NORMAL
127,35,211.7,10.58,11.31,0.73,2.39,0.91,31.75,61.3,2025-01-08 14:55:00,NORMAL
136,30,232.56,10.11,9.48,0.63,2.2,1.0,52.91,71.78,2025-01-08 15:00:00,NORMAL
146,12,226.84,8.09,8.41,0.32,1.91,0.75,43.99,80.57,2025-01-08 15:05:00,NORMAL
175,35,238.96,8.52,7.14,1.38,1.71,0.74,60.29,39.87,2025-01-08 15:10:00,LEAKAGE_WARNING
136,11,231.46,10.67,10.73,0.06,2.48,0.79,45.15,81.39,2025-01-08 15:15:00,NORMAL
148,44,237.06,9.95,9.36,0.59,2.22,0.97,76.26,35.88,2025-01-08 15:20:00,NORMAL
143,4,229.93,10.08,10.46,0.38,2.41,0.82,46.34,82.99,2025-01-08 15:25:00,NORMAL
155,25,231.82,9.53,9.24,0.29,2.14,0.94,56.0,81.03,2025-01-08 15:30:00,NORMAL
127,48,239.31,9.41,8.5,0.91,2.03,0.76,42.0,71.82,2025-01-08 15:35:00,NORMAL
178,32,228.08,9.96,9.93,0.03,2.26,0.85,50.14,48.0,2025-01-08 15:40:00,NORMAL
105,20,234.72,12.88,13.22,0.34,3.1,0.74,35.82,35.6,2025-01-08 15:45:00,NORMAL
160,31,225.56,11.06,11.05,0.01,2.49,0.82,51.44,76.69,2025-01-08 15:50:00,NORMAL
119,4,228.69,9.74,9.65,0.09,2.21,0.78,15.55,43.07,2025-01-08 15:55:00,NORMAL
177,38,245.94,7.84,8.13,0.29,2.0,0.86,36.93,56.46,2025-01-08 16:00:00,NORMAL
101,47,236.41,9.16,8.13,1.03,1.92,0.93,34.64,61.85,2025-01-08 16:05:00,LEAKAGE_WARNING
172,1,224.59,8.16,7.95,0.21,1.79,0.98,73.56,71.13,2025-01-08 16:10:00,NORMAL
136,3,234.23,8.41,7.57,0.84,1.77,0.79,34.11,59.25,2025-01-08 16:15:00,NORMAL
119,37,217.2,6.26,5.52,0.74,1.2,0.92,37.74,71.67,2025-01-08 16:20:00,NORMAL
125,22,227.79,9.98,8.93,1.05,2.03,0.97,33.57,78.84,2025-01-08 16:25:00,LEAKAGE_WARNING
128,17,220.47,14.14,14.57,0.43,3.21,0.74,51.17,72.78,2025-01-08 16:30:00,NORMAL
100,14,234.52,10.39,9.87,0.52,2.31,0.88,40.02,47.97,2025-01-08 16:35:00,NORMAL
134,41,228.11,11.45,11.5,0.05,2.62,0.88,38.17,83.66,2025-01-08 16:40:00,NORMAL
169,35,232.83,11.92,11.79,0.13,2.75,0.78,77.08,63.03,2025-01-08 16:45:00,NORMAL
158,13,237.74,9.43,9.77,0.34,2.32,0.71,47.3,57.92,2025-01-08 16:50:00,NORMAL
168,35,225.4,9.56,8.2,1.36,1.85,0.78,55.17,64.5,2025-01-08 16:55:00,LEAKAGE_WARNING
132,43,225.76,7.21,7.38,0.17,1.67,0.88,51.1,58.99,2025-01-08 17:00:00,NORMAL
150,2,229.63,10.39,9.86,0.53,2.26,0.76,32.41,75.31,2025-01-08 17:05:00,NORMAL
177,47,221.4,10.11,10.55,0.44,2.34,0.79,36.32,55.24,2025-01-08 17:10:00,NORMAL
111,13,229.89,8.29,8.22,0.07,1.89,0.91,28.19,76.6,2025-01-08 17:15:00,NORMAL
119,16,230.42,12.3,11.57,0.73,2.67,0.82,26.57,75.61,2025-01-08 17:20:00,NORMAL
152,18,232.29,8.45,8.08,0.37,1.88,0.72,45.52,46.61,2025-01-08 17:25:00,NORMAL
187,7,234.2,15.69,15.96,0.27,3.74,0.82,46.51,35.76,2025-01-08 17:30:00,NORMAL
142,45,213.97,10.81,10.97,0.16,2.35,1.0,43.08,81.06,2025-01-08 17:35:00,NORMAL
197,36,217.15,9.96,9.68,0.28,2.1,0.78,50.64,40.14,2025-01-08 17:40:00,NORMAL
188,41,218.33,13.88,13.69,0.19,2.99,0.78,42.5,31.87,2025-01-08 17:45:00,NORMAL
149,30,230.93,5.43,5.89,0.46,1.36,0.75,63.59,54.14,2025-01-08 17:50:00,NORMAL
128,42,227.16,9.43,9.42,0.01,2.14,0.78,37.5,45.25,2025-01-08 17:55:00,NORMAL
156,41,207.32,9.13,9.0,0.13,1.87,0.87,59.7,43.22,2025-01-08 18:00:00,NORMAL
138,7,249.47,9.64,9.16,0.48,2.29,0.99,56.33,40.34,2025-01-08 18:05:00,NORMAL
194,15,210.11,10.45,9.74,0.71,2.05,0.88,6.56,74.95,2025-01-08 18:10:00,NORMAL
155,40,230.3,9.58,9.04,0.54,2.08,0.82,22.36,77.01,2025-01-08 18:15:00,NORMAL
142,19,235.63,12.8,12.43,0.37,2.93,0.82,19.13,32.78,2025-01-08 18:20:00,NORMAL
149,43,222.8,10.87,10.49,0.38,2.34,0.71,49.53,62.81,2025-01-08 18:25:00,NORMAL
122,37,236.4,10.97,10.53,0.44,2.49,0.7,28.7,38.11,2025-01-08 18:30:00,NORMAL
143,2,219.92,10.92,10.24,0.68,2.25,0.94,60.66,59.97,2025-01-08 18:35:00,NORMAL
137,42,231.71,7.42,6.37,1.05,1.48,0.85,28.59,50.88,2025-01-08 18:40:00,LEAKAGE_WARNING
183,48,208.19,10.4,10.69,0.29,2.23,0.71,47.65,42.11,2025-01-08 18:45:00,NORMAL
122,13,241.73,10.47,10.49,0.02,2.54,0.79,29.79,86.88,2025-01-08 18:50:00,NORMAL
144,40,230.01,7.75,7.04,0.71,1.62,0.81,53.58,87.4,2025-01-08 18:55:00,NORMAL
151,41,214.05,11.77,12.07,0.3,2.58,0.93,40.21,63.84,2025-01-08 19:00:00,NORMAL
179,43,236.29,5.93,6.38,0.45,1.51,0.83,38.23,41.28,2025-01-08 19:05:00,NORMAL
149,43,246.32,15.04,15.16,0.12,3.73,0.94,34.68,65.0,2025-01-08 19:10:00,NORMAL
107,31,220.74,9.92,9.68,0.24,2.14,0.89,28.38,85.71,2025-01-08 19:15:00,NORMAL
184,16,227.9,8.29,8.33,0.04,1.9,0.71,50.41,52.67,2025-01-08 19:20:00,NORMAL
100,42,224.85,11.24,10.86,0.38,2.44,0.99,34.79,38.26,2025-01-08 19:25:00,NORMAL
107,44,222.3,11.25,11.19,0.06,2.49,0.75,80.91,71.62,2025-01-08 19:30:00,OVERHEAT
128,6,221.24,14.09,14.06,0.03,3.11,0.78,68.86,69.38,2025-01-08 19:35:00,NORMAL
195,28,223.54,13.56,14.19,0.63,3.17,0.94,40.98,30.08,2025-01-08 19:40:00,NORMAL
104,32,224.08,7.34,6.84,0.5,1.53,0.76,38.82,81.22,2025-01-08 19:45:00,NORMAL
185,44,226.44,9.46,8.95,0.51,2.03,0.82,42.08,69.64,2025-01-08 19:50:00,NORMAL
146,10,225.71,8.18,8.07,0.11,1.82,0.96,67.5,41.74,2025-01-08 19:55:00,NORMAL
133,18,237.61,11.48,11.21,0.27,2.66,0.89,76.55,30.19,2025-01-08 20:00:00,NORMAL
164,4,236.72,12.83,12.56,0.27,2.97,0.79,15.49,88.34,2025-01-08 20:05:00,NORMAL
154,9,214.66,7.37,6.64,0.73,1.43,0.89,65.05,75.28,2025-01-08 20:10:00,NORMAL
189,7,224.06,9.87,9.56,0.31,2.14,0.94,40.66,51.9,2025-01-08 20:15:00,NORMAL
142,8,242.51,8.74,9.21,0.47,2.23,0.82,32.66,55.97,2025-01-08 20:20:00,NORMAL
173,43,232.94,11.69,10.54,1.15,2.46,0.87,61.78,62.33,2025-01-08 20:25:00,LEAKAGE_WARNING
129,7,233.34,10.82,9.98,0.84,2.33,1.0,46.22,73.12,2025-01-08 20:30:00,NORMAL
181,41,232.39,12.35,12.13,0.22,2.82,0.99,65.52,40.38,2025-01-08 20:35:00,NORMAL
116,40,227.38,9.16,8.88,0.28,2.02,0.85,59.28,41.74,2025-01-08 20:40:00,NORMAL
125,3,229.59,9.77,9.43,0.34,2.17,0.73,49.98,32.9,2025-01-08 20:45:00,NORMAL
107,17,225.96,10.79,10.98,0.19,2.48,0.91,69.34,89.15,2025-01-08 20:50:00,NORMAL
146,2,238.56,9.46,8.7,0.76,2.08,0.78,42.72,82.53,2025-01-08 20:55:00,NORMAL
175,15,226.05,10.6,9.89,0.71,2.24,0.9,28.55,63.18,2025-01-08 21:00:00,NORMAL
190,46,228.87,12.54,12.38,0.16,2.83,0.81,73.77,55.82,2025-01-08 21:05:00,NORMAL
171,29,237.35,14.27,13.73,0.54,3.26,0.92,41.45,44.25,2025-01-08 21:10:00,NORMAL
188,48,226.72,9.02,8.3,0.72,1.88,0.81,47.6,65.7,2025-01-08 21:15:00,NORMAL
145,22,229.29,14.3,13.99,0.31,3.21,0.98,36.56,71.43,2025-01-08 21:20:00,NORMAL
167,4,226.42,9.0,9.32,0.32,2.11,0.74,46.51,71.35,2025-01-08 21:25:00,NORMAL
132,6,229.11,11.74,11.2,0.54,2.57,0.72,49.8,30.39,2025-01-08 21:30:00,NORMAL
100,38,226.76,9.01,8.78,0.23,1.99,0.93,28.32,72.12,2025-01-08 21:35:00,NORMAL
118,26,224.64,7.94,8.29,0.35,1.86,0.82,28.65,81.98,2025-01-08 21:40:00,NORMAL
130,11,222.92,12.45,11.73,0.72,2.61,0.84,31.75,36.9,2025-01-08 21:45:00,NORMAL
179,26,228.28,9.9,9.58,0.32,2.19,0.98,43.09,75.32,2025-01-08 21:50:00,NORMAL
113,17,240.18,12.57,12.48,0.09,3.0,0.88,51.5,79.39,2025-01-08 21:55:00,NORMAL
152,24,236.24,11.5,10.26,1.24,2.42,0.9,64.44,46.57,2025-01-08 22:00:00,LEAKAGE_WARNING
147,28,214.21,10.82,10.89,0.07,2.33,0.71,81.75,72.73,2025-01-08 22:05:00,OVERHEAT
168,35,225.71,11.1,11.37,0.27,2.57,0.9,47.69,35.81,2025-01-08 22:10:00,NORMAL
189,31,223.62,12.18,11.9,0.28,2.66,0.82,38.23,68.95,2025-01-08 22:15:00,NORMAL
161,13,214.38,11.85,11.73,0.12,2.51,0.84,9.3,60.62,2025-01-08 22:20:00,NORMAL
191,35,232.75,9.19,9.27,0.08,2.16,0.94,48.88,80.99,2025-01-08 22:25:00,NORMAL
165,16,229.04,10.85,9.95,0.9,2.28,0.86,42.45,57.12,2025-01-08 22:30:00,NORMAL
163,15,250.23,13.0,13.36,0.36,3.34,1.0,39.64,55.69,2025-01-08 22:35:00,NORMAL
169,43,226.66,10.09,9.74,0.35,2.21,0.94,35.14,86.03,2025-01-08 22:40:00,NORMAL
162,18,222.24,9.01,8.77,0.24,1.95,0.92,35.61,86.06,2025-01-08 22:45:00,NORMAL
172,47,221.27,8.76,8.57,0.19,1.9,0.88,49.93,32.14,2025-01-08 22:50:00,NORMAL
132,37,225.48,11.7,10.92,0.78,2.46,0.82,54.63,59.13,2025-01-08 22:55:00,NORMAL
140,48,235.9,9.52,8.29,1.23,1.96,0.72,44.61,39.66,2025-01-08 23:00:00,LEAKAGE_WARNING
188,48,237.05,10.72,10.52,0.2,2.49,0.71,56.8,46.42,2025-01-08 23:05:00,NORMAL
147,49,259.26,9.42,8.78,0.64,2.28,0.71,64.3,69.97,2025-01-08 23:10:00,NORMAL
112,41,217.93,12.35,12.13,0.22,2.64,0.99,43.6,37.76,2025-01-08 23:15:00,NORMAL
172,27,230.86,10.3,10.06,0.24,2.32,0.8,63.35,30.68,2025-01-08 23:20:00,NORMAL
176,35,223.16,12.86,12.43,0.43,2.77,0.91,30.71,73.63,2025-01-08 23:25:00,NORMAL
130,45,233.5,12.78,12.5,0.28,2.92,0.88,49.35,68.48,2025-01-08 23:30:00,NORMAL
174,35,243.83,9.82,10.08,0.26,2.46,0.87,39.25,84.16,2025-01-08 23:35:00,NORMAL
167,28,238.62,12.67,11.8,0.87,2.82,0.87,52.37,62.54,2025-01-08 23:40:00,NORMAL
197,39,217.92,9.32,8.9,0.42,1.94,0.79,12.66,86.72,2025-01-08 23:45:00,NORMAL
103,38,236.85,10.53,10.35,0.18,2.45,0.97,62.65,66.56,2025-01-08 23:50:00,NORMAL
118,9,208.87,8.44,8.55,0.11,1.79,0.98,44.28,53.23,2025-01-08 23:55:00,NORMAL
169,12,206.2,11.19,10.84,0.35,2.24,0.89,51.51,66.51,2025-01-09 00:00:00,NORMAL
197,15,227.51,10.6,10.52,0.08,2.39,0.96,33.21,74.95,2025-01-09 00:05:00,NORMAL
181,21,236.11,11.03,10.74,0.29,2.54,0.72,70.04,50.85,2025-01-09 00:10:00,NORMAL
112,35,233.48,7.28,7.17,0.11,1.67,0.73,50.17,52.35,2025-01-09 00:15:00,NORMAL
122,42,249.06,6.02,6.24,0.22,1.55,0.87,39.3,67.8,2025-01-09 00:20:00,NORMAL
182,33,231.09,7.73,6.72,1.01,1.55,0.95,13.54,57.34,2025-01-09 00:25:00,LEAKAGE_WARNING
174,19,228.93,11.0,11.27,0.27,2.58,0.79,39.78,61.62,2025-01-09 00:30:00,NORMAL
100,23,241.55,11.35,11.54,0.19,2.79,0.86,10.21,88.92,2025-01-09 00:35:00,NORMAL
187,13,226.26,12.26,11.72,0.54,2.65,0.7,46.92,32.63,2025-01-09 00:40:00,NORMAL
153,44,233.89,9.19,8.84,0.35,2.07,1.0,53.86,68.87,2025-01-09 00:45:00,NORMAL
170,1,234.49,10.42,9.89,0.53,2.32,0.93,55.63,85.37,2025-01-09 00:50:00,NORMAL
188,29,220.28,8.6,8.15,0.45,1.8,0.81,32.13,44.17,2025-01-09 00:55:00,NORMAL
184,24,233.87,12.73,12.91,0.18,3.02,0.99,35.51,42.72,2025-01-09 01:00:00,NORMAL
114,16,251.85,8.58,8.05,0.53,2.03,0.73,43.6,51.78,2025-01-09 01:05:00,NORMAL
164,25,241.37,12.36,12.48,0.12,3.01,0.84,36.79,34.44,2025-01-09 01:10:00,NORMAL
175,23,221.61,9.5,8.77,0.73,1.94,0.72,20.1,63.62,2025-01-09 01:15:00,NORMAL
170,28,253.39,13.15,13.45,0.3,3.41,0.8,35.7,68.73,2025-01-09 01:20:00,NORMAL
114,47,236.89,10.37,10.57,0.2,2.5,0.77,50.99,79.19,2025-01-09 01:25:00,NORMAL
120,16,234.24,10.32,10.5,0.18,2.46,0.79,38.11,33.97,2025-01-09 01:30:00,NORMAL
118,43,229.03,8.49,8.13,0.36,1.86,0.98,41.47,56.17,2025-01-09 01:35:00,NORMAL
159,38,236.83,14.33,14.16,0.17,3.35,0.83,37.2,77.05,2025-01-09 01:40:00,NORMAL
192,11,231.12,11.98,11.72,0.26,2.71,0.8,80.13,76.1,2025-01-09 01:45:00,OVERHEAT
188,3,230.2,11.02,10.88,0.14,2.5,0.89,46.88,34.42,2025-01-09 01:50:00,NORMAL
132,15,228.67,10.48,10.31,0.17,2.36,0.91,48.36,30.68,2025-01-09 01:55:00,NORMAL
148,1,239.74,8.68,8.72,0.04,2.09,1.0,36.43,77.0,2025-01-09 02:00:00,NORMAL
195,7,238.63,11.35,11.91,0.56,2.84,0.86,52.1,38.28,2025-01-09 02:05:00,NORMAL
134,1,228.51,9.87,10.37,0.5,2.37,0.93,46.47,64.67,2025-01-09 02:10:00,NORMAL
143,49,214.81,10.12,10.32,0.2,2.22,0.81,18.88,35.65,2025-01-09 02:15:00,NORMAL
189,32,230.36,11.78,11.74,0.04,2.7,0.75,67.45,47.73,2025-01-09 02:20:00,NORMAL
110,9,222.82,10.57,9.64,0.93,2.15,0.83,43.35,39.48,2025-01-09 02:25:00,NORMAL
198,29,225.26,10.04,10.35,0.31,2.33,0.83,53.04,74.18,2025-01-09 02:30:00,NORMAL
171,26,228.75,12.87,13.22,0.35,3.02,0.83,35.48,70.36,2025-01-09 02:35:00,NORMAL
177,23,219.4,8.36,9.07,0.71,1.99,0.91,51.71,38.12,2025-01-09 02:40:00,NORMAL
173,45,213.9,6.69,6.24,0.45,1.33,0.82,54.99,33.56,2025-01-09 02:45:00,NORMAL
165,43,232.92,8.41,8.32,0.09,1.94,0.99,23.03,57.98,2025-01-09 02:50:00,NORMAL
145,29,230.27,10.3,10.75,0.45,2.48,0.99,52.82,41.73,2025-01-09 02:55:00,NORMAL
108,38,229.89,11.39,11.2,0.19,2.57,0.86,43.39,30.49,2025-01-09 03:00:00,NORMAL
102,33,235.11,8.51,8.6,0.09,2.02,0.87,29.58,45.86,2025-01-09 03:05:00,NORMAL
184,7,223.4,17.37,16.52,0.85,3.69,0.82,70.09,42.91,2025-01-09 03:10:00,NORMAL
125,12,233.32,10.36,10.5,0.14,2.45,0.81,31.0,71.1,2025-01-09 03:15:00,NORMAL
171,31,243.37,10.3,9.25,1.05,2.25,1.0,48.5,81.65,2025-01-09 03:20:00,LEAKAGE_WARNING
147,32,227.45,7.42,7.13,0.29,1.62,0.71,26.39,44.26,2025-01-09 03:25:00,NORMAL
165,20,248.99,7.11,7.11,0.0,1.77,0.82,28.48,43.38,2025-01-09 03:30:00,NORMAL
169,17,230.5,6.43,6.36,0.07,1.47,0.75,60.89,53.27,2025-01-09 03:35:00,NORMAL
127,36,221.48,12.74,12.39,0.35,2.74,0.92,39.73,40.35,2025-01-09 03:40:00,NORMAL
192,3,238.5,12.42,12.35,0.07,2.95,0.76,66.64,86.81,2025-01-09 03:45:00,NORMAL
125,1,228.87,10.0,10.26,0.26,2.35,0.97,38.82,44.61,2025-01-09 03:50:00,NORMAL
124,27,240.53,7.57,7.05,0.52,1.7,0.81,38.16,35.6,2025-01-09 03:55:00,NORMAL
111,47,234.13,9.44,8.74,0.7,2.05,0.98,33.58,63.41,2025-01-09 04:00:00,NORMAL
104,40,226.72,12.84,12.13,0.71,2.75,1.0,37.62,62.26,2025-01-09 04:05:00,NORMAL
197,33,245.21,8.99,8.87,0.12,2.18,0.93,54.28,67.91,2025-01-09 04:10:00,NORMAL
147,20,225.01,8.2,7.45,0.75,1.68,0.89,46.3,88.0,2025-01-09 04:15:00,NORMAL
136,14,208.34,9.24,8.88,0.36,1.85,0.74,40.39,49.41,2025-01-09 04:20:00,NORMAL
178,36,238.81,9.41,9.36,0.05,2.24,0.98,55.35,51.57,2025-01-09 04:25:00,NORMAL
143,5,233.5,11.48,11.56,0.08,2.7,0.93,53.26,50.22,2025-01-09 04:30:00,NORMAL
199,23,242.84,5.59,4.93,0.66,1.2,0.79,40.81,67.72,2025-01-09 04:35:00,NORMAL
114,45,221.18,10.34,10.98,0.64,2.43,0.84,67.87,66.24,2025-01-09 04:40:00,NORMAL
142,15,227.53,8.61,7.72,0.89,1.76,0.72,21.87,61.73,2025-01-09 04:45:00,NORMAL
147,6,226.4,8.93,8.67,0.26,1.96,0.9,51.09,51.86,2025-01-09 04:50:00,NORMAL
186,33,239.34,11.51,11.61,0.1,2.78,0.74,43.16,55.66,2025-01-09 04:55:00,NORMAL
169,19,236.51,7.4,7.56,0.16,1.79,0.9,52.54,77.55,2025-01-09 05:00:00,NORMAL
145,13,232.15,10.36,10.38,0.02,2.41,0.9,46.57,66.55,2025-01-09 05:05:00,NORMAL
142,29,232.21,10.96,10.41,0.55,2.42,0.8,48.94,72.98,2025-01-09 05:10:00,NORMAL
120,6,218.49,11.16,10.8,0.36,2.36,0.98,18.17,46.6,2025-01-09 05:15:00,NORMAL
122,15,237.69,11.41,11.44,0.03,2.72,0.93,48.39,84.69,2025-01-09 05:20:00,NORMAL
179,16,237.89,11.14,11.21,0.07,2.67,0.85,60.64,32.11,2025-01-09 05:25:00,NORMAL
146,24,252.91,11.44,11.08,0.36,2.8,0.98,35.94,65.74,2025-01-09 05:30:00,NORMAL
114,23,234.71,8.24,6.67,1.57,1.57,0.96,59.94,78.74,2025-01-09 05:35:00,LEAKAGE_WARNING
124,48,236.32,12.73,11.16,1.57,2.64,0.91,39.7,81.98,2025-01-09 05:40:00,LEAKAGE_WARNING
135,10,234.78,7.63,6.9,0.73,1.62,0.75,36.11,49.17,2025-01-09 05:45:00,NORMAL
174,41,223.03,10.74,10.93,0.19,2.44,0.85,36.46,57.59,2025-01-09 05:50:00,NORMAL
150,41,242.49,8.64,8.06,0.58,1.95,0.96,29.69,32.09,2025-01-09 05:55:00,NORMAL
114,49,229.44,6.56,6.73,0.17,1.54,0.88,46.08,77.39,2025-01-09 06:00:00,NORMAL
167,17,228.07,8.86,8.77,0.09,2.0,0.86,35.64,37.47,2025-01-09 06:05:00,NORMAL
120,49,228.65,9.76,8.88,0.88,2.03,0.99,36.79,55.68,2025-01-09 06:10:00,NORMAL
112,44,229.34,12.77,12.69,0.08,2.91,0.7,34.74,89.45,2025-01-09 06:15:00,NORMAL
185,45,225.14,13.64,13.58,0.06,3.06,0.7,49.91,85.06,2025-01-09 06:20:00,NORMAL
118,30,232.15,9.74,9.79,0.05,2.27,0.97,26.01,49.8,2025-01-09 06:25:00,NORMAL
133,44,229.03,7.22,7.43,0.21,1.7,0.71,53.88,43.43,2025-01-09 06:30:00,NORMAL
177,46,228.18,7.39,7.32,0.07,1.67,0.8,52.53,45.1,2025-01-09 06:35:00,NORMAL
167,10,234.9,11.54,10.97,0.57,2.58,0.98,52.63,71.09,2025-01-09 06:40:00,NORMAL
151,19,230.76,11.42,10.88,0.54,2.51,0.91,30.29,73.55,2025-01-09 06:45:00,NORMAL
126,29,224.46,8.79,8.44,0.35,1.89,0.89,48.58,42.99,2025-01-09 06:50:00,NORMAL
128,2,222.36,7.65,6.86,0.79,1.53,0.9,64.55,44.4,2025-01-09 06:55:00,NORMAL
127,36,230.98,11.98,12.64,0.66,2.92,0.8,26.88,49.4,2025-01-09 07:00:00,NORMAL
134,19,222.53,7.54,7.31,0.23,1.63,0.86,47.72,55.99,2025-01-09 07:05:00,NORMAL
107,7,221.81,9.11,9.26,0.15,2.05,0.89,28.29,85.05,2025-01-09 07:10:00,NORMAL
115,26,221.96,10.95,9.76,1.19,2.17,0.79,40.9,31.59,2025-01-09 07:15:00,LEAKAGE_WARNING
135,15,232.55,6.0,5.93,0.07,1.38,0.94,44.51,68.29,2025-01-09 07:20:00,NORMAL
129,47,241.94,11.91,11.34,0.57,2.74,0.8,35.5,81.7,2025-01-09 07:25:00,NORMAL
117,38,233.48,14.76,14.06,0.7,3.28,0.72,33.74,73.4,2025-01-09 07:30:00,NORMAL
101,3,238.87,10.23,10.22,0.01,2.44,0.76,48.84,43.0,2025-01-09 07:35:00,NORMAL
148,38,229.3,9.93,9.27,0.66,2.13,0.82,29.85,58.6,2025-01-09 07:40:00,NORMAL
176,16,231.42,10.09,9.37,0.72,2.17,0.97,52.75,84.62,2025-01-09 07:45:00,NORMAL
103,2,246.53,10.45,9.86,0.59,2.43,0.82,71.12,36.94,2025-01-09 07:50:00,NORMAL
189,31,238.29,8.54,8.6,0.06,2.05,0.73,25.83,89.25,2025-01-09 07:55:00,NORMAL
188,28,239.37,7.75,8.27,0.52,1.98,0.76,24.93,38.62,2025-01-09 08:00:00,NORMAL
193,7,227.36,9.29,8.02,1.27,1.82,0.86,22.27,38.55,2025-01-09 08:05:00,LEAKAGE_WARNING
174,30,229.95,10.31,10.26,0.05,2.36,0.75,37.86,78.77,2025-01-09 08:10:00,NORMAL
106,43,234.06,8.0,7.3,0.7,1.71,0.72,57.87,79.7,2025-01-09 08:15:00,NORMAL
194,7,223.94,7.31,7.34,0.03,1.64,0.91,59.22,32.28,2025-01-09 08:20:00,NORMAL
173,36,206.37,9.12,7.87,1.25,1.62,0.94,51.32,40.1,2025-01-09 08:25:00,LEAKAGE_WARNING
138,29,233.96,7.33,7.38,0.05,1.73,0.96,48.01,86.91,2025-01-09 08:30:00,NORMAL
112,24,239.61,11.34,11.09,0.25,2.66,0.95,64.14,46.76,2025-01-09 08:35:00,NORMAL
130,39,230.55,3.12,1.76,1.36,0.41,0.81,37.66,30.73,2025-01-09 08:40:00,LEAKAGE_WARNING
170,4,224.04,7.66,8.26,0.6,1.85,0.92,53.38,45.24,2025-01-09 08:45:00,NORMAL
162,29,226.69,12.83,12.03,0.8,2.73,0.88,74.78,74.13,2025-01-09 08:50:00,NORMAL
155,44,209.72,9.56,9.37,0.19,1.97,0.71,63.51,84.99,2025-01-09 08:55:00,NORMAL
141,5,226.67,10.37,9.82,0.55,2.23,0.82,28.19,39.31,2025-01-09 09:00:00,NORMAL
160,29,218.85,9.74,9.71,0.03,2.13,0.72,36.31,43.46,2025-01-09 09:05:00,NORMAL
141,30,223.0,8.75,7.73,1.02,1.72,0.73,75.51,56.49,2025-01-09 09:10:00,LEAKAGE_WARNING
155,29,218.34,12.19,12.4,0.21,2.71,0.72,36.37,74.9,2025-01-09 09:15:00,NORMAL
135,26,217.19,8.86,8.64,0.22,1.88,0.99,68.98,69.52,2025-01-09 09:20:00,NORMAL
183,19,219.96,8.34,7.67,0.67,1.69,0.95,38.52,49.65,2025-01-09 09:25:00,NORMAL
167,26,236.33,11.31,11.52,0.21,2.72,0.83,42.02,33.98,2025-01-09 09:30:00,NORMAL
106,37,224.9,6.14,5.88,0.26,1.32,0.77,31.23,45.18,2025-01-09 09:35:00,NORMAL
153,27,218.92,9.43,9.74,0.31,2.13,0.72,33.79,43.17,2025-01-09 09:40:00,NORMAL
100,30,237.54,8.96,8.96,0.0,2.13,0.83,42.07,31.26,2025-01-09 09:45:00,NORMAL
143,30,231.29,9.39,7.88,1.51,1.82,0.88,47.77,88.5,2025-01-09 09:50:00,LEAKAGE_WARNING
144,3,206.36,9.02,8.15,0.87,1.68,0.94,38.96,45.32,2025-01-09 09:55:00,NORMAL
146,43,239.96,10.75,10.22,0.53,2.45,0.72,55.5,80.19,2025-01-09 10:00:00,NORMAL
112,7,230.72,12.2,11.82,0.38,2.73,0.83,39.0,59.09,2025-01-09 10:05:00,NORMAL
121,49,237.7,10.92,11.5,0.58,2.73,0.99,14.04,88.34,2025-01-09 10:10:00,NORMAL
120,9,227.75,9.33,9.22,0.11,2.1,0.74,41.89,38.97,2025-01-09 10:15:00,NORMAL
185,41,246.05,11.26,10.6,0.66,2.61,0.82,37.9,36.64,2025-01-09 10:20:00,NORMAL
191,42,226.18,11.5,11.52,0.02,2.61,0.78,67.31,30.15,2025-01-09 10:25:00,NORMAL
108,13,203.64,10.72,10.34,0.38,2.11,0.74,58.44,73.11,2025-01-09 10:30:00,NORMAL
125,15,221.11,12.1,12.4,0.3,2.74,0.95,59.9,48.38,2025-01-09 10:35:00,NORMAL
108,5,235.02,5.31,5.65,0.34,1.33,0.91,55.54,82.22,2025-01-09 10:40:00,NORMAL
114,29,231.59,10.05,8.71,1.34,2.02,0.82,51.59,68.03,2025-01-09 10:45:00,LEAKAGE_WARNING
109,35,228.77,10.62,9.36,1.26,2.14,0.81,51.54,64.65,2025-01-09 10:50:00,LEAKAGE_WARNING
187,27,220.14,7.04,6.88,0.16,1.51,0.95,58.84,59.21,2025-01-09 10:55:00,NORMAL
141,27,230.18,10.44,10.63,0.19,2.45,0.73,53.7,45.49,2025-01-09 11:00:00,NORMAL
171,8,229.86,11.83,12.1,0.27,2.78,0.74,37.09,33.88,2025-01-09 11:05:00,NORMAL
123,32,229.75,9.55,9.15,0.4,2.1,0.97,23.77,56.61,2025-01-09 11:10:00,NORMAL
179,20,235.38,11.31,10.14,1.17,2.39,0.95,16.7,35.95,2025-01-09 11:15:00,LEAKAGE_WARNING
148,10,231.82,12.05,12.2,0.15,2.83,0.93,32.26,84.34,2025-01-09 11:20:00,NORMAL
125,13,227.48,12.68,12.38,0.3,2.82,0.89,33.96,79.76,2025-01-09 11:25:00,NORMAL
190,29,219.97,12.32,12.05,0.27,2.65,0.79,43.58,67.19,2025-01-09 11:30:00,NORMAL
136,35,243.6,12.73,11.7,1.03,2.85,0.98,43.15,57.15,2025-01-09 11:35:00,LEAKAGE_WARNING
167,8,249.82,9.0,8.66,0.34,2.16,0.85,71.07,57.25,2025-01-09 11:40:00,NORMAL
149,29,247.44,9.22,9.72,0.5,2.41,0.78,53.42,57.87,2025-01-09 11:45:00,NORMAL
123,31,236.99,5.05,4.47,0.58,1.06,0.81,33.81,74.73,2025-01-09 11:50:00,NORMAL
118,41,213.25,7.87,7.58,0.29,1.62,0.71,65.57,37.57,2025-01-09 11:55:00,NORMAL
199,30,212.03,12.44,12.67,0.23,2.69,0.78,41.55,61.88,2025-01-09 12:00:00,NORMAL
159,22,224.52,8.79,8.06,0.73,1.81,0.76,53.5,78.76,2025-01-09 12:05:00,NORMAL
138,21,229.45,10.8,10.76,0.04,2.47,0.74,52.02,60.61,2025-01-09 12:10:00,NORMAL
173,12,229.04,10.48,10.11,0.37,2.32,0.71,45.61,30.82,2025-01-09 12:15:00,NORMAL
188,11,231.94,12.48,12.21,0.27,2.83,0.77,66.21,44.68,2025-01-09 12:20:00,NORMAL
117,2,216.08,5.96,5.91,0.05,1.28,0.73,36.24,70.12,2025-01-09 12:25:00,NORMAL
118,41,246.07,10.71,10.92,0.21,2.69,0.71,46.93,86.05,2025-01-09 12:30:00,NORMAL
135,2,245.05,10.67,10.19,0.48,2.5,0.74,31.47,83.62,2025-01-09 12:35:00,NORMAL
173,34,216.89,8.28,8.69,0.41,1.88,0.76,50.26,79.36,2025-01-09 12:40:00,NORMAL
196,3,211.38,11.92,11.26,0.66,2.38,0.82,51.11,87.01,2025-01-09 12:45:00,NORMAL
154,16,229.1,7.2,7.43,0.23,1.7,0.88,46.29,46.8,2025-01-09 12:50:00,NORMAL
168,4,242.62,12.13,12.51,0.38,3.04,0.8,46.02,30.74,2025-01-09 12:55:00,NORMAL
146,23,229.68,5.69,4.79,0.9,1.1,0.74,42.38,51.26,2025-01-09 13:00:00,NORMAL
148,20,232.6,8.19,7.94,0.25,1.85,0.98,50.65,64.62,2025-01-09 13:05:00,NORMAL
198,25,225.6,9.72,10.47,0.75,2.36,0.85,54.27,48.99,2025-01-09 13:10:00,NORMAL
197,30,231.46,10.44,10.25,0.19,2.37,0.92,26.83,32.65,2025-01-09 13:15:00,NORMAL
132,18,239.44,6.26,5.75,0.51,1.38,0.91,40.84,60.43,2025-01-09 13:20:00,NORMAL
120,42,234.12,12.09,11.57,0.52,2.71,0.79,39.57,41.98,2025-01-09 13:25:00,NORMAL
180,11,235.76,11.51,11.7,0.19,2.76,0.87,54.92,73.65,2025-01-09 13:30:00,NORMAL
121,29,213.37,13.81,13.93,0.12,2.97,0.88,63.13,35.35,2025-01-09 13:35:00,NORMAL
147,17,251.38,11.4,11.12,0.28,2.8,0.81,51.41,87.49,2025-01-09 13:40:00,NORMAL
136,26,213.49,8.53,7.81,0.72,1.67,0.9,47.15,82.6,2025-01-09 13:45:00,NORMAL
114,23,231.56,7.86,8.32,0.46,1.93,0.94,33.47,82.43,2025-01-09 13:50:00,NORMAL
134,48,228.5,9.16,9.59,0.43,2.19,0.81,72.93,77.39,2025-01-09 13:55:00,NORMAL
191,20,228.93,14.36,13.47,0.89,3.08,0.7,31.16,68.02,2025-01-09 14:00:00,NORMAL
170,45,238.7,10.1,9.29,0.81,2.22,0.8,26.17,33.21,2025-01-09 14:05:00,NORMAL
131,2,222.92,10.18,10.45,0.27,2.33,0.74,55.79,69.75,2025-01-09 14:10:00,NORMAL
110,24,225.67,12.76,12.75,0.01,2.88,0.75,37.33,74.82,2025-01-09 14:15:00,NORMAL
109,31,218.53,7.67,6.42,1.25,1.4,0.81,56.47,37.85,2025-01-09 14:20:00,LEAKAGE_WARNING
172,27,241.22,11.08,10.44,0.64,2.52,0.76,66.48,66.95,2025-01-09 14:25:00,NORMAL
177,2,232.66,11.03,10.85,0.18,2.52,0.98,40.99,58.73,2025-01-09 14:30:00,NORMAL
176,14,236.37,11.91,11.14,0.77,2.63,0.9,51.84,58.35,2025-01-09 14:35:00,NORMAL
156,4,238.12,11.7,11.74,0.04,2.8,0.86,38.31,41.97,2025-01-09 14:40:00,NORMAL
124,49,249.91,9.88,9.6,0.28,2.4,0.7,46.11,74.37,2025-01-09 14:45:00,NORMAL
101,13,248.17,7.23,7.18,0.05,1.78,0.73,43.08,85.51,2025-01-09 14:50:00,NORMAL
163,36,233.23,8.87,8.32,0.55,1.94,0.94,59.4,77.27,2025-01-09 14:55:00,NORMAL
134,35,231.58,11.68,11.13,0.55,2.58,0.82,36.82,52.14,2025-01-09 15:00:00,NORMAL
106,44,224.68,13.71,13.4,0.31,3.01,0.71,34.89,89.05,2025-01-09 15:05:00,NORMAL
184,8,237.44,7.55,7.1,0.45,1.69,0.95,42.04,51.85,2025-01-09 15:10:00,NORMAL
117,2,237.07,7.42,6.65,0.77,1.58,0.79,54.94,44.07,2025-01-09 15:15:00,NORMAL
166,6,222.71,6.85,6.42,0.43,1.43,0.82,33.01,88.09,2025-01-09 15:20:00,NORMAL
141,31,237.2,8.47,8.16,0.31,1.94,0.99,27.25,77.39,2025-01-09 15:25:00,NORMAL
138,10,240.08,11.9,11.49,0.41,2.76,0.7,62.63,75.67,2025-01-09 15:30:00,NORMAL
140,44,218.78,12.63,11.82,0.81,2.59,0.92,11.66,34.65,2025-01-09 15:35:00,NORMAL
174,21,231.9,5.84,6.1,0.26,1.41,0.98,25.47,41.52,2025-01-09 15:40:00,NORMAL
123,42,229.34,7.59,7.18,0.41,1.65,0.72,77.49,31.11,2025-01-09 15:45:00,NORMAL
159,10,229.95,7.22,7.96,0.74,1.83,0.96,18.72,76.6,2025-01-09 15:50:00,NORMAL
145,23,220.47,8.26,8.2,0.06,1.81,0.82,38.44,46.69,2025-01-09 15:55:00,NORMAL
118,3,211.73,9.56,8.42,1.14,1.78,0.96,35.27,37.93,2025-01-09 16:00:00,LEAKAGE_WARNING
167,32,222.45,9.21,9.41,0.2,2.09,0.79,10.59,40.91,2025-01-09 16:05:00,NORMAL
189,20,221.05,11.03,11.65,0.62,2.58,0.99,29.95,68.47,2025-01-09 16:10:00,NORMAL
141,10,233.53,6.15,6.42,0.27,1.5,0.89,48.98,55.98,2025-01-09 16:15:00,NORMAL
131,29,233.7,8.96,8.4,0.56,1.96,0.89,56.32,86.48,2025-01-09 16:20:00,NORMAL
138,41,233.13,12.73,12.6,0.13,2.94,0.94,61.55,51.95,2025-01-09 16:25:00,NORMAL
135,46,216.03,12.81,13.11,0.3,2.83,0.83,39.39,80.03,2025-01-09 16:30:00,NORMAL
196,34,218.8,13.33,12.53,0.8,2.74,0.78,17.26,62.79,2025-01-09 16:35:00,NORMAL
135,37,223.83,10.79,10.38,0.41,2.32,0.78,45.78,72.32,2025-01-09 16:40:00,NORMAL
102,20,230.23,8.69,9.07,0.38,2.09,0.8,65.62,40.12,2025-01-09 16:45:00,NORMAL
172,8,226.65,10.35,10.26,0.09,2.33,0.89,67.89,74.94,2025-01-09 16:50:00,NORMAL
107,7,233.11,15.06,13.79,1.27,3.21,0.95,59.74,35.14,2025-01-09 16:55:00,LEAKAGE_WARNING
196,6,239.75,8.94,8.89,0.05,2.13,0.85,24.55,71.47,2025-01-09 17:00:00,NORMAL
169,11,220.01,13.67,14.32,0.65,3.15,0.82,42.08,57.93,2025-01-09 17:05:00,NORMAL
140,44,220.39,5.13,4.69,0.44,1.03,0.94,48.45,43.71,2025-01-09 17:10:00,NORMAL
167,18,231.35,11.14,10.75,0.39,2.49,0.79,50.88,58.82,2025-01-09 17:15:00,NORMAL
112,42,229.18,11.29,10.42,0.87,2.39,0.91,18.32,81.34,2025-01-09 17:20:00,NORMAL
148,29,237.43,10.75,10.75,0.0,2.55,0.73,75.84,39.28,2025-01-09 17:25:00,NORMAL
159,25,230.08,10.88,10.46,0.42,2.41,0.73,64.79,40.18,2025-01-09 17:30:00,NORMAL
101,21,247.41,11.05,10.73,0.32,2.65,0.89,44.96,62.04,2025-01-09 17:35:00,NORMAL
159,46,214.12,11.14,10.94,0.2,2.34,0.72,46.92,67.52,2025-01-09 17:40:00,NORMAL
104,3,238.4,9.34,8.98,0.36,2.14,0.75,37.51,55.21,2025-01-09 17:45:00,NORMAL
143,18,231.99,9.46,8.96,0.5,2.08,0.89,63.54,45.98,2025-01-09 17:50:00,NORMAL
126,24,215.97,7.28,6.8,0.48,1.47,0.83,27.64,34.03,2025-01-09 17:55:00,NORMAL
131,47,209.32,11.46,10.8,0.66,2.26,0.87,46.7,32.99,2025-01-09 18:00:00,NORMAL
120,38,218.75,12.6,13.54,0.94,2.96,0.99,32.44,32.45,2025-01-09 18:05:00,NORMAL
107,10,242.09,13.49,14.04,0.55,3.4,0.89,44.74,84.08,2025-01-09 18:10:00,NORMAL
171,27,240.95,8.36,8.05,0.31,1.94,0.88,62.53,37.88,2025-01-09 18:15:00,NORMAL
149,12,228.71,6.55,6.29,0.26,1.44,0.81,35.35,47.71,2025-01-09 18:20:00,NORMAL
166,7,226.38,10.75,11.06,0.31,2.5,0.89,47.72,89.15,2025-01-09 18:25:00,NORMAL
143,17,221.44,7.69,7.66,0.03,1.7,0.7,43.08,85.65,2025-01-09 18:30:00,NORMAL
157,1,228.13,11.14,11.35,0.21,2.59,0.87,33.98,32.57,2025-01-09 18:35:00,NORMAL
102,26,225.26,5.59,5.1,0.49,1.15,0.72,35.74,63.08,2025-01-09 18:40:00,NORMAL
185,15,247.1,12.17,12.42,0.25,3.07,0.77,35.9,68.01,2025-01-09 18:45:00,NORMAL
169,33,217.63,10.31,10.0,0.31,2.18,0.87,17.92,33.25,2025-01-09 18:50:00,NORMAL
101,37,233.92,6.16,5.45,0.71,1.27,0.9,42.65,73.69,2025-01-09 18:55:00,NORMAL
186,47,247.57,10.61,10.85,0.24,2.69,0.82,46.17,89.27,2025-01-09 19:00:00,NORMAL
143,31,237.75,10.19,10.66,0.47,2.53,0.83,22.26,55.76,2025-01-09 19:05:00,NORMAL
101,35,218.76,11.05,11.23,0.18,2.46,0.85,38.2,56.97,2025-01-09 19:10:00,NORMAL
180,1,214.58,11.6,11.84,0.24,2.54,0.93,41.61,69.56,2025-01-09 19:15:00,NORMAL
134,8,232.74,5.17,4.95,0.22,1.15,0.71,57.12,74.19,2025-01-09 19:20:00,NORMAL
197,12,231.51,9.06,9.71,0.65,2.25,0.83,70.88,77.39,2025-01-09 19:25:00,NORMAL
186,19,242.32,9.82,8.82,1.0,2.14,0.7,50.9,34.65,2025-01-09 19:30:00,NORMAL
129,25,235.48,9.41,9.84,0.43,2.32,0.8,24.34,78.04,2025-01-09 19:35:00,NORMAL
107,32,225.15,9.3,9.77,0.47,2.2,0.86,31.13,81.84,2025-01-09 19:40:00,NORMAL
121,12,224.47,12.11,11.88,0.23,2.67,0.72,46.1,32.71,2025-01-09 19:45:00,NORMAL
143,13,216.94,6.54,6.4,0.14,1.39,0.85,38.21,32.35,2025-01-09 19:50:00,NORMAL
157,28,231.29,9.42,8.53,0.89,1.97,0.98,44.4,63.05,2025-01-09 19:55:00,NORMAL
135,1,215.96,9.58,9.52,0.06,2.06,0.91,57.42,59.81,2025-01-09 20:00:00,NORMAL
168,6,239.1,9.78,9.72,0.06,2.32,0.93,42.43,88.81,2025-01-09 20:05:00,NORMAL
176,8,235.89,8.05,7.53,0.52,1.78,0.87,81.7,47.66,2025-01-09 20:10:00,OVERHEAT
192,4,235.57,14.28,13.61,0.67,3.21,0.97,21.33,65.41,2025-01-09 20:15:00,NORMAL
130,5,216.78,11.96,12.73,0.77,2.76,0.74,53.08,60.4,2025-01-09 20:20:00,NORMAL
146,25,228.5,14.42,14.19,0.23,3.24,0.83,19.98,62.14,2025-01-09 20:25:00,NORMAL
154,22,226.11,11.28,10.0,1.28,2.26,0.88,32.21,69.58,2025-01-09 20:30:00,LEAKAGE_WARNING
179,28,231.03,11.52,11.63,0.11,2.69,0.96,57.62,62.26,2025-01-09 20:35:00,NORMAL
161,39,235.29,9.99,9.71,0.28,2.28,0.79,14.08,30.42,2025-01-09 20:40:00,NORMAL
129,23,224.86,13.13,12.42,0.71,2.79,0.7,49.46,80.62,2025-01-09 20:45:00,NORMAL
154,4,225.24,11.13,10.69,0.44,2.41,0.99,26.34,42.07,2025-01-09 20:50:00,NORMAL
115,4,236.8,9.62,9.95,0.33,2.36,0.71,43.95,43.87,2025-01-09 20:55:00,NORMAL
111,47,218.71,13.69,13.52,0.17,2.96,0.75,35.55,68.88,2025-01-09 21:00:00,NORMAL
116,21,222.53,7.39,7.81,0.42,1.74,0.83,45.21,58.67,2025-01-09 21:05:00,NORMAL
115,37,230.06,8.54,8.87,0.33,2.04,0.85,50.96,64.47,2025-01-09 21:10:00,NORMAL
111,41,239.0,15.62,14.87,0.75,3.55,0.95,60.88,59.85,2025-01-09 21:15:00,NORMAL
107,2,220.31,11.34,10.71,0.63,2.36,0.83,47.09,55.07,2025-01-09 21:20:00,NORMAL
183,7,247.9,4.73,3.64,1.09,0.9,0.86,54.23,59.0,2025-01-09 21:25:00,LEAKAGE_WARNING
102,49,216.49,12.04,11.38,0.66,2.46,0.76,43.99,38.47,2025-01-09 21:30:00,NORMAL
115,16,245.5,7.95,7.82,0.13,1.92,0.87,24.86,88.16,2025-01-09 21:35:00,NORMAL
129,17,242.0,8.85,9.16,0.31,2.22,0.8,27.91,64.49,2025-01-09 21:40:00,NORMAL
122,20,215.7,15.1,14.2,0.9,3.06,0.73,67.38,47.21,2025-01-09 21:45:00,NORMAL
191,23,213.68,13.31,12.8,0.51,2.74,0.98,26.69,72.77,2025-01-09 21:50:00,NORMAL
104,34,237.2,14.0,13.4,0.6,3.18,0.72,47.86,82.81,2025-01-09 21:55:00,NORMAL
183,11,226.23,8.79,8.3,0.49,1.88,0.9,47.62,47.79,2025-01-09 22:00:00,NORMAL
164,34,219.93,9.42,8.63,0.79,1.9,0.97,46.77,49.47,2025-01-09 22:05:00,NORMAL
129,33,248.12,10.44,11.0,0.56,2.73,0.75,60.34,56.31,2025-01-09 22:10:00,NORMAL
120,26,218.06,11.74,12.15,0.41,2.65,0.77,35.32,43.04,2025-01-09 22:15:00,NORMAL
183,2,222.73,9.32,9.56,0.24,2.13,0.83,41.83,78.59,2025-01-09 22:20:00,NORMAL
169,23,223.92,13.76,13.38,0.38,3.0,0.79,39.89,65.05,2025-01-09 22:25:00,NORMAL
121,41,202.01,10.98,11.01,0.03,2.22,0.93,11.01,33.42,2025-01-09 22:30:00,NORMAL
181,22,230.91,12.98,12.22,0.76,2.82,0.8,33.59,89.8,2025-01-09 22:35:00,NORMAL
171,34,220.88,8.44,8.25,0.19,1.82,1.0,60.98,64.5,2025-01-09 22:40:00,NORMAL
131,15,238.11,9.16,7.8,1.36,1.86,0.96,75.36,83.4,2025-01-09 22:45:00,LEAKAGE_WARNING
132,10,239.41,10.49,9.43,1.06,2.26,0.97,59.26,60.1,2025-01-09 22:50:00,LEAKAGE_WARNING
115,15,232.32,9.08,8.81,0.27,2.05,0.72,50.83,64.95,2025-01-09 22:55:00,NORMAL
175,42,232.43,12.1,12.58,0.48,2.92,0.75,24.37,57.27,2025-01-09 23:00:00,NORMAL
137,29,231.64,12.14,11.6,0.54,2.69,0.75,47.78,55.37,2025-01-09 23:05:00,NORMAL
197,23,223.0,9.52,9.88,0.36,2.2,0.9,46.48,43.1,2025-01-09 23:10:00,NORMAL
113,17,223.85,11.32,11.61,0.29,2.6,0.7,80.12,87.73,2025-01-09 23:15:00,OVERHEAT
135,9,243.23,14.08,14.08,0.0,3.42,0.94,18.8,40.91,2025-01-09 23:20:00,NORMAL
196,36,237.35,12.09,12.1,0.01,2.87,0.86,26.24,61.58,2025-01-09 23:25:00,NORMAL
122,9,232.06,11.3,10.82,0.48,2.51,0.87,63.18,35.23,2025-01-09 23:30:00,NORMAL
165,16,236.0,12.59,12.23,0.36,2.89,0.86,68.17,89.6,2025-01-09 23:35:00,NORMAL
184,36,229.39,13.36,13.66,0.3,3.13,0.86,49.97,63.34,2025-01-09 23:40:00,NORMAL
101,48,231.85,13.04,12.99,0.05,3.01,0.76,39.53,78.87,2025-01-09 23:45:00,NORMAL
190,33,235.95,9.86,10.34,0.48,2.44,0.78,53.6,63.78,2025-01-09 23:50:00,NORMAL
172,31,209.26,11.8,11.4,0.4,2.39,0.85,77.67,78.3,2025-01-09 23:55:00,NORMAL
164,6,239.06,9.4,10.13,0.73,2.42,0.9,35.29,62.06,2025-01-10 00:00:00,NORMAL
174,10,238.34,9.89,9.81,0.08,2.34,0.78,51.98,56.7,2025-01-10 00:05:00,NORMAL
166,16,222.19,10.96,11.08,0.12,2.46,0.94,41.97,57.35,2025-01-10 00:10:00,NORMAL
151,4,242.44,7.1,6.63,0.47,1.61,0.94,50.54,30.14,2025-01-10 00:15:00,NORMAL
161,22,207.83,10.74,10.94,0.2,2.27,0.78,56.68,52.24,2025-01-10 00:20:00,NORMAL
122,13,233.53,8.62,8.84,0.22,2.06,0.87,36.2,87.12,2025-01-10 00:25:00,NORMAL
125,16,230.4,7.63,7.23,0.4,1.67,0.8,59.71,70.53,2025-01-10 00:30:00,NORMAL
167,29,226.91,11.59,11.17,0.42,2.53,0.76,37.62,85.16,2025-01-10 00:35:00,NORMAL
181,6,230.19,9.48,9.8,0.32,2.26,0.94,53.59,42.02,2025-01-10 00:40:00,NORMAL
154,26,235.83,10.44,9.95,0.49,2.35,1.0,15.86,59.47,2025-01-10 00:45:00,NORMAL
105,11,211.94,9.53,8.1,1.43,1.72,0.87,56.45,32.07,2025-01-10 00:50:00,LEAKAGE_WARNING
134,24,240.01,8.77,8.81,0.04,2.11,0.97,31.69,70.62,2025-01-10 00:55:00,NORMAL
121,29,225.9,10.24,10.65,0.41,2.41,0.89,37.5,77.04,2025-01-10 01:00:00,NORMAL
142,3,240.15,7.28,7.05,0.23,1.69,0.87,11.15,74.87,2025-01-10 01:05:00,NORMAL
114,10,236.44,9.81,10.3,0.49,2.44,0.84,41.63,35.21,2025-01-10 01:10:00,NORMAL
185,1,225.69,13.96,13.89,0.07,3.13,0.77,64.92,44.85,2025-01-10 01:15:00,NORMAL
159,43,229.21,7.6,7.65,0.05,1.75,0.73,21.5,69.35,2025-01-10 01:20:00,NORMAL
111,26,229.79,12.85,12.3,0.55,2.83,0.83,47.92,75.54,2025-01-10 01:25:00,NORMAL
148,12,246.06,14.17,14.85,0.68,3.65,0.87,14.4,46.45,2025-01-10 01:30:00,NORMAL
141,14,218.6,8.43,9.02,0.59,1.97,0.85,42.75,54.37,2025-01-10 01:35:00,NORMAL
137,25,225.62,10.66,10.27,0.39,2.32,0.91,57.88,51.08,2025-01-10 01:40:00,NORMAL
181,8,214.18,7.4,6.93,0.47,1.48,0.76,43.37,30.27,2025-01-10 01:45:00,NORMAL
144,43,231.24,7.1,7.97,0.87,1.84,0.81,56.71,64.59,2025-01-10 01:50:00,NORMAL
134,4,223.76,10.33,9.37,0.96,2.1,0.82,37.46,70.15,2025-01-10 01:55:00,NORMAL
129,28,224.98,10.82,10.18,0.64,2.29,0.76,83.77,46.59,2025-01-10 02:00:00,OVERHEAT
187,7,244.85,8.87,9.01,0.14,2.21,0.97,61.51,71.27,2025-01-10 02:05:00,NORMAL
129,10,221.77,7.74,7.49,0.25,1.66,0.9,48.14,44.56,2025-01-10 02:10:00,NORMAL
177,36,228.4,8.43,9.22,0.79,2.11,0.73,70.68,72.93,2025-01-10 02:15:00,NORMAL
105,2,225.41,11.78,11.23,0.55,2.53,0.91,65.92,57.43,2025-01-10 02:20:00,NORMAL
166,26,226.04,11.8,12.02,0.22,2.72,0.86,36.94,82.32,2025-01-10 02:25:00,NORMAL
179,14,257.72,11.29,11.27,0.02,2.9,0.86,52.51,62.68,2025-01-10 02:30:00,NORMAL
106,16,212.65,9.23,9.08,0.15,1.93,1.0,40.56,41.08,2025-01-10 02:35:00,NORMAL
151,43,236.44,7.85,7.05,0.8,1.67,0.89,58.78,79.32,2025-01-10 02:40:00,NORMAL
113,42,254.27,12.63,12.2,0.43,3.1,0.97,68.58,76.66,2025-01-10 02:45:00,NORMAL
172,17,240.79,13.28,13.26,0.02,3.19,0.97,22.8,35.05,2025-01-10 02:50:00,NORMAL
114,46,230.47,8.95,9.04,0.09,2.08,0.73,46.79,32.88,2025-01-10 02:55:00,NORMAL
120,22,218.27,9.68,9.37,0.31,2.05,0.7,66.94,38.18,2025-01-10 03:00:00,NORMAL
134,4,243.05,7.07,6.91,0.16,1.68,0.83,56.41,80.72,2025-01-10 03:05:00,NORMAL
165,19,239.37,11.07,10.99,0.08,2.63,0.93,51.41,49.22,2025-01-10 03:10:00,NORMAL
190,2,214.7,14.15,13.95,0.2,3.0,0.95,61.13,60.29,2025-01-10 03:15:00,NORMAL
101,39,226.8,11.89,11.83,0.06,2.68,0.94,24.93,66.18,2025-01-10 03:20:00,NORMAL
134,9,217.94,14.42,15.0,0.58,3.27,0.83,53.52,74.61,2025-01-10 03:25:00,NORMAL
181,19,201.4,9.22,9.05,0.17,1.82,0.92,63.5,79.8,2025-01-10 03:30:00,NORMAL
177,16,217.71,7.38,7.19,0.19,1.57,0.92,53.54,60.95,2025-01-10 03:35:00,NORMAL
119,25,231.05,13.01,12.74,0.27,2.94,0.79,26.71,54.95,2025-01-10 03:40:00,NORMAL
181,48,235.8,10.34,10.64,0.3,2.51,0.75,39.35,41.76,2025-01-10 03:45:00,NORMAL
109,18,226.77,8.21,8.41,0.2,1.91,0.89,45.17,66.45,2025-01-10 03:50:00,NORMAL
124,23,243.74,13.74,12.72,1.02,3.1,0.9,32.71,62.99,2025-01-10 03:55:00,LEAKAGE_WARNING
165,21,240.29,8.79,8.96,0.17,2.15,0.87,31.48,47.47,2025-01-10 04:00:00,NORMAL
124,11,228.75,7.76,7.31,0.45,1.67,0.76,52.37,56.77,2025-01-10 04:05:00,NORMAL
153,39,227.47,11.2,11.4,0.2,2.59,0.78,69.71,74.38,2025-01-10 04:10:00,NORMAL
132,41,233.83,7.4,8.15,0.75,1.91,0.91,16.72,67.62,2025-01-10 04:15:00,NORMAL
135,4,229.82,12.04,11.89,0.15,2.73,0.99,37.75,58.9,2025-01-10 04:20:00,NORMAL
194,25,215.74,7.7,7.19,0.51,1.55,0.98,34.16,46.34,2025-01-10 04:25:00,NORMAL
113,32,227.05,10.5,10.47,0.03,2.38,0.86,67.52,70.08,2025-01-10 04:30:00,NORMAL
164,30,236.66,10.63,11.43,0.8,2.71,0.97,55.85,67.66,2025-01-10 04:35:00,NORMAL
179,45,243.15,10.53,11.45,0.92,2.78,0.71,65.87,57.49,2025-01-10 04:40:00,NORMAL
153,26,239.6,7.42,6.64,0.78,1.59,0.96,58.29,44.31,2025-01-10 04:45:00,NORMAL
151,36,233.34,9.61,9.42,0.19,2.2,0.84,62.72,40.49,2025-01-10 04:50:00,NORMAL
102,34,244.57,12.75,12.25,0.5,3.0,0.93,49.3,50.36,2025-01-10 04:55:00,NORMAL
198,9,234.24,9.6,9.28,0.32,2.17,0.7,52.14,84.52,2025-01-10 05:00:00,NORMAL
140,12,229.11,7.7,8.08,0.38,1.85,0.96,52.87,75.23,2025-01-10 05:05:00,NORMAL
105,2,244.79,9.11,9.04,0.07,2.21,0.88,45.5,83.46,2025-01-10 05:10:00,NORMAL
124,38,237.2,7.48,8.13,0.65,1.93,0.77,45.08,80.56,2025-01-10 05:15:00,NORMAL
112,5,243.02,5.64,4.97,0.67,1.21,0.8,52.12,57.53,2025-01-10 05:20:00,NORMAL
197,5,218.12,9.65,9.29,0.36,2.03,0.76,51.74,61.83,2025-01-10 05:25:00,NORMAL
107,22,221.4,10.2,9.63,0.57,2.13,0.83,48.17,40.18,2025-01-10 05:30:00,NORMAL
120,5,221.83,11.4,10.55,0.85,2.34,0.8,47.71,73.25,2025-01-10 05:35:00,NORMAL
197,4,231.82,10.93,10.91,0.02,2.53,0.86,55.68,55.32,2025-01-10 05:40:00,NORMAL
167,9,248.24,11.23,11.4,0.17,2.83,0.94,43.09,39.68,2025-01-10 05:45:00,NORMAL
124,29,218.61,9.92,9.77,0.15,2.14,0.99,26.69,35.72,2025-01-10 05:50:00,NORMAL
178,22,239.05,14.25,13.42,0.83,3.21,0.78,48.09,71.77,2025-01-10 05:55:00,NORMAL
167,27,217.97,8.32,8.9,0.58,1.94,0.73,31.53,58.93,2025-01-10 06:00:00,NORMAL
144,10,251.18,9.37,9.16,0.21,2.3,0.82,60.58,30.54,2025-01-10 06:05:00,NORMAL
159,16,214.03,13.32,12.72,0.6,2.72,0.74,36.2,79.47,2025-01-10 06:10:00,NORMAL
111,42,237.4,9.22,8.87,0.35,2.11,0.95,37.49,67.17,2025-01-10 06:15:00,NORMAL
131,42,238.8,9.78,9.04,0.74,2.16,0.85,51.22,32.3,2025-01-10 06:20:00,NORMAL
195,10,236.2,10.81,11.38,0.57,2.69,0.89,44.82,48.28,2025-01-10 06:25:00,NORMAL
191,6,221.23,12.33,11.59,0.74,2.56,0.75,62.74,73.34,2025-01-10 06:30:00,NORMAL
112,49,219.44,10.28,10.39,0.11,2.28,0.92,41.86,33.54,2025-01-10 06:35:00,NORMAL
130,5,242.72,8.23,9.08,0.85,2.2,0.99,40.59,74.18,2025-01-10 06:40:00,NORMAL
177,6,240.48,9.18,9.14,0.04,2.2,0.84,33.55,60.29,2025-01-10 06:45:00,NORMAL
119,47,240.35,11.08,11.3,0.22,2.72,0.99,27.22,76.97,2025-01-10 06:50:00,NORMAL
117,25,241.56,9.41,9.29,0.12,2.24,0.71,37.1,81.31,2025-01-10 06:55:00,NORMAL
192,4,214.64,9.07,9.63,0.56,2.07,0.71,51.17,76.07,2025-01-10 07:00:00,NORMAL
159,40,214.34,8.14,8.0,0.14,1.71,0.99,64.25,34.68,2025-01-10 07:05:00,NORMAL
162,48,223.29,12.39,12.48,0.09,2.79,0.91,57.77,57.62,2025-01-10 07:10:00,NORMAL
105,32,225.2,9.76,8.57,1.19,1.93,0.76,36.44,49.12,2025-01-10 07:15:00,LEAKAGE_WARNING
131,35,224.14,9.77,9.48,0.29,2.12,0.81,47.43,60.51,2025-01-10 07:20:00,NORMAL
192,10,232.77,11.36,11.05,0.31,2.57,0.85,45.42,87.95,2025-01-10 07:25:00,NORMAL
142,34,241.15,7.28,7.19,0.09,1.73,0.91,62.38,37.46,2025-01-10 07:30:00,NORMAL
101,36,227.06,10.08,9.26,0.82,2.1,0.95,64.73,81.94,2025-01-10 07:35:00,NORMAL
159,6,221.85,13.01,12.57,0.44,2.79,0.72,15.8,89.45,2025-01-10 07:40:00,NORMAL
122,43,238.13,9.87,8.91,0.96,2.12,0.9,65.9,89.4,2025-01-10 07:45:00,NORMAL
182,46,227.18,10.44,9.71,0.73,2.21,0.84,21.46,77.8,2025-01-10 07:50:00,NORMAL
130,16,231.07,10.39,10.38,0.01,2.4,0.88,49.1,57.93,2025-01-10 07:55:00,NORMAL
104,19,226.68,12.12,11.56,0.56,2.62,0.85,13.65,40.68,2025-01-10 08:00:00,NORMAL
182,34,233.4,10.4,9.79,0.61,2.28,0.84,60.23,66.49,2025-01-10 08:05:00,NORMAL
133,25,219.86,14.94,14.27,0.67,3.14,0.76,39.92,66.62,2025-01-10 08:10:00,NORMAL
109,31,237.26,10.46,10.06,0.4,2.39,0.84,55.15,48.99,2025-01-10 08:15:00,NORMAL
188,49,229.67,9.13,9.6,0.47,2.2,0.76,40.68,67.01,2025-01-10 08:20:00,NORMAL
101,41,222.36,13.02,12.83,0.19,2.85,0.71,59.57,36.99,2025-01-10 08:25:00,NORMAL
110,17,235.31,9.58,9.32,0.26,2.19,0.81,20.0,68.04,2025-01-10 08:30:00,NORMAL
149,47,222.35,8.8,8.56,0.24,1.9,0.71,54.15,83.8,2025-01-10 08:35:00,NORMAL
130,30,222.79,7.62,6.85,0.77,1.53,0.87,51.25,58.32,2025-01-10 08:40:00,NORMAL
155,39,217.99,10.96,11.08,0.12,2.42,0.72,50.62,75.87,2025-01-10 08:45:00,NORMAL
178,31,212.96,9.09,8.82,0.27,1.88,0.83,52.7,68.14,2025-01-10 08:50:00,NORMAL
172,19,235.34,8.45,8.28,0.17,1.95,0.99,62.02,30.18,2025-01-10 08:55:00,NORMAL
186,35,241.66,8.87,8.33,0.54,2.01,0.7,59.8,37.32,2025-01-10 09:00:00,NORMAL
182,29,225.49,9.27,8.16,1.11,1.84,0.81,23.83,76.49,2025-01-10 09:05:00,LEAKAGE_WARNING
108,1,222.02,11.67,11.16,0.51,2.48,0.9,46.72,32.43,2025-01-10 09:10:00,NORMAL
198,4,211.88,10.97,10.49,0.48,2.22,0.75,50.33,87.37,2025-01-10 09:15:00,NORMAL
120,28,208.27,9.71,10.02,0.31,2.09,0.87,44.01,83.64,2025-01-10 09:20:00,NORMAL
172,18,237.27,11.12,11.69,0.57,2.77,0.78,47.32,51.74,2025-01-10 09:25:00,NORMAL
127,26,210.26,9.79,9.46,0.33,1.99,0.77,52.17,48.62,2025-01-10 09:30:00,NORMAL
161,40,218.56,10.41,10.3,0.11,2.25,0.97,56.36,66.78,2025-01-10 09:35:00,NORMAL
106,19,232.83,8.67,8.24,0.43,1.92,0.76,53.56,66.71,2025-01-10 09:40:00,NORMAL
179,6,230.9,8.68,8.79,0.11,2.03,0.81,57.96,35.34,2025-01-10 09:45:00,NORMAL
115,1,233.25,10.3,9.4,0.9,2.19,0.75,74.54,42.92,2025-01-10 09:50:00,NORMAL
196,8,230.07,10.31,10.71,0.4,2.46,0.79,41.89,68.19,2025-01-10 09:55:00,NORMAL
103,33,226.43,12.02,11.92,0.1,2.7,0.79,42.99,78.05,2025-01-10 10:00:00,NORMAL
103,43,218.62,11.0,11.0,0.0,2.4,0.8,55.55,41.52,2025-01-10 10:05:00,NORMAL
139,21,223.66,9.02,8.27,0.75,1.85,0.89,44.94,72.12,2025-01-10 10:10:00,NORMAL
116,24,227.11,7.44,7.36,0.08,1.67,0.92,39.92,82.23,2025-01-10 10:15:00,NORMAL
151,25,211.1,11.77,11.86,0.09,2.5,0.85,38.18,37.07,2025-01-10 10:20:00,NORMAL
192,47,222.14,10.66,10.42,0.24,2.31,0.88,54.43,56.35,2025-01-10 10:25:00,NORMAL
151,43,226.28,11.94,12.13,0.19,2.74,0.94,51.79,81.03,2025-01-10 10:30:00,NORMAL
135,19,223.11,10.92,10.73,0.19,2.39,1.0,72.98,52.24,2025-01-10 10:35:00,NORMAL
137,29,226.57,13.61,13.47,0.14,3.05,0.84,29.63,46.17,2025-01-10 10:40:00,NORMAL
149,10,236.69,9.57,7.93,1.64,1.88,0.98,29.99,74.74,2025-01-10 10:45:00,LEAKAGE_WARNING
162,12,237.91,10.08,10.11,0.03,2.41,0.85,46.0,54.05,2025-01-10 10:50:00,NORMAL
162,33,245.11,11.58,11.42,0.16,2.8,0.93,33.24,72.38,2025-01-10 10:55:00,NORMAL
161,7,214.92,11.73,11.42,0.31,2.45,0.87,18.28,37.58,2025-01-10 11:00:00,NORMAL
198,17,225.79,10.65,10.31,0.34,2.33,0.97,38.67,63.21,2025-01-10 11:05:00,NORMAL
106,10,242.28,6.82,6.1,0.72,1.48,0.83,77.45,52.77,2025-01-10 11:10:00,NORMAL
126,31,212.54,6.46,5.3,1.16,1.13,0.91,82.3,89.84,2025-01-10 11:15:00,LEAKAGE_WARNING
191,6,218.24,9.23,9.43,0.2,2.06,0.84,53.13,65.48,2025-01-10 11:20:00,NORMAL
185,17,223.84,10.04,9.62,0.42,2.15,0.96,28.3,70.93,2025-01-10 11:25:00,NORMAL
113,37,250.44,6.26,6.14,0.12,1.54,1.0,33.28,37.86,2025-01-10 11:30:00,NORMAL
170,18,220.25,9.94,9.57,0.37,2.11,0.77,46.39,89.52,2025-01-10 11:35:00,NORMAL
185,26,240.84,11.3,10.54,0.76,2.54,0.84,37.44,33.08,2025-01-10 11:40:00,NORMAL
104,49,229.72,9.88,8.87,1.01,2.04,0.72,47.45,34.25,2025-01-10 11:45:00,LEAKAGE_WARNING
154,16,218.54,10.59,9.95,0.64,2.17,0.74,45.65,34.54,2025-01-10 11:50:00,NORMAL
101,8,258.0,11.18,10.82,0.36,2.79,0.98,26.63,82.24,2025-01-10 11:55:00,NORMAL
161,24,231.95,6.8,6.09,0.71,1.41,0.86,44.27,73.72,2025-01-10 12:00:00,NORMAL
190,13,233.76,11.31,11.53,0.22,2.7,0.82,51.94,88.38,2025-01-10 12:05:00,NORMAL
120,29,235.35,8.53,8.69,0.16,2.05,0.9,39.39,33.99,2025-01-10 12:10:00,NORMAL
178,32,234.57,9.52,9.24,0.28,2.17,0.87,59.2,71.5,2025-01-10 12:15:00,NORMAL
120,24,251.52,8.68,7.9,0.78,1.99,0.79,45.84,62.0,2025-01-10 12:20:00,NORMAL
109,16,247.86,12.15,12.1,0.05,3.0,0.77,43.05,68.35,2025-01-10 12:25:00,NORMAL
186,11,220.68,7.66,7.56,0.1,1.67,0.88,45.93,60.77,2025-01-10 12:30:00,NORMAL
157,32,250.19,12.76,13.55,0.79,3.39,0.76,36.88,70.52,2025-01-10 12:35:00,NORMAL
138,6,223.0,14.78,13.39,1.39,2.99,0.74,51.09,84.42,2025-01-10 12:40:00,LEAKAGE_WARNING
104,35,233.22,6.9,6.81,0.09,1.59,0.8,32.14,65.25,2025-01-10 12:45:00,NORMAL
164,33,215.48,8.83,10.0,1.17,2.15,0.96,80.83,83.78,2025-01-10 12:50:00,LEAKAGE_WARNING
112,18,240.37,11.22,10.94,0.28,2.63,0.71,75.43,76.93,2025-01-10 12:55:00,NORMAL
184,37,226.93,8.01,7.57,0.44,1.72,0.95,43.84,81.9,2025-01-10 13:00:00,NORMAL
189,13,218.51,9.46,9.37,0.09,2.05,0.89,53.54,69.56,2025-01-10 13:05:00,NORMAL
184,10,241.89,10.35,10.61,0.26,2.57,0.71,54.03,61.12,2025-01-10 13:10:00,NORMAL
152,37,244.36,8.57,7.92,0.65,1.94,0.88,53.92,34.17,2025-01-10 13:15:00,NORMAL
181,26,244.7,10.16,9.57,0.59,2.34,0.83,55.27,80.09,2025-01-10 13:20:00,NORMAL
144,46,214.77,11.9,11.44,0.46,2.46,0.95,56.35,44.52,2025-01-10 13:25:00,NORMAL
131,17,245.74,9.84,10.02,0.18,2.46,0.97,55.4,32.2,2025-01-10 13:30:00,NORMAL
135,1,226.99,7.92,8.02,0.1,1.82,0.79,33.22,61.14,2025-01-10 13:35:00,NORMAL
180,25,250.52,12.33,12.31,0.02,3.08,0.94,51.67,67.95,2025-01-10 13:40:00,NORMAL
198,34,236.25,12.78,12.79,0.01,3.02,0.79,33.83,69.71,2025-01-10 13:45:00,NORMAL
159,39,232.51,10.74,10.23,0.51,2.38,0.79,52.85,70.18,2025-01-10 13:50:00,NORMAL
110,10,230.09,8.04,8.04,0.0,1.85,0.76,59.04,69.22,2025-01-10 13:55:00,NORMAL
162,20,229.86,8.24,8.51,0.27,1.96,0.9,50.63,78.49,2025-01-10 14:00:00,NORMAL
120,7,223.2,5.26,4.85,0.41,1.08,0.78,56.23,76.16,2025-01-10 14:05:00,NORMAL
151,16,219.32,8.82,7.43,1.39,1.63,0.84,48.3,78.77,2025-01-10 14:10:00,LEAKAGE_WARNING
154,37,226.37,12.13,12.32,0.19,2.79,0.94,72.74,57.62,2025-01-10 14:15:00,NORMAL
125,29,241.91,8.63,8.78,0.15,2.12,0.94,51.16,33.77,2025-01-10 14:20:00,NORMAL
167,12,216.03,8.09,7.95,0.14,1.72,0.96,31.22,68.37,2025-01-10 14:25:00,NORMAL
133,17,243.41,12.05,11.47,0.58,2.79,0.75,37.71,42.61,2025-01-10 14:30:00,NORMAL
151,48,231.43,12.3,11.82,0.48,2.74,0.88,51.52,81.57,2025-01-10 14:35:00,NORMAL
181,20,237.81,8.93,8.79,0.14,2.09,0.97,64.69,73.3,2025-01-10 14:40:00,NORMAL
198,26,238.33,11.02,11.04,0.02,2.63,0.71,51.03,75.95,2025-01-10 14:45:00,NORMAL
192,48,239.28,8.26,7.01,1.25,1.68,0.94,48.39,47.19,2025-01-10 14:50:00,LEAKAGE_WARNING
151,19,230.22,9.31,8.54,0.77,1.97,0.77,28.23,67.98,2025-01-10 14:55:00,NORMAL
128,47,230.52,6.36,5.29,1.07,1.22,0.9,73.44,61.69,2025-01-10 15:00:00,LEAKAGE_WARNING
137,12,238.94,10.72,10.17,0.55,2.43,0.92,25.08,46.11,2025-01-10 15:05:00,NORMAL
141,21,219.59,9.79,9.64,0.15,2.12,0.98,21.82,78.73,2025-01-10 15:10:00,NORMAL
120,42,218.06,8.66,8.26,0.4,1.8,0.85,37.95,63.0,2025-01-10 15:15:00,NORMAL
141,34,225.35,9.82,8.72,1.1,1.97,0.95,53.89,41.45,2025-01-10 15:20:00,LEAKAGE_WARNING
112,7,232.88,9.57,9.11,0.46,2.12,0.71,39.0,48.31,2025-01-10 15:25:00,NORMAL
163,45,249.21,8.35,9.01,0.66,2.25,0.83,35.76,43.63,2025-01-10 15:30:00,NORMAL
116,35,230.48,10.8,9.9,0.9,2.28,0.83,32.66,48.74,2025-01-10 15:35:00,NORMAL
108,15,250.0,9.4,8.45,0.95,2.11,0.86,71.52,41.29,2025-01-10 15:40:00,NORMAL
140,1,235.15,9.73,8.91,0.82,2.1,0.84,50.03,52.27,2025-01-10 15:45:00,NORMAL
100,26,225.47,7.08,7.55,0.47,1.7,0.99,58.44,71.64,2025-01-10 15:50:00,NORMAL
101,35,241.47,9.75,9.36,0.39,2.26,0.72,75.86,87.56,2025-01-10 15:55:00,NORMAL
159,25,227.57,9.64,8.93,0.71,2.03,0.78,75.38,42.63,2025-01-10 16:00:00,NORMAL
147,42,232.51,8.35,8.14,0.21,1.89,0.99,31.52,47.99,2025-01-10 16:05:00,NORMAL
128,15,216.64,11.06,10.67,0.39,2.31,0.83,48.74,30.13,2025-01-10 16:10:00,NORMAL
196,22,214.91,5.78,5.3,0.48,1.14,0.87,56.81,43.52,2025-01-10 16:15:00,NORMAL
109,6,235.54,9.04,9.25,0.21,2.18,0.72,46.63,55.11,2025-01-10 16:20:00,NORMAL
157,15,241.04,10.62,10.18,0.44,2.45,0.79,34.86,57.7,2025-01-10 16:25:00,NORMAL
159,24,249.46,14.2,14.49,0.29,3.61,0.71,5.0,45.98,2025-01-10 16:30:00,NORMAL
120,21,221.91,7.27,7.12,0.15,1.58,0.74,65.19,39.02,2025-01-10 16:35:00,NORMAL
127,7,244.64,10.18,10.27,0.09,2.51,0.89,72.73,63.78,2025-01-10 16:40:00,NORMAL
174,29,243.14,11.1,10.46,0.64,2.54,0.93,56.05,54.55,2025-01-10 16:45:00,NORMAL
133,32,225.09,10.13,9.6,0.53,2.16,0.96,44.65,55.58,2025-01-10 16:50:00,NORMAL
107,32,243.88,7.54,7.06,0.48,1.72,0.78,36.71,83.7,2025-01-10 16:55:00,NORMAL
158,5,239.44,9.03,8.69,0.34,2.08,0.8,46.94,63.69,2025-01-10 17:00:00,NORMAL
185,4,241.42,5.12,4.7,0.42,1.13,0.87,65.04,53.3,2025-01-10 17:05:00,NORMAL
171,22,251.67,10.01,8.81,1.2,2.22,0.73,53.27,45.23,2025-01-10 17:10:00,LEAKAGE_WARNING
148,18,241.01,7.17,6.31,0.86,1.52,0.94,12.35,55.72,2025-01-10 17:15:00,NORMAL
178,35,208.63,10.91,11.19,0.28,2.33,0.84,69.05,81.71,2025-01-10 17:20:00,NORMAL
116,17,233.23,8.69,8.76,0.07,2.04,0.99,55.18,87.91,2025-01-10 17:25:00,NORMAL
159,24,214.33,8.5,8.4,0.1,1.8,0.74,28.92,52.63,2025-01-10 17:30:00,NORMAL
186,2,231.51,10.33,10.25,0.08,2.37,0.74,53.87,42.54,2025-01-10 17:35:00,NORMAL
187,13,230.94,10.52,10.73,0.21,2.48,0.8,48.12,84.87,2025-01-10 17:40:00,NORMAL
144,15,224.16,11.74,11.25,0.49,2.52,0.76,48.06,38.67,2025-01-10 17:45:00,NORMAL
182,5,219.72,9.48,9.31,0.17,2.05,0.91,29.88,47.84,2025-01-10 17:50:00,NORMAL
168,3,224.7,9.79,9.48,0.31,2.13,0.98,41.08,42.25,2025-01-10 17:55:00,NORMAL
131,37,226.63,7.23,7.88,0.65,1.79,0.73,20.82,63.95,2025-01-10 18:00:00,NORMAL
143,37,228.68,12.9,13.49,0.59,3.08,0.77,63.39,54.52,2025-01-10 18:05:00,NORMAL
164,37,231.05,8.13,8.2,0.07,1.89,0.77,32.14,47.23,2025-01-10 18:10:00,NORMAL
186,3,235.85,11.45,10.95,0.5,2.58,0.85,61.83,76.08,2025-01-10 18:15:00,NORMAL
107,35,226.87,11.46,11.02,0.44,2.5,0.84,54.22,69.85,2025-01-10 18:20:00,NORMAL
176,23,242.8,10.8,10.1,0.7,2.45,0.92,39.06,89.73,2025-01-10 18:25:00,NORMAL
171,28,229.62,9.53,9.68,0.15,2.22,0.92,33.77,48.72,2025-01-10 18:30:00,NORMAL
186,30,239.24,9.27,8.73,0.54,2.09,0.87,48.14,80.72,2025-01-10 18:35:00,NORMAL
142,18,226.96,9.87,8.9,0.97,2.02,0.88,61.27,48.15,2025-01-10 18:40:00,NORMAL
100,36,257.44,6.19,5.53,0.66,1.42,0.95,57.19,30.54,2025-01-10 18:45:00,NORMAL
150,33,234.67,9.95,10.4,0.45,2.44,0.82,53.48,39.05,2025-01-10 18:50:00,NORMAL
123,26,246.35,12.97,12.22,0.75,3.01,0.7,42.55,60.51,2025-01-10 18:55:00,NORMAL
198,48,223.06,9.55,9.19,0.36,2.05,0.76,57.24,78.6,2025-01-10 19:00:00,NORMAL
123,40,225.53,9.93,9.5,0.43,2.14,0.71,21.86,33.44,2025-01-10 19:05:00,NORMAL
116,17,227.48,7.95,6.5,1.45,1.48,0.82,48.69,79.92,2025-01-10 19:10:00,LEAKAGE_WARNING
104,40,254.73,10.37,10.05,0.32,2.56,0.81,45.13,72.96,2025-01-10 19:15:00,NORMAL
119,7,227.87,8.44,7.92,0.52,1.8,0.73,26.65,32.07,2025-01-10 19:20:00,NORMAL
120,8,221.77,11.7,11.45,0.25,2.54,0.93,39.76,36.38,2025-01-10 19:25:00,NORMAL
157,31,243.01,12.28,12.2,0.08,2.96,0.87,70.38,34.54,2025-01-10 19:30:00,NORMAL
130,12,230.59,12.72,12.34,0.38,2.85,0.77,53.57,70.74,2025-01-10 19:35:00,NORMAL
199,48,227.82,7.11,7.13,0.02,1.62,0.93,59.09,63.66,2025-01-10 19:40:00,NORMAL
110,31,223.9,11.45,11.18,0.27,2.5,0.9,38.31,51.53,2025-01-10 19:45:00,NORMAL
151,44,234.89,11.29,11.24,0.05,2.64,0.76,19.81,35.3,2025-01-10 19:50:00,NORMAL
114,19,240.63,9.17,10.01,0.84,2.41,0.99,67.52,53.58,2025-01-10 19:55:00,NORMAL
182,10,237.88,12.39,12.44,0.05,2.96,0.75,34.01,70.93,2025-01-10 20:00:00,NORMAL
106,39,225.21,10.83,10.15,0.68,2.29,0.93,40.05,35.6,2025-01-10 20:05:00,NORMAL
127,12,220.12,12.75,12.29,0.46,2.71,0.99,24.77,81.4,2025-01-10 20:10:00,NORMAL
150,20,189.81,7.46,7.38,0.08,1.4,0.92,65.89,33.77,2025-01-10 20:15:00,VOLTAGE_FAULT
157,37,220.55,8.57,8.32,0.25,1.83,0.9,49.96,66.49,2025-01-10 20:20:00,NORMAL
104,48,226.28,10.19,10.39,0.2,2.35,0.97,43.02,41.35,2025-01-10 20:25:00,NORMAL
104,41,229.41,12.35,12.5,0.15,2.87,0.78,54.2,35.5,2025-01-10 20:30:00,NORMAL
193,7,227.29,10.91,10.71,0.2,2.43,0.78,39.45,51.3,2025-01-10 20:35:00,NORMAL
195,14,258.01,8.1,8.01,0.09,2.07,0.89,35.93,70.02,2025-01-10 20:40:00,NORMAL
107,11,234.91,13.55,13.73,0.18,3.23,0.96,27.28,37.26,2025-01-10 20:45:00,NORMAL
163,7,217.62,9.41,9.24,0.17,2.01,0.89,25.36,58.54,2025-01-10 20:50:00,NORMAL
109,29,236.56,8.17,8.53,0.36,2.02,0.99,61.06,54.37,2025-01-10 20:55:00,NORMAL
137,10,233.91,8.45,7.46,0.99,1.74,0.77,64.02,55.65,2025-01-10 21:00:00,NORMAL
195,29,219.5,7.34,6.69,0.65,1.47,0.95,19.56,86.61,2025-01-10 21:05:00,NORMAL
191,9,232.89,5.51,6.4,0.89,1.49,0.98,44.23,50.94,2025-01-10 21:10:00,NORMAL
180,36,235.3,9.77,9.15,0.62,2.15,0.83,46.58,89.5,2025-01-10 21:15:00,NORMAL
194,48,240.25,6.89,6.88,0.01,1.65,0.99,35.25,62.3,2025-01-10 21:20:00,NORMAL
107,10,212.24,10.63,10.7,0.07,2.27,0.76,32.77,80.55,2025-01-10 21:25:00,NORMAL
124,19,236.48,11.97,11.39,0.58,2.69,0.99,46.52,50.93,2025-01-10 21:30:00,NORMAL
172,31,244.1,10.75,10.62,0.13,2.59,0.97,34.55,35.09,2025-01-10 21:35:00,NORMAL
165,17,248.88,10.09,10.08,0.01,2.51,0.72,45.48,35.06,2025-01-10 21:40:00,NORMAL
178,9,217.74,6.92,7.38,0.46,1.61,0.86,28.8,64.45,2025-01-10 21:45:00,NORMAL
149,45,228.54,11.69,11.03,0.66,2.52,0.86,36.24,85.79,2025-01-10 21:50:00,NORMAL
166,33,229.51,13.89,13.17,0.72,3.02,0.72,40.85,34.27,2025-01-10 21:55:00,NORMAL
148,34,236.76,12.82,12.54,0.28,2.97,0.71,39.99,71.35,2025-01-10 22:00:00,NORMAL
135,45,228.35,7.34,7.72,0.38,1.76,0.7,62.19,63.8,2025-01-10 22:05:00,NORMAL
167,24,222.85,9.84,9.49,0.35,2.11,0.86,36.72,69.14,2025-01-10 22:10:00,NORMAL
177,9,232.17,9.43,8.91,0.52,2.07,0.84,59.14,42.93,2025-01-10 22:15:00,NORMAL
140,7,226.62,9.2,9.01,0.19,2.04,0.98,0.36,34.23,2025-01-10 22:20:00,NORMAL
188,16,235.62,10.05,9.41,0.64,2.22,0.8,45.03,34.48,2025-01-10 22:25:00,NORMAL
161,19,221.9,14.33,14.05,0.28,3.12,0.9,13.58,44.8,2025-01-10 22:30:00,NORMAL
109,39,219.78,10.21,9.86,0.35,2.17,0.7,63.5,42.82,2025-01-10 22:35:00,NORMAL
120,6,243.15,9.11,8.17,0.94,1.99,0.9,75.37,37.58,2025-01-10 22:40:00,NORMAL
135,11,252.73,10.6,10.65,0.05,2.69,0.97,44.46,45.88,2025-01-10 22:45:00,NORMAL
111,12,248.22,7.37,7.95,0.58,1.97,0.81,70.84,62.04,2025-01-10 22:50:00,NORMAL
190,42,229.28,8.57,8.45,0.12,1.94,0.79,33.05,86.97,2025-01-10 22:55:00,NORMAL
101,13,240.55,11.97,12.05,0.08,2.9,0.89,59.74,85.34,2025-01-10 23:00:00,NORMAL
112,12,223.14,10.38,10.89,0.51,2.43,0.8,57.69,46.3,2025-01-10 23:05:00,NORMAL
152,21,235.08,14.2,13.69,0.51,3.22,0.82,42.7,33.97,2025-01-10 23:10:00,NORMAL
131,10,224.16,10.54,10.34,0.2,2.32,0.78,44.87,89.74,2025-01-10 23:15:00,NORMAL
194,20,242.57,7.51,8.22,0.71,1.99,0.8,49.98,58.58,2025-01-10 23:20:00,NORMAL
115,36,241.23,6.83,5.86,0.97,1.41,0.9,48.09,88.7,2025-01-10 23:25:00,NORMAL
131,28,250.76,12.0,12.16,0.16,3.05,0.98,50.16,62.26,2025-01-10 23:30:00,NORMAL
131,24,227.71,7.92,8.03,0.11,1.83,0.87,77.09,83.18,2025-01-10 23:35:00,NORMAL
197,5,245.79,7.74,7.07,0.67,1.74,0.7,75.07,56.83,2025-01-10 23:40:00,NORMAL
110,37,235.06,8.97,8.56,0.41,2.01,0.78,57.73,67.32,2025-01-10 23:45:00,NORMAL
109,12,230.75,11.99,11.24,0.75,2.59,0.99,76.02,62.14,2025-01-10 23:50:00,NORMAL
114,35,233.37,9.26,10.15,0.89,2.37,0.97,28.57,43.19,2025-01-10 23:55:00,NORMAL
116,40,246.98,8.32,8.26,0.06,2.04,0.73,57.35,75.83,2025-01-11 00:00:00,NORMAL
139,2,228.68,12.43,12.16,0.27,2.78,0.97,57.93,33.29,2025-01-11 00:05:00,NORMAL
117,41,229.19,12.08,11.23,0.85,2.57,0.99,38.82,51.74,2025-01-11 00:10:00,NORMAL
154,45,209.34,13.33,13.55,0.22,2.84,0.8,77.35,82.19,2025-01-11 00:15:00,NORMAL
172,39,228.53,12.7,12.67,0.03,2.9,0.91,69.26,60.16,2025-01-11 00:20:00,NORMAL
124,42,232.64,12.12,11.85,0.27,2.76,0.87,53.04,34.66,2025-01-11 00:25:00,NORMAL
158,9,222.38,8.5,7.92,0.58,1.76,0.8,34.37,42.45,2025-01-11 00:30:00,NORMAL
177,22,219.92,11.32,11.67,0.35,2.57,0.75,21.96,36.58,2025-01-11 00:35:00,NORMAL
188,47,211.49,12.43,11.82,0.61,2.5,0.81,29.5,46.66,2025-01-11 00:40:00,NORMAL
121,5,224.15,13.71,13.81,0.1,3.1,0.98,69.58,39.92,2025-01-11 00:45:00,NORMAL
129,12,244.21,10.34,9.95,0.39,2.43,0.94,40.91,72.72,2025-01-11 00:50:00,NORMAL
183,1,215.18,9.02,8.92,0.1,1.92,0.8,62.3,69.57,2025-01-11 00:55:00,NORMAL
184,44,237.89,8.23,7.89,0.34,1.88,0.86,50.48,38.1,2025-01-11 01:00:00,NORMAL
143,22,238.79,11.96,11.65,0.31,2.78,0.82,14.63,56.7,2025-01-11 01:05:00,NORMAL
131,38,254.53,8.67,7.83,0.84,1.99,0.84,41.09,47.75,2025-01-11 01:10:00,NORMAL
150,19,240.38,10.21,10.13,0.08,2.44,0.93,30.63,50.23,2025-01-11 01:15:00,NORMAL
145,16,239.55,8.24,8.19,0.05,1.96,0.86,57.49,64.56,2025-01-11 01:20:00,NORMAL
120,31,233.68,9.68,8.95,0.73,2.09,0.75,58.32,83.92,2025-01-11 01:25:00,NORMAL
198,3,230.01,10.88,9.98,0.9,2.3,0.78,42.23,83.84,2025-01-11 01:30:00,NORMAL
131,23,238.52,10.54,10.54,0.0,2.51,0.87,68.11,54.78,2025-01-11 01:35:00,NORMAL
193,42,242.49,11.48,10.93,0.55,2.65,0.91,61.23,53.59,2025-01-11 01:40:00,NORMAL
138,18,231.7,7.25,7.48,0.23,1.73,0.85,38.58,61.08,2025-01-11 01:45:00,NORMAL
111,26,242.92,9.77,9.22,0.55,2.24,0.89,53.19,58.45,2025-01-11 01:50:00,NORMAL
146,13,258.83,9.06,8.4,0.66,2.17,0.94,33.12,33.71,2025-01-11 01:55:00,NORMAL
117,18,230.71,8.04,7.98,0.06,1.84,0.86,39.96,64.72,2025-01-11 02:00:00,NORMAL
120,3,230.99,8.5,7.74,0.76,1.79,0.99,54.14,65.08,2025-01-11 02:05:00,NORMAL
112,23,229.08,8.21,8.14,0.07,1.86,0.77,45.88,57.02,2025-01-11 02:10:00,NORMAL
120,3,231.34,10.7,10.49,0.21,2.43,0.98,23.75,54.84,2025-01-11 02:15:00,NORMAL
107,25,242.23,10.8,10.4,0.4,2.52,0.77,51.25,86.34,2025-01-11 02:20:00,NORMAL
145,27,230.87,11.75,12.03,0.28,2.78,0.86,40.22,66.05,2025-01-11 02:25:00,NORMAL
106,44,231.89,10.66,11.14,0.48,2.58,0.84,33.05,78.98,2025-01-11 02:30:00,NORMAL
122,27,227.5,10.32,9.98,0.34,2.27,0.81,28.58,87.23,2025-01-11 02:35:00,NORMAL
195,39,234.89,10.16,10.33,0.17,2.43,0.99,42.1,78.61,2025-01-11 02:40:00,NORMAL
174,25,224.97,11.35,11.76,0.41,2.65,0.78,48.82,86.58,2025-01-11 02:45:00,NORMAL
185,24,217.74,5.79,5.21,0.58,1.13,0.9,41.54,75.56,2025-01-11 02:50:00,NORMAL
121,8,234.48,9.88,8.92,0.96,2.09,0.94,49.59,40.21,2025-01-11 02:55:00,NORMAL
188,9,249.79,10.63,10.0,0.63,2.5,0.76,41.07,43.62,2025-01-11 03:00:00,NORMAL
121,46,227.1,13.58,13.97,0.39,3.17,0.99,53.87,41.63,2025-01-11 03:05:00,NORMAL
191,37,219.59,7.78,7.49,0.29,1.64,0.86,42.79,49.33,2025-01-11 03:10:00,NORMAL
128,30,249.16,7.71,7.66,0.05,1.91,0.97,20.47,51.3,2025-01-11 03:15:00,NORMAL
112,19,230.46,5.46,5.69,0.23,1.31,0.9,27.01,78.67,2025-01-11 03:20:00,NORMAL
181,16,239.45,7.22,6.98,0.24,1.67,0.89,37.11,51.65,2025-01-11 03:25:00,NORMAL
101,24,222.71,9.7,9.53,0.17,2.12,0.8,63.9,73.63,2025-01-11 03:30:00,NORMAL
128,44,230.1,8.55,8.47,0.08,1.95,0.93,30.67,84.23,2025-01-11 03:35:00,NORMAL
184,21,244.01,8.51,7.82,0.69,1.91,0.71,50.9,36.87,2025-01-11 03:40:00,NORMAL
178,36,231.31,10.05,9.2,0.85,2.13,0.87,51.1,30.02,2025-01-11 03:45:00,NORMAL
151,40,231.43,11.16,11.12,0.04,2.57,0.71,26.75,83.32,2025-01-11 03:50:00,NORMAL
126,39,215.11,10.03,9.92,0.11,2.13,0.79,40.95,44.3,2025-01-11 03:55:00,NORMAL
149,47,237.87,10.05,9.97,0.08,2.37,0.73,47.32,39.21,2025-01-11 04:00:00,NORMAL
194,6,222.14,10.81,10.35,0.46,2.3,0.97,40.81,47.71,2025-01-11 04:05:00,NORMAL
178,5,241.2,6.33,5.96,0.37,1.44,0.89,53.5,41.16,2025-01-11 04:10:00,NORMAL
122,14,232.02,10.26,10.41,0.15,2.42,0.9,52.93,77.62,2025-01-11 04:15:00,NORMAL
187,45,232.91,9.85,9.71,0.14,2.26,0.96,48.18,68.07,2025-01-11 04:20:00,NORMAL
143,42,237.73,9.99,10.54,0.55,2.51,0.92,58.77,40.04,2025-01-11 04:25:00,NORMAL
176,4,233.75,8.83,9.42,0.59,2.2,0.74,44.94,65.01,2025-01-11 04:30:00,NORMAL
121,8,247.18,9.59,9.98,0.39,2.47,0.89,46.7,42.49,2025-01-11 04:35:00,NORMAL
142,24,245.6,10.81,10.74,0.07,2.64,0.99,49.24,41.85,2025-01-11 04:40:00,NORMAL
136,11,217.83,13.22,12.71,0.51,2.77,0.76,28.53,65.73,2025-01-11 04:45:00,NORMAL
160,17,228.29,6.62,6.81,0.19,1.55,0.89,53.7,69.88,2025-01-11 04:50:00,NORMAL
196,21,238.37,11.14,11.0,0.14,2.62,0.87,35.8,50.77,2025-01-11 04:55:00,NORMAL
155,26,220.57,12.44,12.13,0.31,2.68,0.82,41.8,75.8,2025-01-11 05:00:00,NORMAL
102,43,214.32,7.46,6.49,0.97,1.39,0.99,53.2,80.23,2025-01-11 05:05:00,NORMAL
162,48,222.4,9.64,9.41,0.23,2.09,0.81,51.7,84.98,2025-01-11 05:10:00,NORMAL
118,44,228.85,10.55,10.3,0.25,2.36,0.73,23.68,67.56,2025-01-11 05:15:00,NORMAL
122,45,189.35,14.02,14.12,0.1,2.67,0.99,23.82,43.2,2025-01-11 05:20:00,VOLTAGE_FAULT
128,27,218.86,14.35,13.23,1.12,2.9,0.92,30.06,74.91,2025-01-11 05:25:00,LEAKAGE_WARNING
129,16,212.21,7.46,6.88,0.58,1.46,0.8,48.02,36.47,2025-01-11 05:30:00,NORMAL
138,26,241.47,9.4,9.76,0.36,2.36,0.78,64.6,40.87,2025-01-11 05:35:00,NORMAL
124,33,239.31,10.4,9.45,0.95,2.26,0.98,37.78,79.97,2025-01-11 05:40:00,NORMAL
107,31,232.79,11.11,10.55,0.56,2.46,0.78,30.88,84.65,2025-01-11 05:45:00,NORMAL
157,48,231.0,10.4,10.08,0.32,2.33,0.86,30.94,34.0,2025-01-11 05:50:00,NORMAL
115,47,235.45,8.1,7.57,0.53,1.78,0.76,51.56,48.73,2025-01-11 05:55:00,NORMAL
171,6,220.02,8.02,7.25,0.77,1.6,1.0,61.13,67.75,2025-01-11 06:00:00,NORMAL
100,44,242.53,6.92,7.1,0.18,1.72,0.93,60.27,86.32,2025-01-11 06:05:00,NORMAL
104,8,230.93,5.96,5.95,0.01,1.37,0.87,34.88,64.24,2025-01-11 06:10:00,NORMAL
102,7,239.18,6.87,6.69,0.18,1.6,0.92,22.24,79.26,2025-01-11 06:15:00,NORMAL
164,34,238.76,12.32,12.74,0.42,3.04,0.97,46.26,85.37,2025-01-11 06:20:00,NORMAL
103,44,235.34,11.42,10.86,0.56,2.56,0.99,67.23,61.14,2025-01-11 06:25:00,NORMAL
198,14,233.13,11.11,11.05,0.06,2.58,0.94,51.48,74.43,2025-01-11 06:30:00,NORMAL
195,16,232.38,9.55,9.54,0.01,2.22,0.95,24.64,69.74,2025-01-11 06:35:00,NORMAL
163,43,229.37,9.92,10.04,0.12,2.3,0.82,43.99,70.28,2025-01-11 06:40:00,NORMAL
197,9,234.83,9.46,9.28,0.18,2.18,0.82,29.86,61.02,2025-01-11 06:45:00,NORMAL
188,10,232.06,6.83,6.55,0.28,1.52,0.94,49.95,67.39,2025-01-11 06:50:00,NORMAL
109,17,225.13,11.3,10.6,0.7,2.39,0.93,44.36,63.26,2025-01-11 06:55:00,NORMAL
120,12,236.1,11.71,11.0,0.71,2.6,0.97,40.91,68.26,2025-01-11 07:00:00,NORMAL
145,6,232.81,7.7,8.07,0.37,1.88,0.74,35.54,60.31,2025-01-11 07:05:00,NORMAL
190,19,242.1,7.7,7.27,0.43,1.76,0.91,51.39,43.35,2025-01-11 07:10:00,NORMAL
126,43,211.9,10.7,9.89,0.81,2.1,0.89,62.91,71.62,2025-01-11 07:15:00,NORMAL
165,41,230.36,10.69,10.6,0.09,2.44,0.94,69.27,53.04,2025-01-11 07:20:00,NORMAL
140,29,222.75,11.47,11.35,0.12,2.53,0.71,51.2,37.66,2025-01-11 07:25:00,NORMAL
112,6,224.82,12.83,12.83,0.0,2.88,0.95,64.06,81.08,2025-01-11 07:30:00,NORMAL
108,25,235.6,7.88,7.41,0.47,1.75,0.8,29.83,40.88,2025-01-11 07:35:00,NORMAL
135,24,215.64,9.84,9.5,0.34,2.05,0.91,39.97,62.44,2025-01-11 07:40:00,NORMAL
185,25,231.33,8.0,7.31,0.69,1.69,0.88,30.62,73.27,2025-01-11 07:45:00,NORMAL
189,16,230.3,8.14,8.0,0.14,1.84,0.83,37.67,68.86,2025-01-11 07:50:00,NORMAL
157,16,219.5,9.14,8.31,0.83,1.82,0.92,29.61,39.65,2025-01-11 07:55:00,NORMAL
153,6,231.58,12.88,12.38,0.5,2.87,0.99,69.43,41.65,2025-01-11 08:00:00,NORMAL
111,37,222.38,12.21,11.42,0.79,2.54,0.8,39.41,38.93,2025-01-11 08:05:00,NORMAL
180,21,251.97,9.85,9.95,0.1,2.51,0.92,42.88,34.35,2025-01-11 08:10:00,NORMAL
177,4,242.02,5.69,4.71,0.98,1.14,0.79,21.81,47.0,2025-01-11 08:15:00,NORMAL
113,34,230.67,10.79,10.87,0.08,2.51,0.95,14.89,61.45,2025-01-11 08:20:00,NORMAL
133,28,225.68,10.74,10.79,0.05,2.44,0.83,70.49,40.38,2025-01-11 08:25:00,NORMAL
152,38,235.04,8.13,8.13,0.0,1.91,0.83,41.41,88.25,2025-01-11 08:30:00,NORMAL
119,41,237.67,11.66,11.71,0.05,2.78,0.93,79.41,71.93,2025-01-11 08:35:00,NORMAL
174,28,232.55,8.09,6.94,1.15,1.61,0.85,42.74,65.01,2025-01-11 08:40:00,LEAKAGE_WARNING
115,17,219.85,11.66,11.2,0.46,2.46,0.78,26.34,70.89,2025-01-11 08:45:00,NORMAL
194,14,227.9,10.48,10.03,0.45,2.29,1.0,45.33,56.16,2025-01-11 08:50:00,NORMAL
169,7,230.78,7.08,7.83,0.75,1.81,0.89,46.11,58.19,2025-01-11 08:55:00,NORMAL
155,22,232.9,9.28,8.44,0.84,1.97,0.89,47.15,83.32,2025-01-11 09:00:00,NORMAL
182,1,233.13,10.29,10.61,0.32,2.47,0.89,43.96,73.32,2025-01-11 09:05:00,NORMAL
157,29,237.31,10.6,10.42,0.18,2.47,0.97,22.3,65.29,2025-01-11 09:10:00,NORMAL
103,31,243.42,12.07,12.22,0.15,2.97,0.76,21.98,87.01,2025-01-11 09:15:00,NORMAL
103,30,240.13,12.32,12.0,0.32,2.88,0.72,62.45,69.76,2025-01-11 09:20:00,NORMAL
119,15,235.9,9.52,8.55,0.97,2.02,0.82,74.51,53.92,2025-01-11 09:25:00,NORMAL
109,18,217.42,11.12,11.4,0.28,2.48,0.87,40.69,32.85,2025-01-11 09:30:00,NORMAL
123,35,241.86,13.22,13.38,0.16,3.24,0.79,17.56,53.44,2025-01-11 09:35:00,NORMAL
198,30,238.19,7.96,7.69,0.27,1.83,0.91,63.05,85.49,2025-01-11 09:40:00,NORMAL
125,34,227.44,8.78,7.8,0.98,1.77,0.72,32.28,32.68,2025-01-11 09:45:00,NORMAL
136,42,230.3,6.69,6.7,0.01,1.54,0.94,50.21,41.07,2025-01-11 09:50:00,NORMAL
184,11,230.66,8.74,8.9,0.16,2.05,0.92,37.14,78.52,2025-01-11 09:55:00,NORMAL
153,27,225.62,10.41,10.13,0.28,2.29,0.76,37.59,51.9,2025-01-11 10:00:00,NORMAL
120,24,212.52,5.77,5.57,0.2,1.18,0.79,32.05,41.15,2025-01-11 10:05:00,NORMAL
173,35,218.83,10.87,11.18,0.31,2.45,0.94,65.95,78.94,2025-01-11 10:10:00,NORMAL
137,39,220.93,9.06,9.06,0.0,2.0,0.93,51.78,63.51,2025-01-11 10:15:00,NORMAL
145,8,210.32,9.87,10.65,0.78,2.24,0.94,49.96,62.91,2025-01-11 10:20:00,NORMAL
103,18,218.87,7.66,7.48,0.18,1.64,0.8,45.57,47.63,2025-01-11 10:25:00,NORMAL
159,13,241.41,9.8,10.22,0.42,2.47,0.99,50.78,70.51,2025-01-11 10:30:00,NORMAL
156,45,234.86,13.36,11.93,1.43,2.8,0.91,27.23,81.71,2025-01-11 10:35:00,LEAKAGE_WARNING
144,24,220.29,9.2,8.72,0.48,1.92,0.72,52.84,75.01,2025-01-11 10:40:00,NORMAL
119,23,223.12,5.57,5.24,0.33,1.17,0.84,63.14,66.75,2025-01-11 10:45:00,NORMAL
116,12,242.29,12.43,11.97,0.46,2.9,0.9,48.3,51.03,2025-01-11 10:50:00,NORMAL
170,49,242.04,11.08,11.13,0.05,2.69,0.75,57.99,81.29,2025-01-11 10:55:00,NORMAL
103,30,230.7,10.19,10.06,0.13,2.32,0.97,38.9,63.97,2025-01-11 11:00:00,NORMAL
192,31,241.75,11.14,10.69,0.45,2.58,0.93,51.14,83.38,2025-01-11 11:05:00,NORMAL
113,28,222.34,10.17,10.46,0.29,2.33,0.72,39.19,45.25,2025-01-11 11:10:00,NORMAL
102,22,232.27,13.29,12.75,0.54,2.96,0.97,20.29,69.26,2025-01-11 11:15:00,NORMAL
187,44,215.26,11.5,10.25,1.25,2.21,0.82,41.47,86.11,2025-01-11 11:20:00,LEAKAGE_WARNING
179,28,226.36,9.09,9.63,0.54,2.18,0.84,61.89,52.45,2025-01-11 11:25:00,NORMAL
157,13,230.28,12.98,12.51,0.47,2.88,0.93,24.99,87.08,2025-01-11 11:30:00,NORMAL
154,25,213.15,13.64,13.85,0.21,2.95,0.89,69.48,53.55,2025-01-11 11:35:00,NORMAL
103,44,235.93,11.82,11.27,0.55,2.66,0.83,36.73,56.26,2025-01-11 11:40:00,NORMAL
123,46,237.6,10.81,10.44,0.37,2.48,0.78,53.44,78.39,2025-01-11 11:45:00,NORMAL
133,7,240.11,8.29,7.15,1.14,1.72,0.86,67.77,45.65,2025-01-11 11:50:00,LEAKAGE_WARNING
129,45,253.34,11.37,10.32,1.05,2.61,0.87,72.42,72.35,2025-01-11 11:55:00,LEAKAGE_WARNING
181,6,234.17,10.78,11.3,0.52,2.65,0.89,69.12,47.9,2025-01-11 12:00:00,NORMAL
118,24,229.36,9.95,9.37,0.58,2.15,0.88,33.62,65.63,2025-01-11 12:05:00,NORMAL
130,19,213.98,11.4,10.83,0.57,2.32,0.89,62.16,76.56,2025-01-11 12:10:00,NORMAL
159,19,233.92,10.17,9.38,0.79,2.19,0.84,36.1,31.57,2025-01-11 12:15:00,NORMAL
159,36,235.59,11.1,10.66,0.44,2.51,0.87,30.91,35.31,2025-01-11 12:20:00,NORMAL
118,9,216.44,12.07,11.57,0.5,2.5,0.79,36.2,86.06,2025-01-11 12:25:00,NORMAL
148,48,227.6,7.34,7.66,0.32,1.74,0.75,63.97,78.95,2025-01-11 12:30:00,NORMAL
162,36,230.11,7.95,7.54,0.41,1.74,0.88,37.95,82.62,2025-01-11 12:35:00,NORMAL
182,38,235.3,8.18,8.09,0.09,1.9,0.71,33.32,56.34,2025-01-11 12:40:00,NORMAL
121,40,238.56,13.88,13.34,0.54,3.18,0.72,69.02,72.98,2025-01-11 12:45:00,NORMAL
123,29,224.63,11.27,11.12,0.15,2.5,0.77,42.96,89.9,2025-01-11 12:50:00,NORMAL
175,24,232.01,11.45,11.03,0.42,2.56,0.76,54.8,55.95,2025-01-11 12:55:00,NORMAL
129,48,235.74,12.26,11.75,0.51,2.77,0.81,30.88,80.81,2025-01-11 13:00:00,NORMAL
157,5,228.18,7.91,7.39,0.52,1.69,0.81,39.07,34.76,2025-01-11 13:05:00,NORMAL
130,42,225.79,5.92,6.09,0.17,1.38,0.74,41.97,62.63,2025-01-11 13:10:00,NORMAL
199,45,237.13,9.87,8.46,1.41,2.01,0.77,36.32,49.99,2025-01-11 13:15:00,LEAKAGE_WARNING
163,26,228.22,11.8,11.47,0.33,2.62,0.7,43.78,61.39,2025-01-11 13:20:00,NORMAL
118,14,218.03,9.6,9.08,0.52,1.98,0.81,31.67,36.84,2025-01-11 13:25:00,NORMAL
147,39,243.73,7.26,7.03,0.23,1.71,0.94,43.87,52.06,2025-01-11 13:30:00,NORMAL
144,29,219.14,8.19,8.54,0.35,1.87,0.78,62.1,34.59,2025-01-11 13:35:00,NORMAL
199,6,229.05,7.64,7.05,0.59,1.61,0.89,19.91,57.19,2025-01-11 13:40:00,NORMAL
193,7,233.22,8.78,8.45,0.33,1.97,0.73,43.02,56.51,2025-01-11 13:45:00,NORMAL
154,37,234.55,7.68,7.04,0.64,1.65,0.7,37.79,49.78,2025-01-11 13:50:00,NORMAL
154,18,231.7,10.29,10.42,0.13,2.41,0.85,36.33,86.9,2025-01-11 13:55:00,NORMAL
196,23,200.58,8.9,8.87,0.03,1.78,0.84,74.29,34.98,2025-01-11 14:00:00,NORMAL
117,44,222.97,11.27,10.94,0.33,2.44,0.76,66.7,79.49,2025-01-11 14:05:00,NORMAL
162,38,232.96,8.05,7.83,0.22,1.82,0.79,37.66,51.3,2025-01-11 14:10:00,NORMAL
191,1,228.91,10.51,10.45,0.06,2.39,0.71,24.67,41.96,2025-01-11 14:15:00,NORMAL
146,4,235.12,9.92,9.59,0.33,2.25,0.94,67.81,46.35,2025-01-11 14:20:00,NORMAL
174,44,240.21,10.79,9.88,0.91,2.37,0.79,51.02,84.11,2025-01-11 14:25:00,NORMAL
156,47,235.07,11.07,10.64,0.43,2.5,0.77,27.67,79.49,2025-01-11 14:30:00,NORMAL
144,35,222.71,11.29,10.5,0.79,2.34,0.94,31.34,30.95,2025-01-11 14:35:00,NORMAL
132,23,224.61,11.66,11.54,0.12,2.59,0.71,46.58,38.84,2025-01-11 14:40:00,NORMAL
116,27,246.31,11.08,10.85,0.23,2.67,0.79,71.32,70.5,2025-01-11 14:45:00,NORMAL
169,26,228.21,10.6,10.28,0.32,2.35,0.78,39.48,49.04,2025-01-11 14:50:00,NORMAL
103,8,229.05,8.67,8.69,0.02,1.99,0.78,51.81,85.15,2025-01-11 14:55:00,NORMAL
119,43,235.1,11.7,11.37,0.33,2.67,0.7,36.13,77.19,2025-01-11 15:00:00,NORMAL
146,16,242.37,8.61,7.63,0.98,1.85,0.98,52.11,82.5,2025-01-11 15:05:00,NORMAL
190,41,220.99,9.42,8.35,1.07,1.85,0.96,20.55,41.57,2025-01-11 15:10:00,LEAKAGE_WARNING
114,3,225.04,8.28,7.39,0.89,1.66,0.82,54.58,39.04,2025-01-11 15:15:00,NORMAL
169,32,213.96,8.24,7.89,0.35,1.69,0.83,48.62,85.92,2025-01-11 15:20:00,NORMAL
146,5,227.04,9.37,9.53,0.16,2.16,0.86,32.62,54.25,2025-01-11 15:25:00,NORMAL
177,20,235.68,9.53,8.11,1.42,1.91,0.84,-5.27,54.94,2025-01-11 15:30:00,LEAKAGE_WARNING
174,14,226.36,8.37,8.43,0.06,1.91,0.93,69.38,71.07,2025-01-11 15:35:00,NORMAL
108,32,247.6,10.04,9.08,0.96,2.25,0.85,18.9,53.85,2025-01-11 15:40:00,NORMAL
189,26,231.16,10.31,9.93,0.38,2.3,0.76,63.93,82.51,2025-01-11 15:45:00,NORMAL
115,47,228.98,8.91,9.23,0.32,2.11,0.74,32.6,87.54,2025-01-11 15:50:00,NORMAL
168,6,226.48,14.58,15.12,0.54,3.42,0.98,50.71,49.95,2025-01-11 15:55:00,NORMAL
160,36,216.4,10.67,9.77,0.9,2.11,0.71,54.22,42.48,2025-01-11 16:00:00,NORMAL
109,40,229.1,10.24,10.33,0.09,2.37,0.97,69.83,34.52,2025-01-11 16:05:00,NORMAL
149,5,233.58,8.65,9.08,0.43,2.12,0.91,28.74,42.86,2025-01-11 16:10:00,NORMAL
102,13,228.82,10.28,10.21,0.07,2.34,0.82,44.41,38.37,2025-01-11 16:15:00,NORMAL
176,32,232.31,10.48,10.28,0.2,2.39,0.76,30.54,31.75,2025-01-11 16:20:00,NORMAL
193,16,223.29,9.99,9.6,0.39,2.14,0.79,29.34,32.8,2025-01-11 16:25:00,NORMAL
169,1,217.55,12.84,12.48,0.36,2.72,0.86,46.4,60.56,2025-01-11 16:30:00,NORMAL
180,13,228.94,6.6,6.77,0.17,1.55,0.9,57.6,72.47,2025-01-11 16:35:00,NORMAL
150,11,232.21,9.24,9.04,0.2,2.1,0.91,82.29,89.0,2025-01-11 16:40:00,OVERHEAT
118,8,228.31,11.43,10.37,1.06,2.37,0.83,41.7,39.34,2025-01-11 16:45:00,LEAKAGE_WARNING
141,25,232.04,8.21,8.54,0.33,1.98,0.81,43.95,71.89,2025-01-11 16:50:00,NORMAL
134,40,237.77,6.91,6.47,0.44,1.54,0.93,44.92,63.24,2025-01-11 16:55:00,NORMAL
145,32,237.73,8.96,9.29,0.33,2.21,0.98,47.45,58.69,2025-01-11 17:00:00,NORMAL
125,24,238.57,12.09,12.1,0.01,2.89,0.97,48.78,73.31,2025-01-11 17:05:00,NORMAL
168,28,240.05,8.25,7.48,0.77,1.8,0.87,27.67,44.32,2025-01-11 17:10:00,NORMAL
192,14,234.97,9.29,10.11,0.82,2.38,0.72,3.69,48.68,2025-01-11 17:15:00,NORMAL
163,45,233.56,10.84,9.59,1.25,2.24,0.72,40.95,53.08,2025-01-11 17:20:00,LEAKAGE_WARNING
136,3,249.43,8.84,9.29,0.45,2.32,0.82,74.41,40.94,2025-01-11 17:25:00,NORMAL
183,36,237.84,9.12,9.92,0.8,2.36,0.92,46.09,58.72,2025-01-11 17:30:00,NORMAL
148,27,221.55,8.7,8.49,0.21,1.88,0.85,43.01,37.91,2025-01-11 17:35:00,NORMAL
120,20,211.37,8.86,8.87,0.01,1.87,0.89,44.67,49.09,2025-01-11 17:40:00,NORMAL
173,47,227.59,7.67,7.78,0.11,1.77,0.95,34.52,36.79,2025-01-11 17:45:00,NORMAL
163,15,236.25,9.49,8.97,0.52,2.12,0.71,43.51,32.15,2025-01-11 17:50:00,NORMAL
104,27,239.59,12.13,12.39,0.26,2.97,0.98,45.68,51.31,2025-01-11 17:55:00,NORMAL
199,45,217.5,13.17,12.69,0.48,2.76,0.8,45.6,67.05,2025-01-11 18:00:00,NORMAL
169,41,237.29,12.5,11.89,0.61,2.82,0.71,46.67,39.11,2025-01-11 18:05:00,NORMAL
189,28,241.35,10.28,10.77,0.49,2.6,0.95,46.54,89.61,2025-01-11 18:10:00,NORMAL
103,25,236.09,13.32,12.61,0.71,2.98,0.98,44.07,46.46,2025-01-11 18:15:00,NORMAL
138,42,234.16,14.61,14.02,0.59,3.28,0.93,62.03,31.36,2025-01-11 18:20:00,NORMAL
134,44,228.67,10.36,9.38,0.98,2.14,0.94,73.41,31.68,2025-01-11 18:25:00,NORMAL
100,46,225.4,8.02,7.82,0.2,1.76,0.96,19.66,69.99,2025-01-11 18:30:00,NORMAL
123,33,237.86,12.62,12.84,0.22,3.05,0.86,36.66,70.19,2025-01-11 18:35:00,NORMAL
156,46,235.83,7.59,6.76,0.83,1.59,0.9,11.72,84.16,2025-01-11 18:40:00,NORMAL
199,14,226.73,8.23,8.01,0.22,1.82,0.79,52.47,35.45,2025-01-11 18:45:00,NORMAL
169,8,255.42,5.83,4.72,1.11,1.21,0.77,63.7,52.58,2025-01-11 18:50:00,LEAKAGE_WARNING
140,48,214.9,11.45,10.9,0.55,2.34,0.88,46.67,83.36,2025-01-11 18:55:00,NORMAL
153,14,227.68,5.37,5.18,0.19,1.18,0.92,46.83,77.86,2025-01-11 19:00:00,NORMAL
145,1,222.29,11.99,12.23,0.24,2.72,0.82,36.35,44.01,2025-01-11 19:05:00,NORMAL
159,16,233.84,13.62,13.47,0.15,3.15,0.82,47.82,83.4,2025-01-11 19:10:00,NORMAL
159,18,210.51,13.46,12.79,0.67,2.69,0.99,43.88,70.85,2025-01-11 19:15:00,NORMAL
156,7,242.69,7.47,8.02,0.55,1.95,0.86,61.26,45.86,2025-01-11 19:20:00,NORMAL
130,15,240.05,6.27,6.27,0.0,1.51,1.0,75.6,32.69,2025-01-11 19:25:00,NORMAL
183,24,232.67,8.72,9.33,0.61,2.17,0.96,68.36,59.85,2025-01-11 19:30:00,NORMAL
123,49,226.9,11.76,12.08,0.32,2.74,0.89,78.99,72.78,2025-01-11 19:35:00,NORMAL
188,13,237.16,12.41,12.52,0.11,2.97,0.7,54.81,46.12,2025-01-11 19:40:00,NORMAL
135,9,233.29,11.33,11.27,0.06,2.63,0.79,50.06,40.12,2025-01-11 19:45:00,NORMAL
184,15,239.52,11.06,10.68,0.38,2.56,0.83,44.76,34.52,2025-01-11 19:50:00,NORMAL
129,35,228.78,14.72,14.17,0.55,3.24,0.9,50.58,80.52,2025-01-11 19:55:00,NORMAL
123,24,228.19,9.04,8.15,0.89,1.86,0.82,50.07,33.28,2025-01-11 20:00:00,NORMAL
129,33,240.78,8.44,7.44,1.0,1.79,0.95,64.87,66.56,2025-01-11 20:05:00,NORMAL
185,16,236.34,7.62,6.83,0.79,1.61,0.9,42.34,75.79,2025-01-11 20:10:00,NORMAL
191,8,228.26,10.87,10.86,0.01,2.48,0.8,29.3,76.83,2025-01-11 20:15:00,NORMAL
106,29,233.68,9.64,9.32,0.32,2.18,0.94,44.55,69.22,2025-01-11 20:20:00,NORMAL
134,23,231.85,11.65,11.73,0.08,2.72,0.79,31.15,69.17,2025-01-11 20:25:00,NORMAL
154,45,234.67,9.1,8.77,0.33,2.06,0.72,41.78,58.45,2025-01-11 20:30:00,NORMAL
191,31,242.69,11.26,11.14,0.12,2.7,0.75,19.13,55.0,2025-01-11 20:35:00,NORMAL
113,40,226.5,9.23,9.6,0.37,2.17,0.7,45.54,38.24,2025-01-11 20:40:00,NORMAL
109,49,223.55,9.67,8.74,0.93,1.95,0.95,31.77,62.12,2025-01-11 20:45:00,NORMAL
179,14,232.74,9.86,8.81,1.05,2.05,0.89,56.18,34.26,2025-01-11 20:50:00,LEAKAGE_WARNING
115,30,224.63,6.6,6.78,0.18,1.52,0.87,39.33,58.09,2025-01-11 20:55:00,NORMAL
153,39,220.89,9.72,9.26,0.46,2.05,0.9,16.27,73.85,2025-01-11 21:00:00,NORMAL
194,27,239.94,11.12,11.28,0.16,2.71,0.9,38.9,56.57,2025-01-11 21:05:00,NORMAL
188,47,227.13,8.02,7.86,0.16,1.79,0.87,43.75,60.5,2025-01-11 21:10:00,NORMAL
176,16,211.32,13.82,13.89,0.07,2.94,0.95,49.99,80.53,2025-01-11 21:15:00,NORMAL
169,6,238.47,10.01,10.12,0.11,2.41,0.83,52.96,68.79,2025-01-11 21:20:00,NORMAL
143,33,225.62,8.75,8.45,0.3,1.91,0.94,32.91,37.66,2025-01-11 21:25:00,NORMAL
172,44,235.78,8.69,9.4,0.71,2.22,0.94,33.58,62.58,2025-01-11 21:30:00,NORMAL
144,18,240.83,12.74,12.8,0.06,3.08,0.76,44.57,51.87,2025-01-11 21:35:00,NORMAL
199,16,231.9,8.35,6.14,2.21,1.42,0.84,49.56,42.41,2025-01-11 21:40:00,LEAKAGE_WARNING
155,12,209.65,10.6,11.17,0.57,2.34,0.95,52.09,68.88,2025-01-11 21:45:00,NORMAL
183,20,210.36,11.77,11.76,0.01,2.47,0.95,59.27,53.19,2025-01-11 21:50:00,NORMAL
181,45,223.28,11.11,10.77,0.34,2.4,0.71,19.86,76.04,2025-01-11 21:55:00,NORMAL
156,40,229.43,8.87,8.76,0.11,2.01,0.77,59.55,65.19,2025-01-11 22:00:00,NORMAL
120,29,242.0,11.68,11.86,0.18,2.87,0.83,57.28,36.26,2025-01-11 22:05:00,NORMAL
167,30,232.91,10.31,9.63,0.68,2.24,0.71,57.75,51.02,2025-01-11 22:10:00,NORMAL
149,26,256.17,6.56,6.29,0.27,1.61,0.78,41.66,46.19,2025-01-11 22:15:00,NORMAL
132,22,215.09,12.45,12.56,0.11,2.7,0.78,48.82,39.0,2025-01-11 22:20:00,NORMAL
190,33,231.21,8.77,8.14,0.63,1.88,0.76,52.39,78.01,2025-01-11 22:25:00,NORMAL
106,39,225.55,9.65,9.71,0.06,2.19,0.82,42.23,52.71,2025-01-11 22:30:00,NORMAL
169,47,232.35,10.62,10.86,0.24,2.52,0.94,59.27,66.8,2025-01-11 22:35:00,NORMAL
114,29,247.52,8.94,8.45,0.49,2.09,0.77,27.28,82.92,2025-01-11 22:40:00,NORMAL
181,22,248.15,11.51,11.96,0.45,2.97,0.87,55.8,62.58,2025-01-11 22:45:00,NORMAL
131,45,230.54,7.79,6.71,1.08,1.55,0.87,52.42,45.48,2025-01-11 22:50:00,LEAKAGE_WARNING
174,13,238.62,8.85,7.89,0.96,1.88,0.95,67.79,77.44,2025-01-11 22:55:00,NORMAL
119,9,232.16,12.45,11.98,0.47,2.78,0.82,74.08,56.15,2025-01-11 23:00:00,NORMAL
187,24,219.25,10.05,10.14,0.09,2.22,0.77,42.12,63.83,2025-01-11 23:05:00,NORMAL
114,15,230.14,7.89,8.22,0.33,1.89,0.97,68.07,84.12,2025-01-11 23:10:00,NORMAL
147,36,224.95,10.16,11.25,1.09,2.53,0.95,49.55,59.36,2025-01-11 23:15:00,LEAKAGE_WARNING
170,13,229.37,10.8,9.79,1.01,2.25,0.89,49.97,50.08,2025-01-11 23:20:00,LEAKAGE_WARNING
120,27,221.48,6.83,7.11,0.28,1.57,0.73,50.93,73.64,2025-01-11 23:25:00,NORMAL
141,44,231.55,13.31,12.93,0.38,2.99,0.7,24.92,38.01,2025-01-11 23:30:00,NORMAL
125,37,233.06,13.58,13.28,0.3,3.1,0.75,62.03,84.82,2025-01-11 23:35:00,NORMAL
113,7,237.04,10.24,10.88,0.64,2.58,0.76,24.18,84.93,2025-01-11 23:40:00,NORMAL
156,8,233.1,9.6,9.7,0.1,2.26,0.74,52.57,64.76,2025-01-11 23:45:00,NORMAL
136,37,246.35,10.05,10.42,0.37,2.57,0.78,7.41,39.26,2025-01-11 23:50:00,NORMAL
157,41,251.92,11.79,11.19,0.6,2.82,0.8,41.74,57.13,2025-01-11 23:55:00,NORMAL
120,14,225.95,10.91,10.29,0.62,2.33,0.93,44.84,55.4,2025-01-12 00:00:00,NORMAL
181,12,239.7,10.48,10.4,0.08,2.49,0.91,54.59,47.9,2025-01-12 00:05:00,NORMAL
168,36,251.15,12.76,12.98,0.22,3.26,0.73,66.76,40.51,2025-01-12 00:10:00,NORMAL
102,40,239.96,12.26,11.97,0.29,2.87,0.99,43.87,45.82,2025-01-12 00:15:00,NORMAL
186,17,237.17,8.08,7.33,0.75,1.74,0.93,26.3,63.33,2025-01-12 00:20:00,NORMAL
189,40,211.78,11.77,12.31,0.54,2.61,0.75,38.28,71.14,2025-01-12 00:25:00,NORMAL
136,29,224.42,12.3,11.04,1.26,2.48,0.74,48.54,88.78,2025-01-12 00:30:00,LEAKAGE_WARNING
187,27,225.88,10.56,10.48,0.08,2.37,0.73,47.32,42.95,2025-01-12 00:35:00,NORMAL
148,1,243.87,11.2,11.06,0.14,2.7,0.92,18.91,42.24,2025-01-12 00:40:00,NORMAL
118,34,222.69,9.39,8.39,1.0,1.87,0.77,37.31,37.02,2025-01-12 00:45:00,NORMAL
188,4,229.15,7.59,7.42,0.17,1.7,0.72,37.0,86.34,2025-01-12 00:50:00,NORMAL
184,24,238.4,13.77,13.62,0.15,3.25,0.83,41.89,52.91,2025-01-12 00:55:00,NORMAL
111,21,222.24,7.32,7.58,0.26,1.68,0.91,54.01,85.44,2025-01-12 01:00:00,NORMAL
160,33,232.79,13.36,13.45,0.09,3.13,0.79,33.17,83.37,2025-01-12 01:05:00,NORMAL
140,7,231.49,9.87,10.02,0.15,2.32,0.84,61.0,32.64,2025-01-12 01:10:00,NORMAL
132,1,238.77,12.49,13.17,0.68,3.14,0.76,56.08,46.79,2025-01-12 01:15:00,NORMAL
149,41,236.59,10.05,10.89,0.84,2.58,0.83,13.63,48.15,2025-01-12 01:20:00,NORMAL
167,3,236.27,11.87,11.79,0.08,2.79,0.81,38.73,46.64,2025-01-12 01:25:00,NORMAL
170,44,232.01,10.9,11.39,0.49,2.64,0.83,48.18,55.52,2025-01-12 01:30:00,NORMAL
185,15,213.24,8.66,8.13,0.53,1.73,0.84,67.66,59.96,2025-01-12 01:35:00,NORMAL
132,31,231.4,10.27,10.18,0.09,2.36,0.73,27.02,75.49,2025-01-12 01:40:00,NORMAL
180,16,230.55,9.71,10.31,0.6,2.38,0.73,19.14,46.06,2025-01-12 01:45:00,NORMAL
123,10,237.67,11.29,10.33,0.96,2.46,0.78,48.35,47.92,2025-01-12 01:50:00,NORMAL
160,29,225.77,10.28,10.29,0.01,2.32,0.73,29.89,65.92,2025-01-12 01:55:00,NORMAL
160,6,230.42,10.57,10.11,0.46,2.33,0.78,43.9,40.76,2025-01-12 02:00:00,NORMAL
197,29,230.73,7.95,6.93,1.02,1.6,0.71,34.06,58.39,2025-01-12 02:05:00,LEAKAGE_WARNING
127,17,222.87,7.44,7.26,0.18,1.62,0.81,58.81,45.06,2025-01-12 02:10:00,NORMAL
157,22,218.47,10.14,9.93,0.21,2.17,0.76,56.14,41.88,2025-01-12 02:15:00,NORMAL
142,24,233.83,10.36,9.44,0.92,2.21,0.97,35.9,77.74,2025-01-12 02:20:00,NORMAL
140,17,240.08,7.9,7.85,0.05,1.88,0.96,67.66,72.43,2025-01-12 02:25:00,NORMAL
138,21,223.75,11.14,10.4,0.74,2.33,0.79,45.95,44.99,2025-01-12 02:30:00,NORMAL
185,11,227.82,11.23,11.07,0.16,2.52,0.84,49.96,54.91,2025-01-12 02:35:00,NORMAL
148,7,238.3,10.31,10.02,0.29,2.39,0.99,35.07,39.25,2025-01-12 02:40:00,NORMAL
116,42,239.27,10.03,9.75,0.28,2.33,0.86,33.95,33.19,2025-01-12 02:45:00,NORMAL
197,39,232.31,7.47,7.45,0.02,1.73,0.95,68.0,65.11,2025-01-12 02:50:00,NORMAL
169,5,234.14,7.43,7.5,0.07,1.76,0.95,46.74,51.81,2025-01-12 02:55:00,NORMAL
169,44,235.32,10.79,10.92,0.13,2.57,0.98,48.41,42.44,2025-01-12 03:00:00,NORMAL
197,48,237.11,8.34,8.79,0.45,2.08,0.79,37.33,36.88,2025-01-12 03:05:00,NORMAL
164,21,219.29,8.48,8.5,0.02,1.86,0.71,49.09,70.8,2025-01-12 03:10:00,NORMAL
173,18,249.17,10.56,10.49,0.07,2.61,0.73,45.27,46.29,2025-01-12 03:15:00,NORMAL
184,35,232.74,14.08,13.68,0.4,3.18,0.87,44.73,84.44,2025-01-12 03:20:00,NORMAL
104,20,237.3,9.21,9.06,0.15,2.15,0.86,69.76,41.57,2025-01-12 03:25:00,NORMAL
101,15,222.38,14.1,13.36,0.74,2.97,0.79,47.01,44.63,2025-01-12 03:30:00,NORMAL
121,5,228.14,9.85,9.13,0.72,2.08,0.77,28.02,81.1,2025-01-12 03:35:00,NORMAL
156,13,233.77,11.13,10.26,0.87,2.4,0.91,52.47,64.35,2025-01-12 03:40:00,NORMAL
165,12,211.96,11.92,11.82,0.1,2.51,0.8,39.48,36.5,2025-01-12 03:45:00,NORMAL
173,21,220.99,12.07,12.13,0.06,2.68,0.88,29.79,62.97,2025-01-12 03:50:00,NORMAL
197,37,222.75,10.68,11.16,0.48,2.49,0.91,34.28,48.49,2025-01-12 03:55:00,NORMAL
115,6,217.21,9.54,8.69,0.85,1.89,0.83,61.35,74.22,2025-01-12 04:00:00,NORMAL
150,7,231.06,11.66,12.04,0.38,2.78,0.76,29.58,34.67,2025-01-12 04:05:00,NORMAL
138,26,229.26,10.85,11.1,0.25,2.54,0.96,30.34,85.07,2025-01-12 04:10:00,NORMAL
185,42,244.24,9.13,8.82,0.31,2.15,0.73,45.94,58.69,2025-01-12 04:15:00,NORMAL
175,48,218.79,12.82,12.77,0.05,2.79,0.95,40.08,74.06,2025-01-12 04:20:00,NORMAL
187,8,232.35,10.91,9.99,0.92,2.32,0.95,30.29,72.28,2025-01-12 04:25:00,NORMAL
139,9,221.2,8.5,8.68,0.18,1.92,0.87,58.8,40.7,2025-01-12 04:30:00,NORMAL
137,27,212.83,8.27,8.06,0.21,1.72,0.89,38.67,82.81,2025-01-12 04:35:00,NORMAL
159,4,235.88,13.92,14.65,0.73,3.46,0.81,25.57,43.96,2025-01-12 04:40:00,NORMAL
158,21,236.71,9.01,8.19,0.82,1.94,0.95,49.48,41.43,2025-01-12 04:45:00,NORMAL
109,31,235.52,11.51,12.15,0.64,2.86,0.78,57.22,61.24,2025-01-12 04:50:00,NORMAL
198,21,216.84,10.75,9.31,1.44,2.02,0.87,52.05,89.07,2025-01-12 04:55:00,LEAKAGE_WARNING
163,40,230.84,11.44,11.3,0.14,2.61,0.7,54.87,48.8,2025-01-12 05:00:00,NORMAL
162,25,235.97,13.82,13.76,0.06,3.25,0.98,54.62,87.87,2025-01-12 05:05:00,NORMAL
148,39,239.52,11.99,11.81,0.18,2.83,0.98,40.99,56.11,2025-01-12 05:10:00,NORMAL
163,15,236.28,11.67,12.01,0.34,2.84,0.91,38.04,80.08,2025-01-12 05:15:00,NORMAL
131,35,239.65,9.61,9.08,0.53,2.18,0.83,34.93,61.8,2025-01-12 05:20:00,NORMAL
106,49,240.67,8.67,8.67,0.0,2.09,0.75,44.9,42.32,2025-01-12 05:25:00,NORMAL
120,43,231.05,14.84,14.8,0.04,3.42,0.85,20.46,82.8,2025-01-12 05:30:00,NORMAL
119,41,234.99,9.92,9.08,0.84,2.13,0.94,27.67,34.32,2025-01-12 05:35:00,NORMAL
125,37,240.0,9.79,10.45,0.66,2.51,0.88,64.93,70.97,2025-01-12 05:40:00,NORMAL
167,42,233.9,10.58,10.48,0.1,2.45,0.86,58.45,79.85,2025-01-12 05:45:00,NORMAL
185,47,241.99,10.38,10.23,0.15,2.48,0.95,47.32,79.92,2025-01-12 05:50:00,NORMAL
114,28,238.74,13.19,12.92,0.27,3.08,0.79,67.92,69.32,2025-01-12 05:55:00,NORMAL
184,14,223.68,11.08,11.16,0.08,2.5,0.96,50.74,45.06,2025-01-12 06:00:00,NORMAL
178,4,216.94,7.38,7.34,0.04,1.59,0.83,45.41,61.9,2025-01-12 06:05:00,NORMAL
185,20,230.19,8.68,7.56,1.12,1.74,0.7,24.69,67.77,2025-01-12 06:10:00,LEAKAGE_WARNING
191,34,218.19,10.02,9.57,0.45,2.09,0.92,40.84,83.38,2025-01-12 06:15:00,NORMAL
113,12,230.83,12.05,12.24,0.19,2.83,0.96,59.69,39.58,2025-01-12 06:20:00,NORMAL
126,33,229.93,6.96,6.43,0.53,1.48,0.85,53.41,57.9,2025-01-12 06:25:00,NORMAL
139,24,243.01,10.99,10.77,0.22,2.62,0.84,74.36,49.99,2025-01-12 06:30:00,NORMAL
157,20,235.05,11.46,10.89,0.57,2.56,0.94,45.36,55.66,2025-01-12 06:35:00,NORMAL
127,5,239.78,11.76,11.66,0.1,2.8,0.97,6.61,40.98,2025-01-12 06:40:00,NORMAL
125,38,225.1,9.84,10.04,0.2,2.26,0.99,50.77,43.05,2025-01-12 06:45:00,NORMAL
162,30,245.3,12.1,12.73,0.63,3.12,0.8,8.27,76.19,2025-01-12 06:50:00,NORMAL
165,24,238.94,8.37,7.59,0.78,1.81,0.88,37.82,58.7,2025-01-12 06:55:00,NORMAL
124,43,234.27,11.89,11.35,0.54,2.66,0.95,58.4,60.85,2025-01-12 07:00:00,NORMAL
102,40,211.93,9.88,9.5,0.38,2.01,0.86,70.26,83.85,2025-01-12 07:05:00,NORMAL
171,7,241.79,10.09,9.57,0.52,2.31,0.84,29.48,44.4,2025-01-12 07:10:00,NORMAL
143,36,247.73,10.06,9.24,0.82,2.29,0.87,50.98,49.76,2025-01-12 07:15:00,NORMAL
196,38,230.11,11.3,11.94,0.64,2.75,0.81,68.63,48.52,2025-01-12 07:20:00,NORMAL
141,16,230.32,7.79,7.55,0.24,1.74,0.76,46.44,69.55,2025-01-12 07:25:00,NORMAL
198,15,224.83,11.77,12.48,0.71,2.81,0.72,35.76,63.75,2025-01-12 07:30:00,NORMAL
105,46,213.68,11.74,11.74,0.0,2.51,0.88,72.7,58.29,2025-01-12 07:35:00,NORMAL
138,23,224.38,9.4,9.04,0.36,2.03,0.81,59.88,70.08,2025-01-12 07:40:00,NORMAL
151,12,246.59,10.0,9.98,0.02,2.46,0.96,46.0,59.04,2025-01-12 07:45:00,NORMAL
122,29,240.79,8.28,7.2,1.08,1.73,0.77,22.07,78.96,2025-01-12 07:50:00,LEAKAGE_WARNING
188,44,222.27,7.68,7.63,0.05,1.7,0.79,39.65,54.61,2025-01-12 07:55:00,NORMAL
149,48,224.22,10.39,10.58,0.19,2.37,0.99,34.05,83.44,2025-01-12 08:00:00,NORMAL
142,15,251.35,10.41,10.19,0.22,2.56,0.87,19.23,37.18,2025-01-12 08:05:00,NORMAL
118,29,219.8,9.33,9.65,0.32,2.12,0.8,65.24,35.64,2025-01-12 08:10:00,NORMAL
168,45,222.85,7.5,7.74,0.24,1.72,0.96,53.6,69.34,2025-01-12 08:15:00,NORMAL
150,43,225.7,10.91,10.24,0.67,2.31,0.92,34.35,53.38,2025-01-12 08:20:00,NORMAL
110,49,216.42,9.28,8.58,0.7,1.86,0.87,36.22,57.34,2025-01-12 08:25:00,NORMAL
111,21,224.62,8.5,8.22,0.28,1.85,0.97,38.13,71.76,2025-01-12 08:30:00,NORMAL
173,15,224.78,12.55,12.04,0.51,2.71,0.73,30.02,42.87,2025-01-12 08:35:00,NORMAL
107,14,220.98,8.05,6.81,1.24,1.5,0.82,87.71,32.64,2025-01-12 08:40:00,LEAKAGE_WARNING
123,42,243.28,11.12,10.95,0.17,2.66,0.94,34.26,56.33,2025-01-12 08:45:00,NORMAL
191,44,218.33,7.0,7.23,0.23,1.58,0.82,40.17,83.68,2025-01-12 08:50:00,NORMAL
140,16,228.58,7.13,6.66,0.47,1.52,0.98,34.68,57.04,2025-01-12 08:55:00,NORMAL
135,15,221.23,10.97,10.35,0.62,2.29,0.75,18.11,64.32,2025-01-12 09:00:00,NORMAL
184,42,227.9,9.33,8.66,0.67,1.97,0.8,26.51,42.5,2025-01-12 09:05:00,NORMAL
171,4,220.77,7.66,6.89,0.77,1.52,0.83,60.9,57.84,2025-01-12 09:10:00,NORMAL
154,27,230.76,11.9,11.2,0.7,2.58,0.91,40.11,58.84,2025-01-12 09:15:00,NORMAL
108,23,233.21,10.74,10.28,0.46,2.4,0.76,51.22,44.11,2025-01-12 09:20:00,NORMAL
146,29,244.02,5.74,5.22,0.52,1.27,0.7,51.85,39.83,2025-01-12 09:25:00,NORMAL
114,41,224.11,11.92,11.51,0.41,2.58,0.99,51.89,51.02,2025-01-12 09:30:00,NORMAL
147,9,246.18,7.87,8.46,0.59,2.08,0.97,34.59,32.33,2025-01-12 09:35:00,NORMAL
181,43,221.93,6.58,7.24,0.66,1.61,0.79,70.34,39.99,2025-01-12 09:40:00,NORMAL
141,43,227.62,8.36,8.69,0.33,1.98,0.85,58.82,73.88,2025-01-12 09:45:00,NORMAL
159,7,247.65,9.92,9.31,0.61,2.31,0.85,52.14,68.95,2025-01-12 09:50:00,NORMAL
183,42,259.03,10.15,10.17,0.02,2.63,0.96,48.77,48.77,2025-01-12 09:55:00,NORMAL
169,4,246.86,6.73,6.46,0.27,1.59,0.88,24.34,63.07,2025-01-12 10:00:00,NORMAL
111,5,227.76,7.17,6.19,0.98,1.41,0.95,57.44,79.76,2025-01-12 10:05:00,NORMAL
101,5,235.15,8.48,7.74,0.74,1.82,0.97,43.02,80.35,2025-01-12 10:10:00,NORMAL
106,11,236.83,8.61,9.5,0.89,2.25,0.87,32.85,69.26,2025-01-12 10:15:00,NORMAL
179,41,233.45,11.52,10.95,0.57,2.56,0.79,29.68,37.44,2025-01-12 10:20:00,NORMAL
102,28,219.92,9.17,8.94,0.23,1.97,0.85,59.74,39.77,2025-01-12 10:25:00,NORMAL
102,16,232.35,11.49,11.62,0.13,2.7,0.96,24.05,47.5,2025-01-12 10:30:00,NORMAL
126,41,224.94,12.19,12.15,0.04,2.73,0.88,39.01,70.24,2025-01-12 10:35:00,NORMAL
139,30,220.32,11.11,11.07,0.04,2.44,0.97,47.4,45.48,2025-01-12 10:40:00,NORMAL
132,4,226.89,3.85,4.31,0.46,0.98,0.97,42.78,57.87,2025-01-12 10:45:00,NORMAL
191,2,233.15,9.39,9.07,0.32,2.11,0.81,51.25,79.53,2025-01-12 10:50:00,NORMAL
100,46,240.01,9.67,8.38,1.29,2.01,0.83,62.62,83.51,2025-01-12 10:55:00,LEAKAGE_WARNING
107,3,227.46,9.89,9.18,0.71,2.09,0.9,54.28,80.31,2025-01-12 11:00:00,NORMAL
131,21,229.21,5.84,6.65,0.81,1.52,0.73,45.97,36.99,2025-01-12 11:05:00,NORMAL
147,6,238.04,8.47,8.12,0.35,1.93,0.84,38.31,84.65,2025-01-12 11:10:00,NORMAL
103,43,230.71,7.28,6.93,0.35,1.6,0.74,23.5,71.05,2025-01-12 11:15:00,NORMAL
193,18,233.82,8.15,8.45,0.3,1.98,0.95,44.04,67.13,2025-01-12 11:20:00,NORMAL
169,44,230.78,9.48,9.89,0.41,2.28,0.98,39.38,44.85,2025-01-12 11:25:00,NORMAL
118,5,232.03,8.52,7.87,0.65,1.83,0.74,52.92,85.69,2025-01-12 11:30:00,NORMAL
131,9,219.21,8.29,8.04,0.25,1.76,0.9,42.96,31.04,2025-01-12 11:35:00,NORMAL
108,20,231.22,9.6,9.64,0.04,2.23,0.89,60.59,34.93,2025-01-12 11:40:00,NORMAL
111,28,244.28,9.02,8.52,0.5,2.08,0.93,38.4,39.22,2025-01-12 11:45:00,NORMAL
110,26,231.69,10.4,9.14,1.26,2.12,0.91,36.61,71.65,2025-01-12 11:50:00,LEAKAGE_WARNING
145,18,221.66,9.16,8.83,0.33,1.96,0.77,51.34,67.37,2025-01-12 11:55:00,NORMAL
115,19,244.77,6.86,6.51,0.35,1.59,0.79,46.61,86.68,2025-01-12 12:00:00,NORMAL
100,3,237.21,7.94,7.75,0.19,1.84,0.75,50.7,50.94,2025-01-12 12:05:00,NORMAL
162,9,237.68,9.34,9.34,0.0,2.22,0.98,43.02,50.86,2025-01-12 12:10:00,NORMAL
120,36,237.41,9.1,8.49,0.61,2.02,0.86,45.39,70.17,2025-01-12 12:15:00,NORMAL
129,31,218.74,7.17,7.07,0.1,1.55,0.99,40.55,40.45,2025-01-12 12:20:00,NORMAL
112,49,236.48,11.35,10.9,0.45,2.58,0.83,46.99,57.84,2025-01-12 12:25:00,NORMAL
133,17,243.85,10.62,9.67,0.95,2.36,0.87,63.54,30.93,2025-01-12 12:30:00,NORMAL
103,23,225.2,8.8,8.23,0.57,1.85,0.94,37.36,65.52,2025-01-12 12:35:00,NORMAL
127,34,210.71,9.67,10.11,0.44,2.13,0.94,35.91,77.04,2025-01-12 12:40:00,NORMAL
194,41,233.66,7.86,8.33,0.47,1.95,0.77,49.79,42.23,2025-01-12 12:45:00,NORMAL
158,41,230.33,11.71,10.88,0.83,2.51,0.79,42.22,48.43,2025-01-12 12:50:00,NORMAL
126,5,214.52,14.14,14.0,0.14,3.0,0.73,66.19,37.91,2025-01-12 12:55:00,NORMAL
168,15,236.05,8.71,8.38,0.33,1.98,0.94,55.5,66.94,2025-01-12 13:00:00,NORMAL
124,47,235.3,12.45,12.65,0.2,2.98,0.94,57.83,63.84,2025-01-12 13:05:00,NORMAL
102,3,215.34,8.28,7.77,0.51,1.67,0.72,59.18,79.58,2025-01-12 13:10:00,NORMAL
196,19,248.89,8.94,7.8,1.14,1.94,0.78,35.15,88.22,2025-01-12 13:15:00,LEAKAGE_WARNING
167,28,237.51,12.87,12.59,0.28,2.99,0.83,46.69,89.02,2025-01-12 13:20:00,NORMAL
124,3,211.1,9.76,9.24,0.52,1.95,0.86,55.16,36.43,2025-01-12 13:25:00,NORMAL
119,38,238.19,11.37,10.55,0.82,2.51,0.86,45.07,63.19,2025-01-12 13:30:00,NORMAL
133,4,237.9,9.46,8.42,1.04,2.0,0.99,31.55,77.38,2025-01-12 13:35:00,LEAKAGE_WARNING
125,24,244.15,6.39,6.53,0.14,1.59,0.93,58.93,69.54,2025-01-12 13:40:00,NORMAL
104,31,223.76,14.67,14.26,0.41,3.19,0.73,42.38,83.82,2025-01-12 13:45:00,NORMAL
198,45,238.33,9.57,8.73,0.84,2.08,0.79,49.53,56.5,2025-01-12 13:50:00,NORMAL
160,45,227.63,10.31,9.33,0.98,2.12,0.8,53.73,55.63,2025-01-12 13:55:00,NORMAL
191,11,224.44,8.53,8.54,0.01,1.92,0.79,67.69,31.57,2025-01-12 14:00:00,NORMAL
192,37,221.35,11.56,11.7,0.14,2.59,0.94,48.06,30.94,2025-01-12 14:05:00,NORMAL
108,1,210.97,11.41,11.29,0.12,2.38,0.81,14.76,71.56,2025-01-12 14:10:00,NORMAL
149,9,235.4,6.89,6.85,0.04,1.61,0.85,47.73,58.29,2025-01-12 14:15:00,NORMAL
105,17,227.27,10.34,10.28,0.06,2.34,0.86,49.22,69.61,2025-01-12 14:20:00,NORMAL
182,1,202.7,11.75,11.34,0.41,2.3,0.78,19.98,44.29,2025-01-12 14:25:00,NORMAL
159,3,230.75,12.4,12.47,0.07,2.88,0.8,67.09,81.79,2025-01-12 14:30:00,NORMAL
143,47,241.58,11.29,10.31,0.98,2.49,0.93,5.28,84.17,2025-01-12 14:35:00,NORMAL
110,26,216.93,11.47,11.47,0.0,2.49,0.96,53.69,69.74,2025-01-12 14:40:00,NORMAL
165,31,222.87,8.92,9.02,0.1,2.01,0.71,22.04,46.67,2025-01-12 14:45:00,NORMAL
146,26,234.41,7.54,7.92,0.38,1.86,0.88,61.03,42.97,2025-01-12 14:50:00,NORMAL
172,23,204.41,9.38,8.55,0.83,1.75,0.89,53.47,67.53,2025-01-12 14:55:00,NORMAL
184,30,224.66,7.5,7.95,0.45,1.79,0.92,67.12,86.45,2025-01-12 15:00:00,NORMAL
187,10,233.47,8.52,8.09,0.43,1.89,0.91,52.77,64.69,2025-01-12 15:05:00,NORMAL
197,8,224.39,8.49,7.94,0.55,1.78,0.96,50.31,80.36,2025-01-12 15:10:00,NORMAL
185,44,217.02,8.12,9.38,1.26,2.04,0.72,40.08,63.92,2025-01-12 15:15:00,LEAKAGE_WARNING
102,25,217.5,11.06,11.51,0.45,2.5,0.82,18.97,70.48,2025-01-12 15:20:00,NORMAL
175,22,213.88,7.97,7.96,0.01,1.7,0.93,77.71,64.07,2025-01-12 15:25:00,NORMAL
191,15,223.67,13.67,12.52,1.15,2.8,0.95,37.74,64.52,2025-01-12 15:30:00,LEAKAGE_WARNING
129,41,240.57,11.98,11.97,0.01,2.88,0.78,50.06,74.36,2025-01-12 15:35:00,NORMAL
189,10,253.62,12.38,12.43,0.05,3.15,0.88,32.65,53.77,2025-01-12 15:40:00,NORMAL
120,20,230.36,8.62,8.79,0.17,2.02,0.75,28.91,84.24,2025-01-12 15:45:00,NORMAL
127,41,237.68,10.4,10.58,0.18,2.51,0.96,45.89,81.81,2025-01-12 15:50:00,NORMAL
189,47,220.59,7.91,8.03,0.12,1.77,0.92,51.24,73.52,2025-01-12 15:55:00,NORMAL
161,23,209.08,10.43,10.57,0.14,2.21,0.77,71.36,74.61,2025-01-12 16:00:00,NORMAL
132,1,248.52,6.46,6.62,0.16,1.65,0.89,60.09,54.79,2025-01-12 16:05:00,NORMAL
184,2,224.05,12.12,12.28,0.16,2.75,0.85,49.22,79.95,2025-01-12 16:10:00,NORMAL
134,19,237.19,8.71,8.7,0.01,2.06,0.78,44.1,85.96,2025-01-12 16:15:00,NORMAL
151,14,231.58,10.61,9.93,0.68,2.3,0.97,50.17,77.71,2025-01-12 16:20:00,NORMAL
133,8,239.95,10.98,11.34,0.36,2.72,0.74,41.08,37.98,2025-01-12 16:25:00,NORMAL
140,38,239.54,8.89,9.01,0.12,2.16,0.84,48.89,77.2,2025-01-12 16:30:00,NORMAL
150,12,232.78,8.4,8.46,0.06,1.97,0.87,33.06,57.87,2025-01-12 16:35:00,NORMAL
146,26,233.88,9.76,9.56,0.2,2.24,0.95,36.69,66.52,2025-01-12 16:40:00,NORMAL
181,27,242.13,11.61,11.79,0.18,2.85,0.75,44.23,89.47,2025-01-12 16:45:00,NORMAL
157,29,225.9,9.71,8.47,1.24,1.91,0.88,49.85,51.56,2025-01-12 16:50:00,LEAKAGE_WARNING
174,15,245.56,11.21,10.72,0.49,2.63,0.7,43.22,50.91,2025-01-12 16:55:00,NORMAL
156,46,222.92,11.59,10.9,0.69,2.43,0.95,47.9,45.79,2025-01-12 17:00:00,NORMAL
122,1,230.77,9.62,9.3,0.32,2.15,0.77,31.31,37.63,2025-01-12 17:05:00,NORMAL
147,43,236.29,9.77,8.87,0.9,2.1,0.92,26.98,40.09,2025-01-12 17:10:00,NORMAL
121,28,213.71,10.28,10.65,0.37,2.28,0.88,44.25,60.86,2025-01-12 17:15:00,NORMAL
116,3,243.82,12.28,12.36,0.08,3.01,0.72,19.7,84.59,2025-01-12 17:20:00,NORMAL
168,18,234.76,9.31,9.52,0.21,2.23,0.75,57.9,78.59,2025-01-12 17:25:00,NORMAL
110,34,263.01,12.28,12.17,0.11,3.2,0.78,24.38,40.95,2025-01-12 17:30:00,VOLTAGE_FAULT
193,32,250.81,10.51,9.52,0.99,2.39,0.97,39.14,63.7,2025-01-12 17:35:00,NORMAL
114,29,229.89,8.53,7.23,1.3,1.66,0.84,52.55,80.82,2025-01-12 17:40:00,LEAKAGE_WARNING
190,25,247.86,9.92,9.24,0.68,2.29,0.97,58.74,62.37,2025-01-12 17:45:00,NORMAL
134,26,238.47,7.76,7.61,0.15,1.81,0.71,54.63,84.69,2025-01-12 17:50:00,NORMAL
132,39,232.31,7.31,6.55,0.76,1.52,0.7,52.28,84.47,2025-01-12 17:55:00,NORMAL
183,8,213.41,11.21,10.27,0.94,2.19,0.98,83.59,50.89,2025-01-12 18:00:00,OVERHEAT
115,19,215.76,11.6,10.81,0.79,2.33,0.92,29.2,82.44,2025-01-12 18:05:00,NORMAL
133,47,230.04,9.93,9.8,0.13,2.25,0.93,49.7,65.11,2025-01-12 18:10:00,NORMAL
165,42,225.05,10.1,9.95,0.15,2.24,0.97,54.49,58.79,2025-01-12 18:15:00,NORMAL
198,22,232.25,8.85,8.98,0.13,2.09,1.0,50.35,76.46,2025-01-12 18:20:00,NORMAL
139,29,243.72,10.34,10.26,0.08,2.5,0.73,38.03,77.38,2025-01-12 18:25:00,NORMAL
127,33,238.65,13.96,14.16,0.2,3.38,0.75,53.17,70.53,2025-01-12 18:30:00,NORMAL
146,38,223.04,12.02,11.85,0.17,2.64,0.76,52.13,78.65,2025-01-12 18:35:00,NORMAL
138,45,239.25,9.85,9.66,0.19,2.31,0.95,63.66,87.09,2025-01-12 18:40:00,NORMAL
169,46,220.86,9.67,9.9,0.23,2.19,0.81,52.1,82.39,2025-01-12 18:45:00,NORMAL
172,35,218.58,9.25,7.71,1.54,1.69,0.88,16.5,34.46,2025-01-12 18:50:00,LEAKAGE_WARNING
119,43,233.82,7.18,6.83,0.35,1.6,0.96,56.84,81.0,2025-01-12 18:55:00,NORMAL
100,3,221.85,9.03,8.18,0.85,1.81,0.9,38.98,76.89,2025-01-12 19:00:00,NORMAL
171,19,223.58,11.35,10.55,0.8,2.36,0.72,42.15,85.6,2025-01-12 19:05:00,NORMAL
186,10,239.94,8.14,6.97,1.17,1.67,0.83,27.85,74.37,2025-01-12 19:10:00,LEAKAGE_WARNING
162,27,236.58,9.44,9.69,0.25,2.29,0.72,47.05,82.67,2025-01-12 19:15:00,NORMAL
166,15,226.28,7.76,7.83,0.07,1.77,0.84,74.61,30.61,2025-01-12 19:20:00,NORMAL
103,11,213.75,11.57,12.28,0.71,2.62,0.77,61.0,88.67,2025-01-12 19:25:00,NORMAL
157,47,222.65,7.45,8.06,0.61,1.79,0.7,27.23,41.45,2025-01-12 19:30:00,NORMAL
124,26,249.42,11.19,11.49,0.3,2.87,0.94,42.0,81.85,2025-01-12 19:35:00,NORMAL
146,24,239.67,12.06,11.94,0.12,2.86,0.99,60.13,85.78,2025-01-12 19:40:00,NORMAL
137,13,244.24,9.35,9.2,0.15,2.25,0.99,42.31,30.13,2025-01-12 19:45:00,NORMAL
114,32,232.56,8.63,6.84,1.79,1.59,0.79,14.29,84.82,2025-01-12 19:50:00,LEAKAGE_WARNING
162,37,226.49,10.95,10.5,0.45,2.38,0.95,36.81,79.75,2025-01-12 19:55:00,NORMAL
120,4,239.05,13.2,12.51,0.69,2.99,0.9,65.71,85.34,2025-01-12 20:00:00,NORMAL
198,13,242.82,12.68,12.41,0.27,3.01,0.94,67.61,40.61,2025-01-12 20:05:00,NORMAL
156,9,225.2,9.85,10.31,0.46,2.32,0.95,42.35,76.65,2025-01-12 20:10:00,NORMAL
152,49,222.87,8.23,7.88,0.35,1.76,0.99,40.88,59.25,2025-01-12 20:15:00,NORMAL
145,34,214.79,9.54,10.15,0.61,2.18,0.75,10.58,45.46,2025-01-12 20:20:00,NORMAL
113,37,222.62,6.62,6.51,0.11,1.45,0.93,43.56,75.37,2025-01-12 20:25:00,NORMAL
199,48,236.69,8.89,8.37,0.52,1.98,0.92,36.44,58.4,2025-01-12 20:30:00,NORMAL
175,7,224.04,10.9,10.99,0.09,2.46,0.79,16.6,83.99,2025-01-12 20:35:00,NORMAL
116,1,239.32,9.26,8.96,0.3,2.14,0.82,30.7,72.64,2025-01-12 20:40:00,NORMAL
138,12,249.67,8.8,8.9,0.1,2.22,0.75,25.34,38.35,2025-01-12 20:45:00,NORMAL
108,21,230.25,9.89,10.24,0.35,2.36,0.97,45.87,45.05,2025-01-12 20:50:00,NORMAL
198,11,229.84,9.46,9.02,0.44,2.07,0.96,68.26,45.87,2025-01-12 20:55:00,NORMAL
176,44,235.49,11.51,10.79,0.72,2.54,0.88,42.71,50.64,2025-01-12 21:00:00,NORMAL
178,44,224.26,7.35,6.63,0.72,1.49,0.85,48.92,69.99,2025-01-12 21:05:00,NORMAL
181,44,223.53,11.05,10.97,0.08,2.45,0.77,81.94,83.66,2025-01-12 21:10:00,OVERHEAT
196,14,223.82,9.91,10.8,0.89,2.42,0.94,16.43,65.62,2025-01-12 21:15:00,NORMAL
105,34,218.54,10.87,10.63,0.24,2.32,0.7,47.88,75.11,2025-01-12 21:20:00,NORMAL
190,34,239.0,7.22,6.39,0.83,1.53,0.84,62.17,49.0,2025-01-12 21:25:00,NORMAL
122,25,225.03,11.77,12.23,0.46,2.75,0.96,49.69,61.35,2025-01-12 21:30:00,NORMAL
158,4,241.11,11.09,10.0,1.09,2.41,0.89,20.6,60.25,2025-01-12 21:35:00,LEAKAGE_WARNING
190,26,235.29,13.35,14.18,0.83,3.34,0.89,73.93,72.06,2025-01-12 21:40:00,NORMAL
197,16,229.77,8.33,7.93,0.4,1.82,0.72,57.59,61.08,2025-01-12 21:45:00,NORMAL
145,10,238.1,8.83,8.22,0.61,1.96,0.79,49.03,50.06,2025-01-12 21:50:00,NORMAL
137,45,220.57,6.43,5.5,0.93,1.21,0.9,24.27,44.63,2025-01-12 21:55:00,NORMAL
113,2,222.2,8.35,7.92,0.43,1.76,0.71,79.37,45.28,2025-01-12 22:00:00,NORMAL
199,35,237.14,12.87,12.83,0.04,3.04,0.8,53.8,88.85,2025-01-12 22:05:00,NORMAL
171,19,208.04,10.59,10.31,0.28,2.14,0.81,51.69,51.45,2025-01-12 22:10:00,NORMAL
161,6,230.15,8.55,8.69,0.14,2.0,0.85,53.78,78.4,2025-01-12 22:15:00,NORMAL
134,19,235.91,10.27,11.06,0.79,2.61,0.81,59.37,34.28,2025-01-12 22:20:00,NORMAL
118,8,243.11,9.88,9.8,0.08,2.38,0.84,46.71,35.38,2025-01-12 22:25:00,NORMAL
129,14,245.15,6.18,5.73,0.45,1.4,0.86,43.23,71.17,2025-01-12 22:30:00,NORMAL
177,10,228.7,6.54,5.83,0.71,1.33,0.74,11.37,57.43,2025-01-12 22:35:00,NORMAL
183,3,237.7,12.21,12.25,0.04,2.91,0.75,33.22,82.83,2025-01-12 22:40:00,NORMAL
124,38,221.96,11.47,10.53,0.94,2.34,0.95,74.71,81.73,2025-01-12 22:45:00,NORMAL
139,29,225.57,7.03,6.91,0.12,1.56,0.84,32.54,75.34,2025-01-12 22:50:00,NORMAL
187,15,243.68,9.75,9.31,0.44,2.27,0.81,40.55,78.92,2025-01-12 22:55:00,NORMAL
113,23,229.6,8.57,8.0,0.57,1.84,0.83,27.71,82.23,2025-01-12 23:00:00,NORMAL
125,23,231.6,12.18,11.95,0.23,2.77,0.75,52.65,77.01,2025-01-12 23:05:00,NORMAL
186,18,219.67,10.9,10.75,0.15,2.36,0.77,41.16,61.61,2025-01-12 23:10:00,NORMAL
121,46,234.23,7.79,6.81,0.98,1.6,0.85,40.63,45.88,2025-01-12 23:15:00,NORMAL
147,19,237.54,10.24,10.89,0.65,2.59,0.81,32.99,77.24,2025-01-12 23:20:00,NORMAL
182,28,237.23,9.92,9.7,0.22,2.3,0.84,51.26,49.06,2025-01-12 23:25:00,NORMAL
150,26,217.89,9.92,10.64,0.72,2.32,0.74,67.08,44.69,2025-01-12 23:30:00,NORMAL
102,10,240.0,8.98,9.68,0.7,2.32,0.75,19.61,40.3,2025-01-12 23:35:00,NORMAL
141,47,220.02,10.05,9.88,0.17,2.17,0.82,40.45,67.63,2025-01-12 23:40:00,NORMAL
118,4,229.74,8.3,8.36,0.06,1.92,0.81,42.57,44.55,2025-01-12 23:45:00,NORMAL
172,2,213.82,7.62,6.38,1.24,1.36,0.96,33.54,52.49,2025-01-12 23:50:00,LEAKAGE_WARNING
127,3,228.21,7.51,7.44,0.07,1.7,0.71,62.35,72.54,2025-01-12 23:55:00,NORMAL
183,7,219.96,7.9,7.13,0.77,1.57,1.0,62.54,77.63,2025-01-13 00:00:00,NORMAL
144,16,225.51,10.84,10.61,0.23,2.39,0.99,48.44,48.89,2025-01-13 00:05:00,NORMAL
170,31,230.6,10.9,11.3,0.4,2.61,0.86,34.82,80.57,2025-01-13 00:10:00,NORMAL
177,10,238.27,12.92,13.6,0.68,3.24,0.92,62.22,33.48,2025-01-13 00:15:00,NORMAL
162,19,237.93,9.54,10.02,0.48,2.38,0.98,40.58,89.15,2025-01-13 00:20:00,NORMAL
172,28,206.63,11.4,11.04,0.36,2.28,0.78,59.68,55.01,2025-01-13 00:25:00,NORMAL
118,17,236.78,10.09,9.09,1.0,2.15,0.79,81.64,49.49,2025-01-13 00:30:00,OVERHEAT
146,28,232.06,10.6,10.86,0.26,2.52,0.73,45.01,85.42,2025-01-13 00:35:00,NORMAL
113,19,224.4,11.62,11.0,0.62,2.47,0.87,47.37,37.94,2025-01-13 00:40:00,NORMAL
137,37,221.2,11.16,11.05,0.11,2.44,0.75,34.53,51.47,2025-01-13 00:45:00,NORMAL
152,23,229.38,10.22,10.55,0.33,2.42,0.98,60.28,51.53,2025-01-13 00:50:00,NORMAL
160,20,232.31,8.77,8.39,0.38,1.95,0.83,48.17,55.46,2025-01-13 00:55:00,NORMAL
135,13,233.78,10.55,9.55,1.0,2.23,0.98,26.14,80.9,2025-01-13 01:00:00,NORMAL
139,13,228.03,12.73,12.57,0.16,2.87,0.76,34.29,80.96,2025-01-13 01:05:00,NORMAL
180,43,204.76,10.35,9.74,0.61,1.99,0.91,74.38,65.5,2025-01-13 01:10:00,NORMAL
129,11,225.05,9.21,8.86,0.35,1.99,0.89,41.32,89.51,2025-01-13 01:15:00,NORMAL
108,48,218.16,11.64,11.28,0.36,2.46,0.82,28.56,80.65,2025-01-13 01:20:00,NORMAL
163,15,250.55,7.23,7.43,0.2,1.86,0.97,47.81,70.86,2025-01-13 01:25:00,NORMAL
132,17,230.59,9.28,8.83,0.45,2.04,0.83,37.03,41.97,2025-01-13 01:30:00,NORMAL
151,28,237.41,8.04,8.57,0.53,2.03,0.76,42.22,62.98,2025-01-13 01:35:00,NORMAL
188,19,236.35,9.76,9.38,0.38,2.22,0.99,53.12,42.83,2025-01-13 01:40:00,NORMAL
113,4,233.1,12.49,11.6,0.89,2.7,0.83,50.07,48.1,2025-01-13 01:45:00,NORMAL
174,22,225.84,11.28,10.18,1.1,2.3,0.76,45.51,71.15,2025-01-13 01:50:00,LEAKAGE_WARNING
152,22,224.56,6.26,6.58,0.32,1.48,0.81,35.81,41.07,2025-01-13 01:55:00,NORMAL
198,37,209.79,8.76,8.34,0.42,1.75,0.88,18.29,35.45,2025-01-13 02:00:00,NORMAL
158,39,231.42,7.0,7.15,0.15,1.65,0.85,73.81,61.89,2025-01-13 02:05:00,NORMAL
177,34,233.0,12.12,11.85,0.27,2.76,0.89,72.91,30.06,2025-01-13 02:10:00,NORMAL
193,33,229.52,8.84,7.68,1.16,1.76,0.9,45.36,66.53,2025-01-13 02:15:00,LEAKAGE_WARNING
140,44,231.43,10.15,9.51,0.64,2.2,0.74,57.52,84.08,2025-01-13 02:20:00,NORMAL
167,42,217.94,10.25,10.38,0.13,2.26,0.79,44.51,41.41,2025-01-13 02:25:00,NORMAL
167,40,227.06,10.41,10.56,0.15,2.4,0.92,33.42,52.97,2025-01-13 02:30:00,NORMAL
191,33,223.5,4.21,4.0,0.21,0.89,0.9,46.11,84.98,2025-01-13 02:35:00,NORMAL
107,12,236.65,10.72,10.48,0.24,2.48,0.73,47.11,72.23,2025-01-13 02:40:00,NORMAL
101,2,230.41,8.9,8.63,0.27,1.99,0.79,67.34,38.12,2025-01-13 02:45:00,NORMAL
185,28,223.6,11.69,12.23,0.54,2.73,0.98,46.43,52.92,2025-01-13 02:50:00,NORMAL
140,10,228.4,10.41,9.21,1.2,2.1,0.96,70.57,75.36,2025-01-13 02:55:00,LEAKAGE_WARNING
154,22,219.6,11.26,10.01,1.25,2.2,0.9,42.59,69.89,2025-01-13 03:00:00,LEAKAGE_WARNING
115,17,226.72,8.54,8.1,0.44,1.84,0.72,36.5,39.34,2025-01-13 03:05:00,NORMAL
192,26,235.83,7.74,7.98,0.24,1.88,0.88,67.34,33.75,2025-01-13 03:10:00,NORMAL
161,3,216.68,11.78,11.89,0.11,2.58,0.7,65.92,70.9,2025-01-13 03:15:00,NORMAL
147,7,229.39,11.13,11.4,0.27,2.62,0.9,46.15,66.54,2025-01-13 03:20:00,NORMAL
129,44,222.5,10.44,10.76,0.32,2.39,0.92,50.13,33.56,2025-01-13 03:25:00,NORMAL
111,8,216.68,10.44,10.56,0.12,2.29,0.85,49.28,88.49,2025-01-13 03:30:00,NORMAL
134,20,248.65,10.84,10.43,0.41,2.59,0.7,48.17,45.15,2025-01-13 03:35:00,NORMAL
110,12,242.54,7.42,7.16,0.26,1.74,0.9,39.43,53.16,2025-01-13 03:40:00,NORMAL
163,35,224.02,12.15,11.19,0.96,2.51,0.95,80.94,40.66,2025-01-13 03:45:00,OVERHEAT
149,17,227.1,9.69,10.25,0.56,2.33,0.88,39.0,79.71,2025-01-13 03:50:00,NORMAL
184,28,209.78,9.75,9.99,0.24,2.1,0.91,53.34,87.75,2025-01-13 03:55:00,NORMAL
120,41,214.08,9.16,9.96,0.8,2.13,0.73,47.86,42.8,2025-01-13 04:00:00,NORMAL
168,10,218.72,5.06,4.79,0.27,1.05,0.91,7.23,46.99,2025-01-13 04:05:00,NORMAL
147,22,229.66,11.15,10.15,1.0,2.33,0.88,46.77,72.39,2025-01-13 04:10:00,NORMAL
119,38,228.85,8.0,8.04,0.04,1.84,0.8,40.78,61.67,2025-01-13 04:15:00,NORMAL
166,33,233.32,10.22,9.34,0.88,2.18,0.91,36.65,36.3,2025-01-13 04:20:00,NORMAL
143,22,236.79,8.36,7.81,0.55,1.85,0.89,29.42,85.72,2025-01-13 04:25:00,NORMAL
132,44,232.78,9.31,8.68,0.63,2.02,0.88,72.04,66.67,2025-01-13 04:30:00,NORMAL
172,37,219.19,9.2,8.71,0.49,1.91,0.75,28.31,48.08,2025-01-13 04:35:00,NORMAL
160,13,233.24,8.31,7.21,1.1,1.68,0.79,42.13,59.39,2025-01-13 04:40:00,LEAKAGE_WARNING
108,27,236.35,9.55,9.45,0.1,2.23,1.0,37.16,60.01,2025-01-13 04:45:00,NORMAL
167,15,225.73,9.04,8.5,0.54,1.92,0.83,29.14,61.53,2025-01-13 04:50:00,NORMAL
134,22,211.54,7.92,6.8,1.12,1.44,0.72,56.51,59.84,2025-01-13 04:55:00,LEAKAGE_WARNING
180,30,241.84,12.35,12.66,0.31,3.06,0.97,51.67,63.71,2025-01-13 05:00:00,NORMAL
197,43,230.88,8.4,8.31,0.09,1.92,0.75,37.53,53.6,2025-01-13 05:05:00,NORMAL
187,40,202.27,11.12,10.63,0.49,2.15,0.82,31.19,38.77,2025-01-13 05:10:00,NORMAL
195,37,250.7,11.34,11.57,0.23,2.9,0.78,52.86,69.87,2025-01-13 05:15:00,NORMAL
164,34,225.21,11.85,12.1,0.25,2.73,0.99,51.54,77.55,2025-01-13 05:20:00,NORMAL
107,44,254.39,8.91,7.7,1.21,1.96,0.81,42.82,80.46,2025-01-13 05:25:00,LEAKAGE_WARNING
144,34,233.77,9.6,9.81,0.21,2.29,0.91,66.55,31.32,2025-01-13 05:30:00,NORMAL
186,48,227.97,9.66,9.64,0.02,2.2,0.88,68.56,54.28,2025-01-13 05:35:00,NORMAL
146,35,231.84,11.05,10.74,0.31,2.49,0.71,37.37,88.71,2025-01-13 05:40:00,NORMAL
139,42,222.91,9.52,9.11,0.41,2.03,0.82,76.33,33.75,2025-01-13 05:45:00,NORMAL
175,19,230.61,10.92,10.99,0.07,2.53,0.82,40.87,77.13,2025-01-13 05:50:00,NORMAL
153,8,250.11,9.49,9.39,0.1,2.35,1.0,41.07,37.57,2025-01-13 05:55:00,NORMAL
175,39,221.01,12.23,12.53,0.3,2.77,0.94,55.7,79.48,2025-01-13 06:00:00,NORMAL
145,33,235.33,9.98,10.06,0.08,2.37,0.96,50.22,70.33,2025-01-13 06:05:00,NORMAL
146,44,222.8,9.74,9.19,0.55,2.05,0.79,45.49,73.5,2025-01-13 06:10:00,NORMAL
114,28,228.32,10.68,10.03,0.65,2.29,0.8,16.27,88.64,2025-01-13 06:15:00,NORMAL
118,37,249.77,13.27,12.56,0.71,3.14,0.85,21.06,86.37,2025-01-13 06:20:00,NORMAL
125,48,235.26,8.79,8.59,0.2,2.02,0.89,25.74,48.26,2025-01-13 06:25:00,NORMAL
151,25,237.46,12.08,11.98,0.1,2.84,0.92,45.16,52.51,2025-01-13 06:30:00,NORMAL
192,36,230.71,8.36,8.81,0.45,2.03,0.95,37.23,54.43,2025-01-13 06:35:00,NORMAL
121,17,256.95,10.09,10.07,0.02,2.59,0.96,39.34,40.83,2025-01-13 06:40:00,NORMAL
120,24,220.5,8.41,8.12,0.29,1.79,0.71,40.56,52.87,2025-01-13 06:45:00,NORMAL
150,21,214.21,9.26,8.52,0.74,1.83,0.94,59.66,88.74,2025-01-13 06:50:00,NORMAL
137,2,246.86,8.64,9.41,0.77,2.32,0.88,56.61,59.37,2025-01-13 06:55:00,NORMAL
119,31,226.18,11.4,11.37,0.03,2.57,0.86,38.76,87.16,2025-01-13 07:00:00,NORMAL
128,44,234.1,9.01,9.94,0.93,2.33,0.89,40.43,34.29,2025-01-13 07:05:00,NORMAL
150,33,247.16,11.06,11.66,0.6,2.88,0.96,32.05,32.36,2025-01-13 07:10:00,NORMAL
103,30,234.24,8.95,8.09,0.86,1.9,0.86,39.96,64.52,2025-01-13 07:15:00,NORMAL
154,12,252.31,9.99,10.44,0.45,2.63,0.75,64.49,74.18,2025-01-13 07:20:00,NORMAL
170,44,231.36,12.92,12.67,0.25,2.93,0.83,58.78,43.05,2025-01-13 07:25:00,NORMAL
191,12,222.92,8.51,7.8,0.71,1.74,0.98,50.75,60.2,2025-01-13 07:30:00,NORMAL
127,49,206.47,8.55,8.58,0.03,1.77,0.94,28.91,82.38,2025-01-13 07:35:00,NORMAL
103,24,233.01,9.51,9.92,0.41,2.31,0.76,44.21,75.7,2025-01-13 07:40:00,NORMAL
121,24,207.64,9.96,9.7,0.26,2.01,0.91,39.23,43.91,2025-01-13 07:45:00,NORMAL
175,11,233.25,11.24,10.26,0.98,2.39,0.78,42.69,50.07,2025-01-13 07:50:00,NORMAL
144,13,244.6,10.09,9.39,0.7,2.3,0.8,56.85,48.35,2025-01-13 07:55:00,NORMAL
166,27,229.83,10.49,10.41,0.08,2.39,0.84,61.17,73.17,2025-01-13 08:00:00,NORMAL
185,8,231.9,7.69,7.77,0.08,1.8,0.83,81.7,88.09,2025-01-13 08:05:00,OVERHEAT
165,10,239.16,10.6,9.82,0.78,2.35,0.71,31.53,46.8,2025-01-13 08:10:00,NORMAL
187,8,236.7,10.66,11.19,0.53,2.65,0.93,63.45,65.3,2025-01-13 08:15:00,NORMAL
133,20,241.6,11.34,10.67,0.67,2.58,0.95,42.95,89.31,2025-01-13 08:20:00,NORMAL
190,8,229.81,9.34,9.41,0.07,2.16,0.86,34.29,39.45,2025-01-13 08:25:00,NORMAL
154,9,207.49,9.99,10.53,0.54,2.18,0.75,77.6,69.54,2025-01-13 08:30:00,NORMAL
100,7,241.76,11.41,12.09,0.68,2.92,0.77,71.42,49.92,2025-01-13 08:35:00,NORMAL
171,14,227.61,7.88,6.86,1.02,1.56,0.74,40.78,89.5,2025-01-13 08:40:00,LEAKAGE_WARNING
186,28,221.21,6.41,6.31,0.1,1.4,0.75,34.16,36.53,2025-01-13 08:45:00,NORMAL
137,2,233.36,7.78,8.03,0.25,1.87,0.96,18.61,57.08,2025-01-13 08:50:00,NORMAL
105,43,231.87,8.72,8.54,0.18,1.98,0.84,63.82,45.3,2025-01-13 08:55:00,NORMAL
185,8,222.51,12.14,12.23,0.09,2.72,0.73,14.3,31.9,2025-01-13 09:00:00,NORMAL
124,13,217.14,14.06,14.13,0.07,3.07,0.78,42.82,87.82,2025-01-13 09:05:00,NORMAL
181,21,234.68,8.18,8.23,0.05,1.93,0.98,31.6,64.09,2025-01-13 09:10:00,NORMAL
116,47,221.5,9.83,9.63,0.2,2.13,0.85,65.91,72.05,2025-01-13 09:15:00,NORMAL
160,28,231.14,8.95,8.37,0.58,1.93,0.85,72.67,67.22,2025-01-13 09:20:00,NORMAL
111,35,233.73,10.96,11.52,0.56,2.69,0.86,19.44,38.91,2025-01-13 09:25:00,NORMAL
105,23,239.68,10.56,9.68,0.88,2.32,0.73,46.22,40.23,2025-01-13 09:30:00,NORMAL
189,46,251.19,8.25,8.52,0.27,2.14,0.99,49.05,67.59,2025-01-13 09:35:00,NORMAL
126,15,232.37,8.76,8.43,0.33,1.96,0.73,40.68,76.79,2025-01-13 09:40:00,NORMAL
107,2,225.75,9.71,9.54,0.17,2.15,0.91,35.38,66.66,2025-01-13 09:45:00,NORMAL
182,12,246.58,12.46,12.66,0.2,3.12,0.72,68.47,64.22,2025-01-13 09:50:00,NORMAL
164,36,240.48,8.69,7.92,0.77,1.9,0.83,37.16,74.76,2025-01-13 09:55:00,NORMAL
156,3,231.68,6.9,7.1,0.2,1.64,0.97,74.74,44.62,2025-01-13 10:00:00,NORMAL
192,5,232.36,12.61,11.7,0.91,2.72,0.93,35.07,73.9,2025-01-13 10:05:00,NORMAL
198,3,230.27,10.99,10.46,0.53,2.41,0.8,56.58,54.67,2025-01-13 10:10:00,NORMAL
139,47,231.62,7.67,7.84,0.17,1.82,0.87,57.53,70.44,2025-01-13 10:15:00,NORMAL
113,19,228.98,10.61,11.01,0.4,2.52,0.75,35.06,46.48,2025-01-13 10:20:00,NORMAL
134,2,220.25,11.62,10.89,0.73,2.4,0.99,18.33,38.25,2025-01-13 10:25:00,NORMAL
147,44,230.09,10.19,10.56,0.37,2.43,0.91,32.11,31.75,2025-01-13 10:30:00,NORMAL
183,37,247.57,12.73,12.6,0.13,3.12,0.81,27.31,78.21,2025-01-13 10:35:00,NORMAL
155,17,221.84,11.11,10.56,0.55,2.34,0.8,57.36,41.82,2025-01-13 10:40:00,NORMAL
148,14,227.29,10.61,10.18,0.43,2.31,0.77,39.31,51.81,2025-01-13 10:45:00,NORMAL
112,28,221.08,10.41,10.31,0.1,2.28,0.94,65.61,76.13,2025-01-13 10:50:00,NORMAL
160,27,241.57,10.27,10.43,0.16,2.52,0.83,53.59,57.01,2025-01-13 10:55:00,NORMAL
148,10,238.3,11.76,11.2,0.56,2.67,0.8,42.11,43.05,2025-01-13 11:00:00,NORMAL
145,3,217.22,9.7,10.44,0.74,2.27,0.97,46.26,41.69,2025-01-13 11:05:00,NORMAL
161,36,209.82,11.9,11.57,0.33,2.43,0.75,25.09,54.48,2025-01-13 11:10:00,NORMAL
107,38,238.66,10.62,11.07,0.45,2.64,0.78,42.08,63.91,2025-01-13 11:15:00,NORMAL
142,25,216.61,10.21,10.45,0.24,2.26,0.8,47.15,53.54,2025-01-13 11:20:00,NORMAL
119,22,238.28,9.38,9.0,0.38,2.14,0.78,39.24,84.27,2025-01-13 11:25:00,NORMAL
196,48,223.62,9.4,9.57,0.17,2.14,0.88,36.56,30.23,2025-01-13 11:30:00,NORMAL
189,39,236.95,10.64,9.86,0.78,2.34,0.88,60.08,54.12,2025-01-13 11:35:00,NORMAL
138,47,234.44,12.03,11.48,0.55,2.69,0.72,30.85,74.57,2025-01-13 11:40:00,NORMAL
184,30,224.64,11.01,11.16,0.15,2.51,0.74,53.77,83.45,2025-01-13 11:45:00,NORMAL
148,21,221.21,8.57,8.48,0.09,1.88,0.76,61.5,51.5,2025-01-13 11:50:00,NORMAL
163,30,235.76,6.8,7.15,0.35,1.69,0.72,52.42,70.42,2025-01-13 11:55:00,NORMAL
161,28,223.07,11.48,11.04,0.44,2.46,0.74,26.94,64.82,2025-01-13 12:00:00,NORMAL
153,31,241.09,15.37,14.39,0.98,3.47,0.77,46.71,42.09,2025-01-13 12:05:00,NORMAL
108,26,221.68,9.45,9.85,0.4,2.18,0.8,58.4,70.86,2025-01-13 12:10:00,NORMAL
187,43,233.5,9.07,8.78,0.29,2.05,0.94,40.67,44.97,2025-01-13 12:15:00,NORMAL
136,22,226.1,11.64,11.28,0.36,2.55,0.77,32.2,77.03,2025-01-13 12:20:00,NORMAL
148,21,230.06,8.28,8.71,0.43,2.0,0.9,31.67,81.95,2025-01-13 12:25:00,NORMAL
140,1,222.99,12.99,13.29,0.3,2.96,0.72,49.83,58.71,2025-01-13 12:30:00,NORMAL
116,37,228.21,10.82,11.52,0.7,2.63,0.9,40.01,33.25,2025-01-13 12:35:00,NORMAL
187,13,204.38,9.95,9.47,0.48,1.94,0.94,35.73,74.24,2025-01-13 12:40:00,NORMAL
120,21,221.87,8.45,8.43,0.02,1.87,0.88,13.52,58.03,2025-01-13 12:45:00,NORMAL
150,46,224.12,11.76,11.92,0.16,2.67,0.76,72.05,35.67,2025-01-13 12:50:00,NORMAL
158,9,229.28,9.11,7.88,1.23,1.81,0.8,40.29,49.87,2025-01-13 12:55:00,LEAKAGE_WARNING
138,17,242.93,11.42,12.12,0.7,2.94,0.94,57.21,47.44,2025-01-13 13:00:00,NORMAL
154,47,223.02,10.8,9.96,0.84,2.22,0.83,65.08,73.58,2025-01-13 13:05:00,NORMAL
140,21,244.14,12.58,13.46,0.88,3.29,0.78,96.08,55.44,2025-01-13 13:10:00,OVERHEAT
138,31,221.39,10.32,10.38,0.06,2.3,0.98,55.23,65.22,2025-01-13 13:15:00,NORMAL
112,39,218.92,16.23,16.88,0.65,3.7,0.89,50.03,60.07,2025-01-13 13:20:00,NORMAL
163,22,211.16,11.11,11.32,0.21,2.39,0.94,21.75,73.46,2025-01-13 13:25:00,NORMAL
110,12,236.07,10.29,10.36,0.07,2.45,0.71,14.6,73.08,2025-01-13 13:30:00,NORMAL
118,6,230.86,9.22,9.37,0.15,2.16,0.8,9.2,56.93,2025-01-13 13:35:00,NORMAL
110,16,235.48,11.75,11.42,0.33,2.69,0.84,42.46,38.1,2025-01-13 13:40:00,NORMAL
176,26,231.32,9.27,8.63,0.64,2.0,0.88,30.03,54.47,2025-01-13 13:45:00,NORMAL
145,5,229.91,8.45,8.31,0.14,1.91,0.76,37.72,39.61,2025-01-13 13:50:00,NORMAL
144,9,232.84,9.06,8.7,0.36,2.03,0.85,66.56,87.55,2025-01-13 13:55:00,NORMAL
100,46,251.52,9.62,8.64,0.98,2.17,0.91,52.75,87.01,2025-01-13 14:00:00,NORMAL
139,40,225.26,14.5,14.65,0.15,3.3,0.8,44.79,57.4,2025-01-13 14:05:00,NORMAL
118,14,250.54,10.58,9.93,0.65,2.49,0.91,47.93,31.66,2025-01-13 14:10:00,NORMAL
175,44,238.52,8.68,7.22,1.46,1.72,0.82,34.55,52.48,2025-01-13 14:15:00,LEAKAGE_WARNING
171,42,233.65,12.18,11.07,1.11,2.59,0.84,37.82,83.71,2025-01-13 14:20:00,LEAKAGE_WARNING
171,30,235.55,10.38,9.37,1.01,2.21,0.74,24.26,47.28,2025-01-13 14:25:00,LEAKAGE_WARNING
160,26,198.04,12.59,12.03,0.56,2.38,0.9,56.66,67.32,2025-01-13 14:30:00,VOLTAGE_FAULT
111,45,227.38,13.82,13.04,0.78,2.97,0.77,71.56,41.04,2025-01-13 14:35:00,NORMAL
160,29,223.3,7.02,7.06,0.04,1.58,0.95,65.42,79.51,2025-01-13 14:40:00,NORMAL
132,19,251.12,5.25,5.09,0.16,1.28,0.87,45.37,83.51,2025-01-13 14:45:00,NORMAL
144,47,226.59,13.98,13.88,0.1,3.15,0.87,59.35,66.91,2025-01-13 14:50:00,NORMAL
189,8,229.7,8.63,8.76,0.13,2.01,0.97,53.16,67.43,2025-01-13 14:55:00,NORMAL
191,23,229.54,6.6,6.33,0.27,1.45,0.75,47.59,52.71,2025-01-13 15:00:00,NORMAL
168,42,216.93,8.95,9.01,0.06,1.95,0.86,50.28,72.43,2025-01-13 15:05:00,NORMAL
107,35,224.4,8.06,7.83,0.23,1.76,0.81,25.23,58.71,2025-01-13 15:10:00,NORMAL
124,31,238.17,8.45,8.94,0.49,2.13,0.99,37.8,74.73,2025-01-13 15:15:00,NORMAL
190,35,208.68,11.71,11.78,0.07,2.46,0.94,34.77,88.11,2025-01-13 15:20:00,NORMAL
145,32,233.11,9.28,8.42,0.86,1.96,0.93,22.32,79.34,2025-01-13 15:25:00,NORMAL
186,5,220.99,6.76,6.46,0.3,1.43,0.76,53.65,61.04,2025-01-13 15:30:00,NORMAL
129,16,243.0,10.07,9.2,0.87,2.24,0.77,55.54,88.73,2025-01-13 15:35:00,NORMAL
146,17,233.95,8.3,8.4,0.1,1.97,0.71,6.98,66.42,2025-01-13 15:40:00,NORMAL
186,32,214.8,9.5,9.42,0.08,2.02,0.89,44.78,33.89,2025-01-13 15:45:00,NORMAL
148,38,225.84,9.62,9.31,0.31,2.1,0.81,39.91,73.82,2025-01-13 15:50:00,NORMAL
146,32,234.54,11.69,11.59,0.1,2.72,0.79,35.63,79.2,2025-01-13 15:55:00,NORMAL
183,20,226.96,8.99,9.49,0.5,2.15,0.89,20.28,38.09,2025-01-13 16:00:00,NORMAL
181,48,231.45,11.4,10.92,0.48,2.53,0.95,45.91,70.76,2025-01-13 16:05:00,NORMAL
117,2,229.81,6.81,7.1,0.29,1.63,0.74,45.28,85.25,2025-01-13 16:10:00,NORMAL
165,20,238.67,11.8,11.61,0.19,2.77,0.98,39.35,45.09,2025-01-13 16:15:00,NORMAL
167,47,234.4,12.6,13.47,0.87,3.16,0.71,57.13,65.1,2025-01-13 16:20:00,NORMAL
193,18,229.52,9.54,9.66,0.12,2.22,0.73,56.47,46.48,2025-01-13 16:25:00,NORMAL
132,1,230.18,8.36,8.22,0.14,1.89,0.95,17.05,76.46,2025-01-13 16:30:00,NORMAL
135,29,219.17,7.84,7.36,0.48,1.61,0.85,56.44,64.84,2025-01-13 16:35:00,NORMAL
181,29,244.67,9.95,10.37,0.42,2.54,0.98,30.66,55.68,2025-01-13 16:40:00,NORMAL
118,19,259.62,12.43,12.68,0.25,3.29,0.84,40.91,31.74,2025-01-13 16:45:00,NORMAL
127,44,226.7,9.15,8.07,1.08,1.83,0.98,69.72,86.69,2025-01-13 16:50:00,LEAKAGE_WARNING
139,40,230.48,12.22,11.04,1.18,2.54,0.77,44.35,59.86,2025-01-13 16:55:00,LEAKAGE_WARNING
183,6,240.15,7.7,7.24,0.46,1.74,0.88,60.41,78.25,2025-01-13 17:00:00,NORMAL
196,44,240.09,9.3,8.46,0.84,2.03,1.0,41.19,53.51,2025-01-13 17:05:00,NORMAL
175,39,231.78,9.91,9.91,0.0,2.3,0.81,59.05,80.95,2025-01-13 17:10:00,NORMAL
114,46,220.24,10.43,9.9,0.53,2.18,0.7,44.18,39.6,2025-01-13 17:15:00,NORMAL
140,8,248.18,9.33,8.83,0.5,2.19,0.72,40.97,43.89,2025-01-13 17:20:00,NORMAL
138,24,236.81,12.49,12.76,0.27,3.02,0.96,46.84,50.0,2025-01-13 17:25:00,NORMAL
101,20,232.21,12.52,12.22,0.3,2.84,0.85,28.22,35.32,2025-01-13 17:30:00,NORMAL
162,14,222.77,9.65,9.6,0.05,2.14,0.86,37.27,56.63,2025-01-13 17:35:00,NORMAL
128,5,230.58,8.96,8.58,0.38,1.98,0.94,54.17,59.16,2025-01-13 17:40:00,NORMAL
173,41,211.86,8.8,8.87,0.07,1.88,0.94,57.57,36.89,2025-01-13 17:45:00,NORMAL
165,40,237.41,12.07,12.6,0.53,2.99,0.84,31.33,55.63,2025-01-13 17:50:00,NORMAL
150,34,239.85,8.67,8.46,0.21,2.03,0.96,70.84,41.84,2025-01-13 17:55:00,NORMAL
174,16,232.3,7.08,6.46,0.62,1.5,0.84,72.11,82.51,2025-01-13 18:00:00,NORMAL
176,45,220.4,7.38,6.76,0.62,1.49,0.9,31.13,60.56,2025-01-13 18:05:00,NORMAL
109,7,234.52,11.33,12.02,0.69,2.82,0.71,38.16,87.12,2025-01-13 18:10:00,NORMAL
113,16,237.87,7.27,6.98,0.29,1.66,0.74,44.54,50.49,2025-01-13 18:15:00,NORMAL
181,7,222.57,9.2,8.66,0.54,1.93,0.96,63.22,50.48,2025-01-13 18:20:00,NORMAL
150,27,239.34,10.2,9.93,0.27,2.38,0.79,53.6,50.32,2025-01-13 18:25:00,NORMAL
172,14,235.25,6.64,6.01,0.63,1.41,0.8,40.41,46.1,2025-01-13 18:30:00,NORMAL
138,14,227.26,10.36,10.87,0.51,2.47,0.9,26.05,77.05,2025-01-13 18:35:00,NORMAL
127,44,224.42,9.35,9.72,0.37,2.18,0.88,15.65,46.96,2025-01-13 18:40:00,NORMAL
102,33,228.21,6.19,5.7,0.49,1.3,0.72,49.29,47.28,2025-01-13 18:45:00,NORMAL
183,33,220.29,10.39,10.36,0.03,2.28,0.93,72.31,32.81,2025-01-13 18:50:00,NORMAL
169,44,232.6,10.79,10.0,0.79,2.33,0.89,45.06,87.92,2025-01-13 18:55:00,NORMAL
126,20,235.58,10.37,10.02,0.35,2.36,0.96,51.23,83.18,2025-01-13 19:00:00,NORMAL
101,47,241.69,11.01,11.26,0.25,2.72,0.86,48.16,47.55,2025-01-13 19:05:00,NORMAL
192,36,232.97,10.52,10.79,0.27,2.51,0.82,20.42,61.25,2025-01-13 19:10:00,NORMAL
137,7,233.91,11.46,12.2,0.74,2.85,0.81,68.57,58.96,2025-01-13 19:15:00,NORMAL
102,32,227.32,8.11,7.57,0.54,1.72,0.7,33.18,35.26,2025-01-13 19:20:00,NORMAL
115,48,221.26,7.21,7.07,0.14,1.56,0.71,33.0,61.87,2025-01-13 19:25:00,NORMAL
193,3,225.7,7.68,7.02,0.66,1.58,0.74,52.0,36.8,2025-01-13 19:30:00,NORMAL
139,39,244.28,8.38,8.05,0.33,1.97,0.98,34.22,56.05,2025-01-13 19:35:00,NORMAL
101,29,236.34,14.04,13.78,0.26,3.26,0.96,25.45,35.27,2025-01-13 19:40:00,NORMAL
180,24,234.07,8.39,7.78,0.61,1.82,0.85,59.52,65.33,2025-01-13 19:45:00,NORMAL
140,22,211.85,8.96,8.81,0.15,1.87,0.75,46.92,32.94,2025-01-13 19:50:00,NORMAL
111,6,233.13,9.53,9.5,0.03,2.21,0.74,59.39,67.71,2025-01-13 19:55:00,NORMAL
134,48,216.7,9.29,9.09,0.2,1.97,0.78,39.48,72.43,2025-01-13 20:00:00,NORMAL
164,24,217.42,13.63,13.01,0.62,2.83,0.97,38.18,64.25,2025-01-13 20:05:00,NORMAL
154,40,218.54,6.55,6.82,0.27,1.49,0.86,48.79,58.17,2025-01-13 20:10:00,NORMAL
144,23,222.27,14.37,13.71,0.66,3.05,0.94,50.27,33.65,2025-01-13 20:15:00,NORMAL
178,38,238.33,10.29,10.06,0.23,2.4,0.85,35.37,30.68,2025-01-13 20:20:00,NORMAL
189,10,232.27,11.92,11.91,0.01,2.77,0.88,33.58,50.55,2025-01-13 20:25:00,NORMAL
184,16,220.57,10.04,9.75,0.29,2.15,0.88,58.6,76.28,2025-01-13 20:30:00,NORMAL
161,11,224.19,11.63,10.84,0.79,2.43,0.71,50.01,68.84,2025-01-13 20:35:00,NORMAL
148,32,234.98,8.11,7.33,0.78,1.72,0.83,49.12,37.52,2025-01-13 20:40:00,NORMAL
194,45,236.98,7.29,6.89,0.4,1.63,0.96,15.37,71.28,2025-01-13 20:45:00,NORMAL
124,6,231.34,15.19,14.68,0.51,3.4,0.85,48.87,64.49,2025-01-13 20:50:00,NORMAL
122,24,218.53,13.83,13.61,0.22,2.97,0.83,50.58,40.0,2025-01-13 20:55:00,NORMAL
123,33,225.87,7.89,7.98,0.09,1.8,0.86,40.2,75.32,2025-01-13 21:00:00,NORMAL
137,12,253.81,11.43,11.01,0.42,2.79,0.81,53.47,79.82,2025-01-13 21:05:00,NORMAL
127,27,217.89,12.32,12.34,0.02,2.69,0.85,34.61,43.95,2025-01-13 21:10:00,NORMAL
120,38,233.75,11.32,11.63,0.31,2.72,0.74,50.14,68.15,2025-01-13 21:15:00,NORMAL
153,18,251.21,9.58,9.59,0.01,2.41,0.99,22.12,52.69,2025-01-13 21:20:00,NORMAL
117,45,227.27,14.05,14.67,0.62,3.33,0.71,58.57,33.51,2025-01-13 21:25:00,NORMAL
135,39,248.34,11.38,11.8,0.42,2.93,0.84,33.42,81.68,2025-01-13 21:30:00,NORMAL
198,13,223.12,8.14,6.93,1.21,1.55,0.76,51.52,79.24,2025-01-13 21:35:00,LEAKAGE_WARNING
144,40,210.25,9.23,8.47,0.76,1.78,0.72,63.65,49.08,2025-01-13 21:40:00,NORMAL
172,30,224.21,7.86,7.78,0.08,1.74,0.9,59.81,61.89,2025-01-13 21:45:00,NORMAL
152,49,222.42,9.79,9.33,0.46,2.08,1.0,51.46,60.74,2025-01-13 21:50:00,NORMAL
129,41,213.3,9.72,10.0,0.28,2.13,0.92,57.33,40.65,2025-01-13 21:55:00,NORMAL
159,13,225.83,11.51,10.98,0.53,2.48,0.78,67.41,38.74,2025-01-13 22:00:00,NORMAL
197,34,239.91,11.48,11.15,0.33,2.67,0.85,46.8,80.66,2025-01-13 22:05:00,NORMAL
131,36,224.06,10.78,10.93,0.15,2.45,0.71,59.55,82.04,2025-01-13 22:10:00,NORMAL
166,30,226.24,10.72,10.68,0.04,2.42,0.86,27.32,73.51,2025-01-13 22:15:00,NORMAL
166,25,243.71,12.09,12.09,0.0,2.95,0.73,34.18,34.37,2025-01-13 22:20:00,NORMAL
127,2,222.52,9.55,8.92,0.63,1.98,0.94,67.6,84.55,2025-01-13 22:25:00,NORMAL
143,36,236.19,5.21,5.05,0.16,1.19,0.72,41.28,88.85,2025-01-13 22:30:00,NORMAL
178,18,212.93,14.22,14.81,0.59,3.15,0.7,37.13,76.54,2025-01-13 22:35:00,NORMAL
140,5,220.34,8.18,8.2,0.02,1.81,0.96,40.72,51.2,2025-01-13 22:40:00,NORMAL
162,19,227.87,11.39,11.58,0.19,2.64,0.98,34.32,54.35,2025-01-13 22:45:00,NORMAL
122,42,242.09,9.32,9.86,0.54,2.39,0.73,42.44,82.18,2025-01-13 22:50:00,NORMAL
174,18,220.87,12.8,12.98,0.18,2.87,0.78,29.27,46.81,2025-01-13 22:55:00,NORMAL
147,32,220.75,8.08,8.96,0.88,1.98,0.92,36.48,38.51,2025-01-13 23:00:00,NORMAL
131,21,232.72,8.58,8.85,0.27,2.06,0.86,46.18,79.37,2025-01-13 23:05:00,NORMAL
156,10,234.33,9.0,8.7,0.3,2.04,0.98,68.59,41.6,2025-01-13 23:10:00,NORMAL
199,37,219.64,11.11,10.68,0.43,2.35,0.82,44.33,84.44,2025-01-13 23:15:00,NORMAL
132,49,224.78,10.45,10.0,0.45,2.25,0.7,19.12,65.74,2025-01-13 23:20:00,NORMAL
123,22,240.87,11.13,10.45,0.68,2.52,0.71,60.09,63.32,2025-01-13 23:25:00,NORMAL
138,13,218.2,10.25,9.46,0.79,2.06,0.87,57.09,76.54,2025-01-13 23:30:00,NORMAL
133,17,233.41,11.86,12.17,0.31,2.84,0.93,33.09,30.99,2025-01-13 23:35:00,NORMAL
155,9,224.82,11.9,12.39,0.49,2.79,0.94,56.84,72.81,2025-01-13 23:40:00,NORMAL
127,24,244.03,13.03,12.81,0.22,3.13,0.97,43.03,65.91,2025-01-13 23:45:00,NORMAL
136,44,235.8,10.69,10.22,0.47,2.41,0.77,66.66,61.43,2025-01-13 23:50:00,NORMAL
106,14,238.81,10.68,10.9,0.22,2.6,0.92,80.82,43.04,2025-01-13 23:55:00,OVERHEAT
167,46,224.62,13.53,13.2,0.33,2.96,0.95,50.98,79.77,2025-01-14 00:00:00,NORMAL
136,8,238.25,12.39,11.28,1.11,2.69,0.95,56.52,45.04,2025-01-14 00:05:00,LEAKAGE_WARNING
155,37,237.98,11.04,11.51,0.47,2.74,0.82,69.04,59.39,2025-01-14 00:10:00,NORMAL
164,19,235.19,7.21,7.01,0.2,1.65,0.89,59.42,39.48,2025-01-14 00:15:00,NORMAL
164,28,227.17,6.63,5.91,0.72,1.34,0.87,51.82,88.42,2025-01-14 00:20:00,NORMAL
146,46,231.63,11.23,11.13,0.1,2.58,0.88,43.36,41.67,2025-01-14 00:25:00,NORMAL
119,41,211.47,11.31,10.9,0.41,2.31,0.78,27.99,78.19,2025-01-14 00:30:00,NORMAL
118,30,247.59,8.55,7.89,0.66,1.95,0.9,40.84,45.78,2025-01-14 00:35:00,NORMAL
128,7,223.96,10.71,10.66,0.05,2.39,0.91,41.46,45.36,2025-01-14 00:40:00,NORMAL
173,26,226.65,8.17,8.5,0.33,1.93,0.76,45.32,55.3,2025-01-14 00:45:00,NORMAL
159,40,216.82,11.14,10.99,0.15,2.38,0.83,17.51,80.75,2025-01-14 00:50:00,NORMAL
117,46,236.73,11.2,11.55,0.35,2.73,0.83,39.6,71.25,2025-01-14 00:55:00,NORMAL
191,46,235.29,11.18,11.26,0.08,2.65,0.92,41.11,82.3,2025-01-14 01:00:00,NORMAL
134,11,227.04,10.67,10.25,0.42,2.33,0.9,24.11,32.83,2025-01-14 01:05:00,NORMAL
142,14,206.65,9.41,9.12,0.29,1.88,0.84,51.09,87.34,2025-01-14 01:10:00,NORMAL
194,21,222.88,9.58,8.88,0.7,1.98,0.9,58.9,34.63,2025-01-14 01:15:00,NORMAL
190,8,234.6,12.32,12.0,0.32,2.82,0.78,44.94,73.26,2025-01-14 01:20:00,NORMAL
110,3,232.51,10.83,11.02,0.19,2.56,0.77,26.37,42.43,2025-01-14 01:25:00,NORMAL
148,28,229.54,10.98,11.28,0.3,2.59,0.77,43.45,80.45,2025-01-14 01:30:00,NORMAL
137,29,225.76,10.17,9.66,0.51,2.18,0.71,56.0,81.74,2025-01-14 01:35:00,NORMAL
163,23,214.21,11.3,10.98,0.32,2.35,0.91,55.48,63.07,2025-01-14 01:40:00,NORMAL
168,18,239.64,11.92,11.82,0.1,2.83,1.0,44.3,54.17,2025-01-14 01:45:00,NORMAL
107,35,215.6,8.74,8.37,0.37,1.8,0.79,51.15,77.6,2025-01-14 01:50:00,NORMAL
133,13,227.96,11.19,11.34,0.15,2.59,0.98,35.47,82.44,2025-01-14 01:55:00,NORMAL
147,12,219.65,9.55,10.57,1.02,2.32,0.88,56.18,74.3,2025-01-14 02:00:00,LEAKAGE_WARNING
155,47,239.94,10.63,9.91,0.72,2.38,0.77,38.87,84.42,2025-01-14 02:05:00,NORMAL
175,5,235.82,11.67,11.15,0.52,2.63,0.7,33.54,67.59,2025-01-14 02:10:00,NORMAL
164,39,226.43,7.1,6.94,0.16,1.57,0.92,59.28,70.23,2025-01-14 02:15:00,NORMAL
130,11,236.91,7.83,8.08,0.25,1.91,0.91,47.0,64.31,2025-01-14 02:20:00,NORMAL
103,11,215.08,8.68,8.59,0.09,1.85,0.77,46.23,59.29,2025-01-14 02:25:00,NORMAL
149,47,229.21,8.54,9.2,0.66,2.11,0.8,53.01,69.29,2025-01-14 02:30:00,NORMAL
168,42,219.45,9.68,9.42,0.26,2.07,0.97,43.99,63.67,2025-01-14 02:35:00,NORMAL
129,47,240.25,13.38,14.15,0.77,3.4,0.75,31.02,73.87,2025-01-14 02:40:00,NORMAL
187,31,233.74,12.36,12.11,0.25,2.83,0.95,41.63,86.05,2025-01-14 02:45:00,NORMAL
158,31,236.5,8.84,8.99,0.15,2.13,0.75,22.66,52.38,2025-01-14 02:50:00,NORMAL
166,13,224.47,11.74,11.61,0.13,2.61,0.84,62.59,54.67,2025-01-14 02:55:00,NORMAL
174,14,237.45,9.91,10.28,0.37,2.44,0.85,28.36,30.9,2025-01-14 03:00:00,NORMAL
144,49,218.83,10.69,9.74,0.95,2.13,0.84,74.15,61.62,2025-01-14 03:05:00,NORMAL
103,45,220.26,8.04,7.66,0.38,1.69,0.79,33.16,37.88,2025-01-14 03:10:00,NORMAL
125,42,228.25,7.36,7.5,0.14,1.71,0.78,54.25,72.96,2025-01-14 03:15:00,NORMAL
126,25,220.65,11.46,11.35,0.11,2.5,0.92,73.17,76.78,2025-01-14 03:20:00,NORMAL
145,33,237.1,10.07,9.07,1.0,2.15,0.78,48.92,73.36,2025-01-14 03:25:00,NORMAL
163,33,225.27,11.05,11.32,0.27,2.55,0.88,40.17,62.8,2025-01-14 03:30:00,NORMAL
190,15,219.19,13.19,13.55,0.36,2.97,0.95,45.49,62.05,2025-01-14 03:35:00,NORMAL
150,16,217.9,9.52,9.9,0.38,2.16,0.95,32.02,68.79,2025-01-14 03:40:00,NORMAL
149,44,236.97,9.54,9.68,0.14,2.29,0.75,14.61,63.28,2025-01-14 03:45:00,NORMAL
105,38,204.56,13.54,12.59,0.95,2.58,0.9,53.94,75.02,2025-01-14 03:50:00,NORMAL
158,6,219.89,10.03,10.11,0.08,2.22,0.88,14.61,83.67,2025-01-14 03:55:00,NORMAL
114,44,244.03,8.39,8.4,0.01,2.05,0.78,24.47,62.17,2025-01-14 04:00:00,NORMAL
129,25,226.56,11.47,11.17,0.3,2.53,0.82,45.86,36.62,2025-01-14 04:05:00,NORMAL
141,15,237.16,9.52,9.34,0.18,2.22,0.79,35.1,37.86,2025-01-14 04:10:00,NORMAL
136,4,234.27,8.35,7.67,0.68,1.8,0.86,52.36,52.56,2025-01-14 04:15:00,NORMAL
141,4,228.09,10.18,9.57,0.61,2.18,0.94,68.99,59.78,2025-01-14 04:20:00,NORMAL
134,30,213.41,11.65,11.29,0.36,2.41,0.96,41.16,43.5,2025-01-14 04:25:00,NORMAL
186,34,216.74,7.68,7.59,0.09,1.65,0.92,35.88,57.17,2025-01-14 04:30:00,NORMAL
105,27,216.57,7.64,6.96,0.68,1.51,0.85,71.53,38.14,2025-01-14 04:35:00,NORMAL
167,31,234.82,9.84,10.03,0.19,2.36,0.99,55.25,44.45,2025-01-14 04:40:00,NORMAL
117,32,236.7,7.8,8.03,0.23,1.9,0.87,58.86,74.04,2025-01-14 04:45:00,NORMAL
172,44,221.21,7.45,7.45,0.0,1.65,0.84,57.67,89.13,2025-01-14 04:50:00,NORMAL
128,39,229.21,10.01,9.23,0.78,2.12,0.96,41.3,41.17,2025-01-14 04:55:00,NORMAL
176,9,230.08,12.21,12.43,0.22,2.86,0.76,39.36,50.35,2025-01-14 05:00:00,NORMAL
158,41,230.78,11.58,11.68,0.1,2.7,0.75,30.74,51.04,2025-01-14 05:05:00,NORMAL
146,8,222.38,9.79,9.5,0.29,2.11,0.93,55.9,43.4,2025-01-14 05:10:00,NORMAL
116,14,246.38,12.57,12.4,0.17,3.06,0.96,50.78,42.24,2025-01-14 05:15:00,NORMAL
195,33,236.78,13.47,13.46,0.01,3.19,0.72,54.69,37.9,2025-01-14 05:20:00,NORMAL
121,23,230.73,10.98,10.55,0.43,2.43,0.93,16.93,84.45,2025-01-14 05:25:00,NORMAL
167,21,224.81,9.27,9.31,0.04,2.09,0.83,58.96,68.96,2025-01-14 05:30:00,NORMAL
168,12,221.66,13.13,12.4,0.73,2.75,0.91,38.11,47.43,2025-01-14 05:35:00,NORMAL
136,2,233.98,13.04,12.72,0.32,2.98,0.74,13.5,45.49,2025-01-14 05:40:00,NORMAL
148,13,225.26,10.51,9.8,0.71,2.21,0.99,25.51,65.38,2025-01-14 05:45:00,NORMAL
112,4,231.34,12.45,12.65,0.2,2.93,0.96,37.48,71.83,2025-01-14 05:50:00,NORMAL
133,20,211.01,8.44,8.31,0.13,1.75,0.82,34.25,45.18,2025-01-14 05:55:00,NORMAL
185,48,224.7,5.87,6.62,0.75,1.49,0.97,45.19,50.83,2025-01-14 06:00:00,NORMAL
152,14,228.91,8.06,7.19,0.87,1.65,0.97,51.88,47.44,2025-01-14 06:05:00,NORMAL
186,30,239.68,10.41,9.06,1.35,2.17,0.84,43.28,35.26,2025-01-14 06:10:00,LEAKAGE_WARNING
150,29,220.78,9.85,9.79,0.06,2.16,0.98,37.91,53.19,2025-01-14 06:15:00,NORMAL
102,8,215.14,11.92,11.53,0.39,2.48,0.99,47.13,62.02,2025-01-14 06:20:00,NORMAL
141,12,234.45,7.03,6.77,0.26,1.59,0.77,47.34,69.32,2025-01-14 06:25:00,NORMAL
197,41,229.36,7.07,7.52,0.45,1.72,0.72,64.03,55.0,2025-01-14 06:30:00,NORMAL
131,38,212.78,11.52,10.7,0.82,2.28,0.8,35.84,89.0,2025-01-14 06:35:00,NORMAL
150,26,213.28,7.13,7.07,0.06,1.51,0.85,43.33,67.55,2025-01-14 06:40:00,NORMAL
184,2,223.53,9.46,10.28,0.82,2.3,0.73,69.72,83.2,2025-01-14 06:45:00,NORMAL
145,40,229.16,10.05,10.21,0.16,2.34,0.74,26.71,84.96,2025-01-14 06:50:00,NORMAL
120,14,243.89,8.7,9.2,0.5,2.24,0.99,39.52,79.28,2025-01-14 06:55:00,NORMAL
143,6,219.19,11.16,10.9,0.26,2.39,0.92,31.28,46.2,2025-01-14 07:00:00,NORMAL
110,42,235.39,5.88,5.62,0.26,1.32,0.96,26.19,55.88,2025-01-14 07:05:00,NORMAL
167,40,210.39,13.66,12.87,0.79,2.71,0.99,48.38,30.02,2025-01-14 07:10:00,NORMAL
100,31,233.61,9.34,8.23,1.11,1.92,0.81,64.96,57.08,2025-01-14 07:15:00,LEAKAGE_WARNING
191,17,245.07,9.66,8.5,1.16,2.08,0.91,76.47,47.63,2025-01-14 07:20:00,LEAKAGE_WARNING
162,25,231.42,15.39,15.7,0.31,3.63,0.76,44.37,36.71,2025-01-14 07:25:00,NORMAL
123,32,223.32,7.28,6.77,0.51,1.51,0.87,52.57,80.32,2025-01-14 07:30:00,NORMAL
198,12,242.33,7.91,7.31,0.6,1.77,0.76,53.12,70.41,2025-01-14 07:35:00,NORMAL
112,49,233.49,12.81,12.87,0.06,3.01,0.75,41.91,89.95,2025-01-14 07:40:00,NORMAL
197,13,231.54,6.89,6.55,0.34,1.52,0.73,64.21,59.9,2025-01-14 07:45:00,NORMAL
110,19,219.82,10.99,10.59,0.4,2.33,0.87,42.53,49.84,2025-01-14 07:50:00,NORMAL
199,44,233.64,8.79,8.83,0.04,2.06,0.98,61.29,45.83,2025-01-14 07:55:00,NORMAL
150,48,223.15,6.77,5.93,0.84,1.32,0.74,39.65,56.12,2025-01-14 08:00:00,NORMAL
116,25,233.11,11.05,10.73,0.32,2.5,0.85,27.7,48.59,2025-01-14 08:05:00,NORMAL
198,31,230.49,11.11,11.0,0.11,2.54,0.91,28.64,89.45,2025-01-14 08:10:00,NORMAL
181,37,240.84,10.0,10.41,0.41,2.51,0.85,20.72,40.97,2025-01-14 08:15:00,NORMAL
185,25,224.24,14.14,13.36,0.78,3.0,0.97,63.95,31.15,2025-01-14 08:20:00,NORMAL
123,16,228.51,8.46,8.22,0.24,1.88,0.75,64.16,37.8,2025-01-14 08:25:00,NORMAL
118,38,237.98,11.73,11.49,0.24,2.73,0.71,34.29,83.49,2025-01-14 08:30:00,NORMAL
136,43,227.64,10.65,10.87,0.22,2.47,0.81,28.99,71.64,2025-01-14 08:35:00,NORMAL
184,49,229.78,11.94,11.29,0.65,2.59,0.87,33.35,77.04,2025-01-14 08:40:00,NORMAL
107,23,225.93,8.99,9.36,0.37,2.11,0.78,47.67,49.23,2025-01-14 08:45:00,NORMAL
127,14,228.36,7.23,8.13,0.9,1.86,0.75,30.96,67.36,2025-01-14 08:50:00,NORMAL
104,6,236.71,8.64,8.79,0.15,2.08,0.94,53.25,72.47,2025-01-14 08:55:00,NORMAL
116,25,248.36,9.87,9.5,0.37,2.36,0.76,40.44,49.58,2025-01-14 09:00:00,NORMAL
135,23,213.21,11.36,10.99,0.37,2.34,0.83,61.26,73.47,2025-01-14 09:05:00,NORMAL
118,43,217.35,10.03,9.76,0.27,2.12,0.99,55.12,67.78,2025-01-14 09:10:00,NORMAL
163,12,228.59,10.43,10.32,0.11,2.36,0.88,28.17,47.77,2025-01-14 09:15:00,NORMAL
190,13,230.5,13.45,13.17,0.28,3.04,0.85,26.09,33.17,2025-01-14 09:20:00,NORMAL
197,36,227.82,9.95,8.32,1.63,1.9,0.81,48.11,44.27,2025-01-14 09:25:00,LEAKAGE_WARNING
110,39,224.47,8.94,8.62,0.32,1.93,0.86,42.27,67.17,2025-01-14 09:30:00,NORMAL
153,34,217.68,10.88,10.89,0.01,2.37,0.92,64.11,65.94,2025-01-14 09:35:00,NORMAL
144,6,223.89,6.57,6.42,0.15,1.44,0.95,50.85,60.46,2025-01-14 09:40:00,NORMAL
146,38,238.17,6.56,6.46,0.1,1.54,0.89,38.13,45.09,2025-01-14 09:45:00,NORMAL
111,40,230.93,9.73,9.5,0.23,2.19,0.94,70.22,56.67,2025-01-14 09:50:00,NORMAL
120,8,236.76,8.13,8.39,0.26,1.99,0.73,38.57,38.64,2025-01-14 09:55:00,NORMAL
110,8,217.97,8.78,8.18,0.6,1.78,0.7,24.92,69.74,2025-01-14 10:00:00,NORMAL
191,40,244.44,11.87,11.52,0.35,2.82,0.92,41.91,82.15,2025-01-14 10:05:00,NORMAL
104,33,224.38,11.05,11.24,0.19,2.52,0.78,32.91,57.82,2025-01-14 10:10:00,NORMAL
180,34,234.75,9.85,9.14,0.71,2.15,0.96,59.81,42.78,2025-01-14 10:15:00,NORMAL
155,44,228.75,10.17,10.92,0.75,2.5,0.86,28.06,79.67,2025-01-14 10:20:00,NORMAL
119,15,224.6,9.15,7.87,1.28,1.77,0.84,57.74,48.78,2025-01-14 10:25:00,LEAKAGE_WARNING
140,36,234.33,11.7,10.56,1.14,2.47,0.93,41.09,65.64,2025-01-14 10:30:00,LEAKAGE_WARNING
145,35,236.01,11.59,10.53,1.06,2.49,0.92,21.23,34.53,2025-01-14 10:35:00,LEAKAGE_WARNING
111,46,256.88,11.98,12.03,0.05,3.09,0.91,51.4,73.08,2025-01-14 10:40:00,NORMAL
169,22,236.39,11.89,11.57,0.32,2.74,0.91,62.8,57.64,2025-01-14 10:45:00,NORMAL
116,23,236.24,10.11,10.22,0.11,2.41,0.85,46.54,55.4,2025-01-14 10:50:00,NORMAL
118,40,241.45,8.6,8.18,0.42,1.98,0.98,42.14,86.09,2025-01-14 10:55:00,NORMAL
125,45,235.32,9.67,9.46,0.21,2.23,0.97,72.88,59.49,2025-01-14 11:00:00,NORMAL
147,22,229.61,10.23,10.26,0.03,2.36,0.8,63.0,31.01,2025-01-14 11:05:00,NORMAL
151,5,233.26,8.65,8.69,0.04,2.03,0.94,56.57,87.59,2025-01-14 11:10:00,NORMAL
195,31,238.55,13.26,13.02,0.24,3.11,0.97,14.84,30.73,2025-01-14 11:15:00,NORMAL
169,13,243.91,13.27,11.6,1.67,2.83,0.89,34.53,62.15,2025-01-14 11:20:00,LEAKAGE_WARNING
154,28,214.89,9.76,8.91,0.85,1.91,0.87,41.8,68.02,2025-01-14 11:25:00,NORMAL
199,20,211.1,12.06,11.82,0.24,2.5,0.9,51.95,83.67,2025-01-14 11:30:00,NORMAL
174,33,243.48,11.12,11.01,0.11,2.68,0.75,58.44,70.75,2025-01-14 11:35:00,NORMAL
132,16,222.03,9.01,8.5,0.51,1.89,0.73,29.38,78.67,2025-01-14 11:40:00,NORMAL
161,29,213.42,10.82,10.93,0.11,2.33,0.95,53.69,76.2,2025-01-14 11:45:00,NORMAL
187,23,212.48,8.45,8.36,0.09,1.78,0.87,27.53,42.81,2025-01-14 11:50:00,NORMAL
122,24,248.02,8.24,9.02,0.78,2.24,0.74,55.66,72.03,2025-01-14 11:55:00,NORMAL
114,34,238.78,10.95,10.7,0.25,2.55,0.82,28.46,68.25,2025-01-14 12:00:00,NORMAL
126,7,222.05,10.98,10.72,0.26,2.38,0.79,63.64,44.64,2025-01-14 12:05:00,NORMAL
174,38,222.46,15.39,15.46,0.07,3.44,0.96,48.81,37.7,2025-01-14 12:10:00,NORMAL
163,37,230.55,9.69,9.26,0.43,2.13,0.85,39.24,75.1,2025-01-14 12:15:00,NORMAL
180,4,238.59,8.94,8.68,0.26,2.07,0.87,49.55,88.27,2025-01-14 12:20:00,NORMAL
150,34,227.06,11.85,11.92,0.07,2.71,0.77,35.18,74.31,2025-01-14 12:25:00,NORMAL
152,42,222.14,9.95,9.34,0.61,2.07,0.94,45.34,74.97,2025-01-14 12:30:00,NORMAL
177,22,241.35,8.7,8.59,0.11,2.07,0.98,30.03,40.0,2025-01-14 12:35:00,NORMAL
190,5,229.74,8.83,9.15,0.32,2.1,0.94,49.45,44.82,2025-01-14 12:40:00,NORMAL
181,42,228.08,9.64,10.32,0.68,2.35,0.85,41.21,65.15,2025-01-14 12:45:00,NORMAL
191,23,235.92,12.11,11.19,0.92,2.64,0.95,41.9,31.89,2025-01-14 12:50:00,NORMAL
150,15,208.64,10.86,10.6,0.26,2.21,0.76,44.37,70.08,2025-01-14 12:55:00,NORMAL
146,31,234.74,8.33,8.09,0.24,1.9,0.73,31.66,38.69,2025-01-14 13:00:00,NORMAL
103,9,234.11,13.67,13.49,0.18,3.16,0.83,76.17,54.8,2025-01-14 13:05:00,NORMAL
106,43,216.21,8.19,7.38,0.81,1.6,0.75,41.94,49.21,2025-01-14 13:10:00,NORMAL
134,25,210.59,8.53,8.26,0.27,1.74,0.78,61.48,36.39,2025-01-14 13:15:00,NORMAL
147,25,224.36,12.33,11.36,0.97,2.55,0.88,27.53,64.73,2025-01-14 13:20:00,NORMAL
172,49,231.83,13.0,12.73,0.27,2.95,0.82,11.19,51.67,2025-01-14 13:25:00,NORMAL
171,21,232.85,10.71,11.85,1.14,2.76,0.96,48.86,32.64,2025-01-14 13:30:00,LEAKAGE_WARNING
144,9,247.04,7.42,6.59,0.83,1.63,0.77,60.99,56.67,2025-01-14 13:35:00,NORMAL
180,48,231.83,10.19,9.83,0.36,2.28,1.0,63.23,65.42,2025-01-14 13:40:00,NORMAL
180,38,216.01,7.27,7.32,0.05,1.58,0.81,59.01,37.82,2025-01-14 13:45:00,NORMAL
196,22,227.49,14.97,14.9,0.07,3.39,0.85,41.83,65.1,2025-01-14 13:50:00,NORMAL
195,43,217.01,10.57,10.52,0.05,2.28,0.74,53.64,48.12,2025-01-14 13:55:00,NORMAL
171,23,228.21,11.6,12.02,0.42,2.74,0.87,35.45,45.58,2025-01-14 14:00:00,NORMAL
118,49,244.09,9.26,8.62,0.64,2.1,0.99,35.82,77.73,2025-01-14 14:05:00,NORMAL
162,4,234.59,13.61,13.63,0.02,3.2,0.92,48.29,58.06,2025-01-14 14:10:00,NORMAL
137,29,222.79,9.0,9.23,0.23,2.06,0.77,48.56,52.68,2025-01-14 14:15:00,NORMAL
166,15,235.92,8.28,5.93,2.35,1.4,0.83,37.05,78.78,2025-01-14 14:20:00,LEAKAGE_WARNING
158,1,222.22,10.61,10.99,0.38,2.44,0.83,47.74,84.62,2025-01-14 14:25:00,NORMAL
168,30,202.37,11.76,11.6,0.16,2.35,0.73,62.12,48.91,2025-01-14 14:30:00,NORMAL
112,29,217.67,14.26,15.21,0.95,3.31,0.97,31.7,33.02,2025-01-14 14:35:00,NORMAL
146,20,234.58,13.23,12.4,0.83,2.91,0.81,55.1,62.44,2025-01-14 14:40:00,NORMAL
160,33,237.72,12.39,12.33,0.06,2.93,0.85,24.54,72.91,2025-01-14 14:45:00,NORMAL
130,41,247.18,8.63,8.02,0.61,1.98,0.79,19.79,65.27,2025-01-14 14:50:00,NORMAL
179,44,233.41,8.59,8.86,0.27,2.07,0.75,49.54,71.28,2025-01-14 14:55:00,NORMAL
195,36,243.47,8.24,8.85,0.61,2.15,0.97,44.03,68.8,2025-01-14 15:00:00,NORMAL
121,22,236.3,9.7,9.87,0.17,2.33,0.71,46.73,87.36,2025-01-14 15:05:00,NORMAL
192,13,239.37,6.17,5.3,0.87,1.27,0.82,46.49,81.96,2025-01-14 15:10:00,NORMAL
185,7,241.02,12.73,12.24,0.49,2.95,0.92,59.34,37.91,2025-01-14 15:15:00,NORMAL
142,8,234.87,7.95,8.56,0.61,2.01,0.79,52.98,57.16,2025-01-14 15:20:00,NORMAL
166,28,240.75,7.7,8.71,1.01,2.1,0.83,52.03,57.29,2025-01-14 15:25:00,LEAKAGE_WARNING
153,45,223.01,9.19,9.15,0.04,2.04,0.87,65.75,57.38,2025-01-14 15:30:00,NORMAL
109,43,205.73,7.32,6.57,0.75,1.35,1.0,58.55,85.84,2025-01-14 15:35:00,NORMAL
141,9,236.51,11.29,11.47,0.18,2.71,0.93,47.69,49.63,2025-01-14 15:40:00,NORMAL
163,25,233.75,8.07,7.33,0.74,1.71,0.99,60.83,66.86,2025-01-14 15:45:00,NORMAL
120,16,221.25,11.0,10.74,0.26,2.38,0.91,40.86,83.78,2025-01-14 15:50:00,NORMAL
179,10,217.38,11.85,10.77,1.08,2.34,0.78,41.26,33.03,2025-01-14 15:55:00,LEAKAGE_WARNING
175,11,231.31,8.9,9.04,0.14,2.09,0.79,64.72,82.71,2025-01-14 16:00:00,NORMAL
165,31,237.17,8.57,8.4,0.17,1.99,0.95,41.59,75.9,2025-01-14 16:05:00,NORMAL
140,12,235.2,8.4,8.53,0.13,2.01,0.83,51.07,42.47,2025-01-14 16:10:00,NORMAL
123,31,219.8,7.84,7.15,0.69,1.57,0.81,50.28,49.53,2025-01-14 16:15:00,NORMAL
134,14,222.05,9.16,8.66,0.5,1.92,0.98,47.33,48.64,2025-01-14 16:20:00,NORMAL
155,44,236.69,10.13,10.78,0.65,2.55,0.7,72.01,43.28,2025-01-14 16:25:00,NORMAL
129,32,230.73,7.23,6.68,0.55,1.54,0.86,43.15,68.31,2025-01-14 16:30:00,NORMAL
156,17,240.6,8.72,9.26,0.54,2.23,0.93,71.6,88.97,2025-01-14 16:35:00,NORMAL
193,35,226.77,10.32,10.58,0.26,2.4,0.92,28.87,40.0,2025-01-14 16:40:00,NORMAL
146,1,237.4,10.07,9.5,0.57,2.26,0.81,44.29,43.93,2025-01-14 16:45:00,NORMAL
134,29,229.6,4.67,5.1,0.43,1.17,0.86,41.4,47.42,2025-01-14 16:50:00,NORMAL
118,4,222.77,11.27,11.26,0.01,2.51,0.7,56.62,86.25,2025-01-14 16:55:00,NORMAL
107,23,239.28,12.48,11.9,0.58,2.85,0.86,24.64,67.55,2025-01-14 17:00:00,NORMAL
125,28,220.07,8.85,8.44,0.41,1.86,0.88,50.73,42.76,2025-01-14 17:05:00,NORMAL
170,16,230.74,6.53,6.15,0.38,1.42,0.96,58.87,78.24,2025-01-14 17:10:00,NORMAL
129,12,231.77,8.47,7.87,0.6,1.82,0.76,40.09,85.37,2025-01-14 17:15:00,NORMAL
106,21,228.8,8.41,7.56,0.85,1.73,0.95,35.68,54.21,2025-01-14 17:20:00,NORMAL
166,45,239.91,12.4,12.82,0.42,3.08,0.92,35.79,40.37,2025-01-14 17:25:00,NORMAL
164,17,235.73,7.81,7.44,0.37,1.75,0.9,52.41,48.59,2025-01-14 17:30:00,NORMAL
135,40,234.53,9.28,8.6,0.68,2.02,0.82,21.21,43.03,2025-01-14 17:35:00,NORMAL
124,13,230.68,13.36,12.78,0.58,2.95,0.81,25.37,42.09,2025-01-14 17:40:00,NORMAL
136,32,248.56,10.32,10.2,0.12,2.54,0.91,46.25,40.25,2025-01-14 17:45:00,NORMAL
100,37,244.65,10.39,10.3,0.09,2.52,1.0,53.76,82.56,2025-01-14 17:50:00,NORMAL
114,15,239.19,9.8,9.19,0.61,2.2,0.82,49.13,35.15,2025-01-14 17:55:00,NORMAL
136,12,237.55,11.96,11.65,0.31,2.77,0.98,54.02,54.8,2025-01-14 18:00:00,NORMAL
112,49,223.98,10.81,10.06,0.75,2.25,0.88,29.3,30.88,2025-01-14 18:05:00,NORMAL
107,15,229.51,13.71,13.46,0.25,3.09,0.96,18.78,47.6,2025-01-14 18:10:00,NORMAL
104,34,236.36,13.93,13.92,0.01,3.29,0.77,58.24,72.42,2025-01-14 18:15:00,NORMAL
159,6,240.52,10.63,11.31,0.68,2.72,0.93,25.98,42.17,2025-01-14 18:20:00,NORMAL
172,17,238.92,9.93,9.85,0.08,2.35,0.95,52.72,89.92,2025-01-14 18:25:00,NORMAL
100,48,235.81,10.33,10.75,0.42,2.53,0.95,17.57,32.9,2025-01-14 18:30:00,NORMAL
135,49,250.01,8.87,9.58,0.71,2.4,0.94,55.15,38.19,2025-01-14 18:35:00,NORMAL
134,20,228.64,10.27,10.5,0.23,2.4,0.79,44.97,77.21,2025-01-14 18:40:00,NORMAL
165,9,240.13,7.12,6.57,0.55,1.58,0.86,60.61,88.56,2025-01-14 18:45:00,NORMAL
162,5,238.91,8.58,8.5,0.08,2.03,0.79,56.88,87.24,2025-01-14 18:50:00,NORMAL
122,23,234.44,11.57,11.28,0.29,2.64,0.8,39.82,77.89,2025-01-14 18:55:00,NORMAL
108,33,234.81,11.08,10.54,0.54,2.47,0.79,36.79,88.38,2025-01-14 19:00:00,NORMAL
133,38,234.6,9.75,9.57,0.18,2.25,0.79,49.74,80.45,2025-01-14 19:05:00,NORMAL
145,14,222.92,10.84,10.98,0.14,2.45,0.91,37.48,33.48,2025-01-14 19:10:00,NORMAL
177,17,234.01,13.01,13.03,0.02,3.05,0.9,-4.15,80.74,2025-01-14 19:15:00,NORMAL
103,19,237.48,9.23,8.64,0.59,2.05,0.76,40.79,59.03,2025-01-14 19:20:00,NORMAL
129,33,233.22,7.13,6.94,0.19,1.62,0.91,32.09,57.41,2025-01-14 19:25:00,NORMAL
194,1,211.58,11.25,12.32,1.07,2.61,0.79,36.97,30.15,2025-01-14 19:30:00,LEAKAGE_WARNING
174,13,214.14,11.07,11.05,0.02,2.37,0.76,49.46,67.22,2025-01-14 19:35:00,NORMAL
198,46,221.82,11.52,11.05,0.47,2.45,0.92,63.62,70.3,2025-01-14 19:40:00,NORMAL
171,27,228.88,7.61,7.32,0.29,1.68,0.81,72.56,77.44,2025-01-14 19:45:00,NORMAL
102,6,222.35,7.0,7.31,0.31,1.63,0.87,52.34,49.56,2025-01-14 19:50:00,NORMAL
113,6,236.46,10.53,10.7,0.17,2.53,0.76,36.07,37.69,2025-01-14 19:55:00,NORMAL
159,33,241.92,10.39,11.16,0.77,2.7,0.88,59.54,56.39,2025-01-14 20:00:00,NORMAL
176,30,243.34,9.29,8.82,0.47,2.15,0.76,22.34,51.74,2025-01-14 20:05:00,NORMAL
144,46,233.37,12.89,12.38,0.51,2.89,0.75,34.64,75.19,2025-01-14 20:10:00,NORMAL
195,35,240.84,9.98,9.85,0.13,2.37,0.82,41.56,43.77,2025-01-14 20:15:00,NORMAL
133,23,224.37,12.46,12.44,0.02,2.79,0.94,16.12,38.29,2025-01-14 20:20:00,NORMAL
144,10,228.48,11.76,12.1,0.34,2.76,0.75,48.7,56.41,2025-01-14 20:25:00,NORMAL
160,19,218.33,7.82,7.45,0.37,1.63,0.74,32.67,67.68,2025-01-14 20:30:00,NORMAL
182,28,242.07,8.23,8.85,0.62,2.14,0.71,48.68,46.86,2025-01-14 20:35:00,NORMAL
115,23,249.66,7.44,6.85,0.59,1.71,0.82,41.01,36.87,2025-01-14 20:40:00,NORMAL
165,4,226.51,10.86,10.37,0.49,2.35,0.78,32.38,56.35,2025-01-14 20:45:00,NORMAL
139,20,208.3,10.2,9.42,0.78,1.96,0.79,30.01,87.71,2025-01-14 20:50:00,NORMAL
116,19,220.45,12.7,12.47,0.23,2.75,0.99,44.27,88.04,2025-01-14 20:55:00,NORMAL
133,42,223.5,11.19,11.25,0.06,2.51,0.76,55.87,72.52,2025-01-14 21:00:00,NORMAL
115,27,216.74,7.4,6.98,0.42,1.51,0.84,55.41,76.63,2025-01-14 21:05:00,NORMAL
159,34,219.7,9.08,8.49,0.59,1.87,1.0,49.4,42.21,2025-01-14 21:10:00,NORMAL
165,4,232.05,5.78,6.16,0.38,1.43,0.71,53.59,52.48,2025-01-14 21:15:00,NORMAL
165,38,236.6,10.59,10.42,0.17,2.47,0.91,46.11,66.29,2025-01-14 21:20:00,NORMAL
189,7,209.36,15.58,15.25,0.33,3.19,0.81,35.13,75.02,2025-01-14 21:25:00,NORMAL
112,48,224.68,10.26,9.82,0.44,2.21,0.97,66.07,40.0,2025-01-14 21:30:00,NORMAL
155,7,230.38,10.4,10.38,0.02,2.39,0.97,35.17,57.46,2025-01-14 21:35:00,NORMAL
130,26,219.33,9.97,9.45,0.52,2.07,0.82,68.64,39.77,2025-01-14 21:40:00,NORMAL
133,26,232.36,10.71,10.99,0.28,2.55,0.77,54.54,68.0,2025-01-14 21:45:00,NORMAL
138,19,228.82,9.69,8.48,1.21,1.94,0.83,41.2,76.33,2025-01-14 21:50:00,LEAKAGE_WARNING
166,9,225.51,11.24,11.35,0.11,2.56,0.99,25.73,80.0,2025-01-14 21:55:00,NORMAL
107,20,221.36,8.46,8.06,0.4,1.78,0.78,50.05,73.94,2025-01-14 22:00:00,NORMAL
186,42,232.73,8.54,8.62,0.08,2.01,0.99,44.29,39.55,2025-01-14 22:05:00,NORMAL
177,45,222.37,7.42,7.17,0.25,1.59,0.95,63.2,79.7,2025-01-14 22:10:00,NORMAL
154,16,212.67,9.93,10.27,0.34,2.18,0.78,29.42,50.06,2025-01-14 22:15:00,NORMAL
126,17,230.22,7.79,7.05,0.74,1.62,0.94,60.85,80.15,2025-01-14 22:20:00,NORMAL
192,22,217.61,12.91,13.12,0.21,2.86,0.71,67.12,45.05,2025-01-14 22:25:00,NORMAL
152,13,213.54,9.14,8.9,0.24,1.9,0.86,34.21,58.54,2025-01-14 22:30:00,NORMAL
138,12,231.3,6.06,5.89,0.17,1.36,0.81,56.07,64.59,2025-01-14 22:35:00,NORMAL
164,10,228.37,7.73,7.88,0.15,1.8,0.83,66.06,32.08,2025-01-14 22:40:00,NORMAL
116,1,221.34,10.27,11.34,1.07,2.51,0.84,65.42,84.22,2025-01-14 22:45:00,LEAKAGE_WARNING
129,32,232.29,11.3,10.57,0.73,2.46,0.85,60.79,60.69,2025-01-14 22:50:00,NORMAL
152,30,234.24,10.71,10.44,0.27,2.45,0.9,70.8,41.52,2025-01-14 22:55:00,NORMAL
112,8,232.4,8.36,9.03,0.67,2.1,0.91,46.0,39.65,2025-01-14 23:00:00,NORMAL
120,21,232.04,8.86,9.62,0.76,2.23,0.99,44.33,71.19,2025-01-14 23:05:00,NORMAL
118,22,213.95,8.62,8.58,0.04,1.84,0.93,68.54,34.9,2025-01-14 23:10:00,NORMAL
152,18,242.93,11.13,10.97,0.16,2.66,0.91,9.61,56.39,2025-01-14 23:15:00,NORMAL
118,2,235.57,10.23,10.14,0.09,2.39,0.82,40.73,62.42,2025-01-14 23:20:00,NORMAL
156,48,220.49,9.11,8.19,0.92,1.81,0.74,32.75,43.99,2025-01-14 23:25:00,NORMAL
124,44,229.88,8.68,9.31,0.63,2.14,0.72,45.63,37.75,2025-01-14 23:30:00,NORMAL
185,9,231.78,8.95,8.64,0.31,2.0,0.84,51.26,59.44,2025-01-14 23:35:00,NORMAL
130,3,229.61,10.02,9.5,0.52,2.18,0.9,53.81,50.42,2025-01-14 23:40:00,NORMAL
180,26,247.93,12.68,12.17,0.51,3.02,0.9,46.18,38.41,2025-01-14 23:45:00,NORMAL
154,21,210.55,10.37,9.72,0.65,2.05,0.99,47.59,42.62,2025-01-14 23:50:00,NORMAL
122,30,215.24,9.33,9.07,0.26,1.95,0.81,59.54,58.26,2025-01-14 23:55:00,NORMAL
131,28,207.01,9.17,8.85,0.32,1.83,0.89,36.43,37.98,2025-01-15 00:00:00,NORMAL
161,36,230.8,13.4,13.36,0.04,3.08,0.97,39.83,86.17,2025-01-15 00:05:00,NORMAL
173,26,235.44,11.65,12.2,0.55,2.87,0.82,31.27,76.53,2025-01-15 00:10:00,NORMAL
109,34,233.62,11.96,11.6,0.36,2.71,0.84,44.81,49.53,2025-01-15 00:15:00,NORMAL
199,8,227.11,11.49,11.49,0.0,2.61,0.98,20.68,45.5,2025-01-15 00:20:00,NORMAL
171,10,234.07,9.9,10.07,0.17,2.36,0.87,64.49,82.46,2025-01-15 00:25:00,NORMAL
153,48,227.04,12.4,12.01,0.39,2.73,0.94,56.94,55.62,2025-01-15 00:30:00,NORMAL
151,43,237.41,7.06,6.63,0.43,1.57,0.98,30.27,81.76,2025-01-15 00:35:00,NORMAL
119,14,241.07,13.1,13.25,0.15,3.19,0.87,63.53,74.55,2025-01-15 00:40:00,NORMAL
131,40,220.69,11.48,11.15,0.33,2.46,0.73,41.01,35.53,2025-01-15 00:45:00,NORMAL
113,15,227.12,10.97,10.81,0.16,2.46,0.95,34.48,78.82,2025-01-15 00:50:00,NORMAL
149,17,228.74,8.49,8.2,0.29,1.88,0.95,50.6,62.39,2025-01-15 00:55:00,NORMAL
127,18,244.25,11.86,11.03,0.83,2.69,0.73,20.23,70.66,2025-01-15 01:00:00,NORMAL
152,32,221.87,12.29,11.87,0.42,2.63,0.86,39.8,43.14,2025-01-15 01:05:00,NORMAL
123,38,240.98,8.59,8.21,0.38,1.98,0.85,50.59,30.02,2025-01-15 01:10:00,NORMAL
178,23,215.34,8.65,8.89,0.24,1.91,0.95,71.74,50.02,2025-01-15 01:15:00,NORMAL
121,46,242.44,7.93,8.1,0.17,1.96,0.78,25.91,41.44,2025-01-15 01:20:00,NORMAL
129,23,238.52,11.1,10.66,0.44,2.54,0.83,27.11,56.11,2025-01-15 01:25:00,NORMAL
162,35,228.44,9.8,10.39,0.59,2.37,0.88,41.4,35.45,2025-01-15 01:30:00,NORMAL
103,39,239.17,14.24,14.22,0.02,3.4,0.86,40.15,83.7,2025-01-15 01:35:00,NORMAL
176,15,224.99,6.93,7.11,0.18,1.6,0.99,56.76,37.12,2025-01-15 01:40:00,NORMAL
158,24,220.77,8.26,8.13,0.13,1.79,0.99,67.84,75.85,2025-01-15 01:45:00,NORMAL
186,28,247.06,10.02,9.93,0.09,2.45,0.72,60.41,86.36,2025-01-15 01:50:00,NORMAL
107,16,224.59,11.33,11.06,0.27,2.48,0.79,38.38,38.89,2025-01-15 01:55:00,NORMAL
181,16,236.77,11.24,10.81,0.43,2.56,0.7,66.77,50.79,2025-01-15 02:00:00,NORMAL
111,40,241.09,10.17,9.49,0.68,2.29,0.83,43.85,73.86,2025-01-15 02:05:00,NORMAL
130,39,238.06,10.7,9.98,0.72,2.38,0.9,52.78,72.87,2025-01-15 02:10:00,NORMAL
177,6,235.99,10.24,10.16,0.08,2.4,0.84,51.29,32.24,2025-01-15 02:15:00,NORMAL
133,2,236.8,12.1,12.2,0.1,2.89,0.72,51.71,34.24,2025-01-15 02:20:00,NORMAL
181,13,240.57,8.89,9.08,0.19,2.18,0.76,58.11,37.21,2025-01-15 02:25:00,NORMAL
197,44,233.18,9.11,9.07,0.04,2.11,0.75,57.08,64.08,2025-01-15 02:30:00,NORMAL
174,47,229.6,11.38,11.67,0.29,2.68,0.85,55.88,33.3,2025-01-15 02:35:00,NORMAL
175,9,216.31,13.14,12.71,0.43,2.75,0.9,37.13,65.3,2025-01-15 02:40:00,NORMAL
148,34,233.18,8.73,8.02,0.71,1.87,0.79,31.97,50.55,2025-01-15 02:45:00,NORMAL
178,17,240.28,10.48,11.04,0.56,2.65,0.74,56.17,70.16,2025-01-15 02:50:00,NORMAL
156,27,218.99,9.24,9.04,0.2,1.98,0.94,50.02,76.92,2025-01-15 02:55:00,NORMAL
194,29,227.71,11.11,10.13,0.98,2.31,0.96,58.18,77.48,2025-01-15 03:00:00,NORMAL
192,37,234.25,6.72,7.26,0.54,1.7,0.78,38.06,32.26,2025-01-15 03:05:00,NORMAL
125,43,245.12,9.31,8.37,0.94,2.05,0.83,56.12,86.83,2025-01-15 03:10:00,NORMAL
117,22,218.41,8.85,9.08,0.23,1.98,0.72,40.45,65.2,2025-01-15 03:15:00,NORMAL
195,24,237.93,9.32,9.42,0.1,2.24,0.77,39.52,83.74,2025-01-15 03:20:00,NORMAL
185,7,226.42,4.92,4.41,0.51,1.0,0.93,62.6,66.91,2025-01-15 03:25:00,NORMAL
137,34,223.26,14.05,13.6,0.45,3.04,0.81,61.5,59.05,2025-01-15 03:30:00,NORMAL
180,48,220.82,5.01,4.86,0.15,1.07,0.88,48.28,73.78,2025-01-15 03:35:00,NORMAL
186,12,223.44,10.95,11.13,0.18,2.49,0.98,39.8,43.17,2025-01-15 03:40:00,NORMAL
187,23,234.99,7.41,7.83,0.42,1.84,0.92,43.75,36.19,2025-01-15 03:45:00,NORMAL
149,15,227.72,7.51,7.35,0.16,1.67,0.84,47.21,35.43,2025-01-15 03:50:00,NORMAL
107,33,237.14,10.28,10.19,0.09,2.42,0.81,39.19,80.95,2025-01-15 03:55:00,NORMAL
140,13,218.78,11.38,11.58,0.2,2.53,0.76,49.83,84.75,2025-01-15 04:00:00,NORMAL
105,23,236.97,7.85,7.78,0.07,1.84,0.93,37.42,78.86,2025-01-15 04:05:00,NORMAL
168,38,234.34,7.78,7.45,0.33,1.75,0.73,68.3,84.27,2025-01-15 04:10:00,NORMAL
143,32,214.92,7.41,6.68,0.73,1.44,0.72,15.26,89.09,2025-01-15 04:15:00,NORMAL
163,45,245.06,10.43,10.13,0.3,2.48,0.73,35.49,61.56,2025-01-15 04:20:00,NORMAL
128,35,233.4,7.91,7.8,0.11,1.82,0.77,56.59,39.23,2025-01-15 04:25:00,NORMAL
127,1,237.65,12.58,12.79,0.21,3.04,0.89,68.65,66.48,2025-01-15 04:30:00,NORMAL
110,47,241.56,7.69,7.86,0.17,1.9,0.96,36.03,51.23,2025-01-15 04:35:00,NORMAL
164,45,239.68,11.08,10.77,0.31,2.58,1.0,41.55,50.79,2025-01-15 04:40:00,NORMAL
118,5,228.74,13.09,12.75,0.34,2.92,0.92,51.89,73.67,2025-01-15 04:45:00,NORMAL
108,13,237.25,10.14,10.05,0.09,2.38,0.74,52.49,35.44,2025-01-15 04:50:00,NORMAL
126,5,211.9,6.42,5.77,0.65,1.22,0.78,47.04,32.25,2025-01-15 04:55:00,NORMAL
133,32,233.94,10.8,10.57,0.23,2.47,0.74,56.71,71.72,2025-01-15 05:00:00,NORMAL
143,21,247.32,9.51,9.55,0.04,2.36,0.73,49.44,45.64,2025-01-15 05:05:00,NORMAL
167,24,223.05,9.92,10.05,0.13,2.24,0.87,49.74,53.13,2025-01-15 05:10:00,NORMAL
199,18,239.15,13.17,13.33,0.16,3.19,0.97,68.52,48.46,2025-01-15 05:15:00,NORMAL
181,21,247.73,10.1,9.66,0.44,2.39,0.91,42.51,66.89,2025-01-15 05:20:00,NORMAL
114,10,236.89,11.03,11.14,0.11,2.64,0.94,41.38,39.27,2025-01-15 05:25:00,NORMAL
150,24,240.25,8.68,8.43,0.25,2.03,0.85,40.44,73.24,2025-01-15 05:30:00,NORMAL
112,40,214.31,9.44,9.66,0.22,2.07,0.84,36.15,85.5,2025-01-15 05:35:00,NORMAL
182,47,220.65,12.25,12.13,0.12,2.68,0.98,43.27,80.17,2025-01-15 05:40:00,NORMAL
148,21,244.3,10.27,10.1,0.17,2.47,0.92,35.77,84.42,2025-01-15 05:45:00,NORMAL
169,25,239.6,10.57,9.19,1.38,2.2,0.84,51.92,86.22,2025-01-15 05:50:00,LEAKAGE_WARNING
155,23,234.96,12.0,12.45,0.45,2.93,0.8,52.13,52.34,2025-01-15 05:55:00,NORMAL
175,22,227.35,13.26,12.66,0.6,2.88,0.73,48.63,77.74,2025-01-15 06:00:00,NORMAL
150,4,232.85,7.69,7.87,0.18,1.83,0.95,50.98,59.69,2025-01-15 06:05:00,NORMAL
136,34,247.38,9.02,8.15,0.87,2.02,0.75,57.18,46.19,2025-01-15 06:10:00,NORMAL
116,6,228.98,12.92,13.07,0.15,2.99,0.85,29.62,74.81,2025-01-15 06:15:00,NORMAL
157,28,236.99,13.98,13.26,0.72,3.14,0.89,49.09,44.65,2025-01-15 06:20:00,NORMAL
186,31,236.73,9.48,9.17,0.31,2.17,0.92,69.1,36.58,2025-01-15 06:25:00,NORMAL
189,35,223.34,10.54,11.01,0.47,2.46,0.73,37.02,72.28,2025-01-15 06:30:00,NORMAL
128,39,224.11,10.7,10.4,0.3,2.33,0.7,82.59,47.25,2025-01-15 06:35:00,OVERHEAT
132,42,245.27,10.47,10.01,0.46,2.46,0.91,40.46,48.36,2025-01-15 06:40:00,NORMAL
159,23,235.7,10.5,10.01,0.49,2.36,0.84,48.72,82.87,2025-01-15 06:45:00,NORMAL
190,6,223.2,12.73,12.65,0.08,2.82,0.75,49.38,38.13,2025-01-15 06:50:00,NORMAL
188,16,226.89,6.4,4.9,1.5,1.11,0.99,23.53,75.89,2025-01-15 06:55:00,LEAKAGE_WARNING
154,2,220.14,8.69,7.52,1.17,1.66,0.94,33.01,53.17,2025-01-15 07:00:00,LEAKAGE_WARNING
109,24,240.67,11.28,10.91,0.37,2.63,0.87,54.91,83.58,2025-01-15 07:05:00,NORMAL
146,17,227.48,9.01,9.47,0.46,2.15,0.91,41.52,56.42,2025-01-15 07:10:00,NORMAL
122,45,227.62,10.57,10.87,0.3,2.47,0.75,31.96,54.54,2025-01-15 07:15:00,NORMAL
184,1,238.41,12.17,12.1,0.07,2.88,0.99,63.24,55.79,2025-01-15 07:20:00,NORMAL
120,6,213.21,13.2,13.05,0.15,2.78,1.0,49.63,80.26,2025-01-15 07:25:00,NORMAL
112,5,229.63,10.55,10.76,0.21,2.47,0.89,42.88,30.63,2025-01-15 07:30:00,NORMAL
132,45,229.89,12.98,13.05,0.07,3.0,0.9,79.27,72.29,2025-01-15 07:35:00,NORMAL
123,29,227.14,10.28,11.07,0.79,2.51,0.91,30.0,42.31,2025-01-15 07:40:00,NORMAL
110,12,224.5,9.39,10.27,0.88,2.31,0.9,29.51,82.93,2025-01-15 07:45:00,NORMAL
116,39,222.9,6.91,6.7,0.21,1.49,0.83,39.03,52.56,2025-01-15 07:50:00,NORMAL
167,47,232.82,7.99,6.99,1.0,1.63,0.86,49.18,50.34,2025-01-15 07:55:00,NORMAL
146,3,219.9,10.01,10.59,0.58,2.33,0.78,51.78,72.76,2025-01-15 08:00:00,NORMAL
124,48,231.61,10.05,9.96,0.09,2.31,0.83,34.09,73.35,2025-01-15 08:05:00,NORMAL
193,1,224.47,10.46,10.27,0.19,2.31,0.83,24.12,68.02,2025-01-15 08:10:00,NORMAL
172,27,225.14,13.67,13.28,0.39,2.99,0.79,53.76,49.79,2025-01-15 08:15:00,NORMAL
120,48,231.97,11.5,11.56,0.06,2.68,0.94,38.37,66.62,2025-01-15 08:20:00,NORMAL
183,24,225.02,11.61,11.96,0.35,2.69,0.82,45.12,33.26,2025-01-15 08:25:00,NORMAL
182,44,242.67,13.66,13.14,0.52,3.19,0.87,46.29,87.31,2025-01-15 08:30:00,NORMAL
182,19,228.6,9.29,10.07,0.78,2.3,0.75,59.35,57.16,2025-01-15 08:35:00,NORMAL
111,8,240.47,8.98,8.59,0.39,2.07,0.84,37.31,48.27,2025-01-15 08:40:00,NORMAL
136,44,222.38,12.44,12.64,0.2,2.81,0.93,68.83,81.65,2025-01-15 08:45:00,NORMAL
141,47,222.16,10.97,10.65,0.32,2.37,0.83,42.8,49.45,2025-01-15 08:50:00,NORMAL
116,2,213.37,9.91,9.13,0.78,1.95,0.87,24.87,89.83,2025-01-15 08:55:00,NORMAL
147,30,225.08,9.88,10.02,0.14,2.26,0.91,29.88,71.44,2025-01-15 09:00:00,NORMAL
127,30,227.67,9.66,9.64,0.02,2.19,0.82,29.21,68.97,2025-01-15 09:05:00,NORMAL
140,49,230.77,9.8,9.81,0.01,2.26,0.81,34.08,39.11,2025-01-15 09:10:00,NORMAL
198,39,236.97,9.99,8.65,1.34,2.05,0.73,48.87,66.59,2025-01-15 09:15:00,LEAKAGE_WARNING
146,45,236.25,9.41,9.27,0.14,2.19,0.87,60.09,39.31,2025-01-15 09:20:00,NORMAL
117,32,241.36,11.11,11.0,0.11,2.65,0.91,11.68,77.02,2025-01-15 09:25:00,NORMAL
177,1,221.13,11.49,11.33,0.16,2.51,0.87,58.42,38.3,2025-01-15 09:30:00,NORMAL
198,38,230.31,8.87,7.99,0.88,1.84,0.79,66.2,51.53,2025-01-15 09:35:00,NORMAL
170,13,220.0,11.81,11.93,0.12,2.62,0.78,75.77,58.6,2025-01-15 09:40:00,NORMAL
112,11,234.14,7.46,6.86,0.6,1.61,0.75,51.3,78.31,2025-01-15 09:45:00,NORMAL
181,10,248.04,11.01,11.19,0.18,2.78,0.71,18.33,67.97,2025-01-15 09:50:00,NORMAL
112,48,218.04,11.11,11.32,0.21,2.47,0.83,24.84,74.88,2025-01-15 09:55:00,NORMAL
199,26,236.88,9.83,9.44,0.39,2.24,0.75,58.38,44.64,2025-01-15 10:00:00,NORMAL
130,20,240.49,10.11,9.3,0.81,2.24,0.91,46.4,44.24,2025-01-15 10:05:00,NORMAL
101,17,221.07,9.53,9.52,0.01,2.1,0.99,35.55,52.84,2025-01-15 10:10:00,NORMAL
115,17,234.36,8.98,8.98,0.0,2.1,0.72,22.62,31.12,2025-01-15 10:15:00,NORMAL
108,4,226.4,10.0,9.48,0.52,2.15,0.97,28.85,79.84,2025-01-15 10:20:00,NORMAL
172,5,228.79,8.91,8.72,0.19,2.0,0.9,52.87,52.2,2025-01-15 10:25:00,NORMAL
137,23,226.07,12.28,11.74,0.54,2.65,0.96,52.19,34.05,2025-01-15 10:30:00,NORMAL
174,46,227.75,5.79,6.4,0.61,1.46,0.75,59.49,82.33,2025-01-15 10:35:00,NORMAL
153,10,241.56,9.73,10.05,0.32,2.43,0.97,64.8,88.07,2025-01-15 10:40:00,NORMAL
155,46,229.21,6.2,6.03,0.17,1.38,0.99,31.83,68.8,2025-01-15 10:45:00,NORMAL
185,28,223.98,7.87,7.44,0.43,1.67,0.97,58.84,51.4,2025-01-15 10:50:00,NORMAL
196,33,230.69,8.85,8.71,0.14,2.01,0.94,33.87,54.83,2025-01-15 10:55:00,NORMAL
199,43,208.78,12.68,12.44,0.24,2.6,0.73,43.13,45.37,2025-01-15 11:00:00,NORMAL
186,26,221.83,12.31,11.81,0.5,2.62,0.77,34.01,72.68,2025-01-15 11:05:00,NORMAL
144,48,242.49,10.15,10.57,0.42,2.56,0.97,56.55,51.36,2025-01-15 11:10:00,NORMAL
133,29,228.55,10.13,9.63,0.5,2.2,0.77,36.31,31.95,2025-01-15 11:15:00,NORMAL
108,27,225.22,12.07,11.34,0.73,2.55,0.8,54.71,32.77,2025-01-15 11:20:00,NORMAL
187,18,231.73,12.26,12.23,0.03,2.83,0.72,52.18,66.88,2025-01-15 11:25:00,NORMAL
107,40,237.37,8.85,9.08,0.23,2.16,0.89,62.08,47.42,2025-01-15 11:30:00,NORMAL
106,10,243.29,11.35,10.71,0.64,2.61,0.87,53.77,40.12,2025-01-15 11:35:00,NORMAL
135,42,225.49,8.09,7.03,1.06,1.59,0.99,73.04,63.14,2025-01-15 11:40:00,LEAKAGE_WARNING
117,5,225.72,9.22,8.95,0.27,2.02,0.97,35.36,46.71,2025-01-15 11:45:00,NORMAL
102,10,227.77,11.19,11.43,0.24,2.6,0.85,56.92,34.4,2025-01-15 11:50:00,NORMAL
127,21,240.29,8.68,8.48,0.2,2.04,0.88,51.02,41.61,2025-01-15 11:55:00,NORMAL
169,24,230.57,9.29,9.51,0.22,2.19,0.82,33.68,76.67,2025-01-15 12:00:00,NORMAL
143,38,251.66,6.68,6.12,0.56,1.54,0.74,59.35,81.12,2025-01-15 12:05:00,NORMAL
120,3,228.39,10.9,10.73,0.17,2.45,0.96,57.76,82.33,2025-01-15 12:10:00,NORMAL
127,40,247.63,8.23,8.49,0.26,2.1,0.86,35.32,62.09,2025-01-15 12:15:00,NORMAL
153,31,221.07,8.36,8.06,0.3,1.78,0.83,19.93,87.06,2025-01-15 12:20:00,NORMAL
153,41,216.1,12.71,12.84,0.13,2.77,0.72,43.43,39.1,2025-01-15 12:25:00,NORMAL
164,37,228.99,8.63,9.09,0.46,2.08,0.9,34.71,70.7,2025-01-15 12:30:00,NORMAL
199,2,241.39,11.5,10.92,0.58,2.64,0.82,47.44,72.26,2025-01-15 12:35:00,NORMAL
120,2,225.23,12.2,11.85,0.35,2.67,0.78,45.16,33.19,2025-01-15 12:40:00,NORMAL
198,39,223.83,11.83,11.86,0.03,2.65,0.96,71.72,46.95,2025-01-15 12:45:00,NORMAL
112,49,240.25,9.5,8.66,0.84,2.08,0.76,33.94,86.94,2025-01-15 12:50:00,NORMAL
156,42,237.05,9.15,9.32,0.17,2.21,0.85,53.88,75.54,2025-01-15 12:55:00,NORMAL
148,44,222.08,8.17,8.19,0.02,1.82,0.94,24.72,33.28,2025-01-15 13:00:00,NORMAL
153,34,221.49,6.48,6.09,0.39,1.35,0.95,30.31,62.45,2025-01-15 13:05:00,NORMAL
109,42,238.29,11.54,10.9,0.64,2.6,0.95,38.36,68.92,2025-01-15 13:10:00,NORMAL
152,20,213.68,11.35,10.95,0.4,2.34,0.97,32.32,88.39,2025-01-15 13:15:00,NORMAL
143,33,240.8,10.95,11.03,0.08,2.66,0.74,51.55,72.99,2025-01-15 13:20:00,NORMAL
146,4,236.92,4.32,4.24,0.08,1.0,0.98,44.58,68.32,2025-01-15 13:25:00,NORMAL
152,45,207.19,9.65,9.77,0.12,2.02,0.7,57.37,84.51,2025-01-15 13:30:00,NORMAL
173,44,230.16,11.26,11.23,0.03,2.58,0.78,29.61,69.66,2025-01-15 13:35:00,NORMAL
145,11,210.21,12.57,12.5,0.07,2.63,0.73,47.68,85.93,2025-01-15 13:40:00,NORMAL
112,42,217.95,10.6,10.19,0.41,2.22,0.98,33.84,59.57,2025-01-15 13:45:00,NORMAL
136,47,224.97,10.39,10.54,0.15,2.37,0.83,64.08,73.11,2025-01-15 13:50:00,NORMAL
123,5,217.32,8.64,7.96,0.68,1.73,0.79,29.61,67.91,2025-01-15 13:55:00,NORMAL
101,25,252.18,10.76,10.57,0.19,2.67,0.75,18.63,63.15,2025-01-15 14:00:00,NORMAL
185,49,238.64,9.53,9.76,0.23,2.33,0.75,36.2,49.45,2025-01-15 14:05:00,NORMAL
180,37,243.67,8.54,8.15,0.39,1.99,0.88,28.18,84.23,2025-01-15 14:10:00,NORMAL
199,34,228.6,7.69,7.55,0.14,1.73,0.71,47.15,46.2,2025-01-15 14:15:00,NORMAL
113,9,230.3,8.11,8.14,0.03,1.87,0.88,53.73,39.56,2025-01-15 14:20:00,NORMAL
109,6,245.81,10.65,9.74,0.91,2.39,0.93,55.95,72.72,2025-01-15 14:25:00,NORMAL
134,18,234.34,7.22,7.18,0.04,1.68,0.88,12.97,62.79,2025-01-15 14:30:00,NORMAL
124,14,236.12,9.41,9.44,0.03,2.23,0.95,55.83,45.77,2025-01-15 14:35:00,NORMAL
102,19,220.89,12.62,11.94,0.68,2.64,0.78,48.41,82.22,2025-01-15 14:40:00,NORMAL
116,14,220.84,7.13,6.68,0.45,1.48,0.72,55.52,47.17,2025-01-15 14:45:00,NORMAL
111,40,232.61,10.9,10.32,0.58,2.4,0.92,58.19,33.83,2025-01-15 14:50:00,NORMAL
153,17,233.73,11.09,11.17,0.08,2.61,0.95,35.74,30.92,2025-01-15 14:55:00,NORMAL
123,35,220.03,9.42,9.11,0.31,2.0,0.85,31.43,85.37,2025-01-15 15:00:00,NORMAL
128,29,233.58,11.24,11.73,0.49,2.74,0.95,49.91,54.13,2025-01-15 15:05:00,NORMAL
142,42,217.78,9.62,10.38,0.76,2.26,0.84,59.47,42.81,2025-01-15 15:10:00,NORMAL
124,17,230.14,11.59,11.69,0.1,2.69,0.76,26.22,64.03,2025-01-15 15:15:00,NORMAL
199,43,215.63,7.86,7.64,0.22,1.65,0.84,45.95,59.27,2025-01-15 15:20:00,NORMAL
159,8,243.28,13.78,12.38,1.4,3.01,0.76,37.22,89.99,2025-01-15 15:25:00,LEAKAGE_WARNING
189,1,226.89,12.87,12.05,0.82,2.73,0.84,37.16,83.31,2025-01-15 15:30:00,NORMAL
164,45,223.06,5.54,5.89,0.35,1.31,0.74,39.15,46.27,2025-01-15 15:35:00,NORMAL
183,36,218.54,12.34,11.7,0.64,2.56,0.76,54.83,71.86,2025-01-15 15:40:00,NORMAL
127,7,217.58,8.85,9.32,0.47,2.03,0.96,53.68,53.23,2025-01-15 15:45:00,NORMAL
115,46,234.36,12.87,11.9,0.97,2.79,0.73,31.68,51.87,2025-01-15 15:50:00,NORMAL
146,5,240.04,12.02,12.07,0.05,2.9,0.77,24.39,52.03,2025-01-15 15:55:00,NORMAL
180,24,239.04,7.83,7.92,0.09,1.89,1.0,61.12,68.36,2025-01-15 16:00:00,NORMAL
191,28,243.97,11.15,10.44,0.71,2.55,0.87,57.04,62.28,2025-01-15 16:05:00,NORMAL
157,43,247.48,8.6,8.68,0.08,2.15,0.88,63.58,75.3,2025-01-15 16:10:00,NORMAL
175,17,239.58,11.08,10.01,1.07,2.4,0.95,53.22,39.18,2025-01-15 16:15:00,LEAKAGE_WARNING
126,37,224.97,10.09,10.18,0.09,2.29,0.86,65.0,55.53,2025-01-15 16:20:00,NORMAL
152,20,231.69,8.54,7.9,0.64,1.83,0.77,10.26,81.62,2025-01-15 16:25:00,NORMAL
141,3,207.43,7.33,7.07,0.26,1.47,0.83,43.26,30.19,2025-01-15 16:30:00,NORMAL
158,37,236.38,10.46,9.92,0.54,2.34,0.93,34.59,67.41,2025-01-15 16:35:00,NORMAL
146,26,231.49,10.93,11.23,0.3,2.6,0.96,74.78,77.14,2025-01-15 16:40:00,NORMAL
193,15,245.95,9.68,10.4,0.72,2.56,0.78,27.01,53.03,2025-01-15 16:45:00,NORMAL
133,48,222.57,8.45,8.72,0.27,1.94,0.78,24.85,83.02,2025-01-15 16:50:00,NORMAL
136,8,235.16,9.03,9.03,0.0,2.12,0.8,35.59,74.14,2025-01-15 16:55:00,NORMAL
105,13,219.97,7.81,7.71,0.1,1.7,0.88,37.12,66.36,2025-01-15 17:00:00,NORMAL
106,48,228.9,11.47,11.51,0.04,2.63,0.78,39.35,41.9,2025-01-15 17:05:00,NORMAL
195,3,213.65,5.68,6.55,0.87,1.4,0.97,58.55,70.21,2025-01-15 17:10:00,NORMAL
195,1,243.56,11.9,12.02,0.12,2.93,0.99,67.23,80.03,2025-01-15 17:15:00,NORMAL
124,9,240.53,9.85,9.63,0.22,2.32,0.9,59.55,73.79,2025-01-15 17:20:00,NORMAL
132,31,225.27,11.04,10.96,0.08,2.47,0.99,82.17,64.49,2025-01-15 17:25:00,OVERHEAT
154,41,232.62,11.24,11.23,0.01,2.61,0.79,64.26,72.87,2025-01-15 17:30:00,NORMAL
157,26,230.38,10.23,10.26,0.03,2.36,0.94,35.51,88.61,2025-01-15 17:35:00,NORMAL
106,17,223.88,9.22,8.99,0.23,2.01,0.9,43.31,30.65,2025-01-15 17:40:00,NORMAL
156,34,231.23,12.21,12.53,0.32,2.9,0.78,56.86,69.84,2025-01-15 17:45:00,NORMAL
111,9,225.57,6.57,6.49,0.08,1.46,0.8,27.65,77.58,2025-01-15 17:50:00,NORMAL
115,13,239.8,12.6,12.6,0.0,3.02,0.85,40.32,68.33,2025-01-15 17:55:00,NORMAL
179,5,227.89,7.75,8.17,0.42,1.86,0.94,54.76,46.39,2025-01-15 18:00:00,NORMAL
142,41,253.91,9.35,9.24,0.11,2.35,0.96,73.68,79.37,2025-01-15 18:05:00,NORMAL
199,13,229.22,12.86,13.65,0.79,3.13,0.89,45.5,84.8,2025-01-15 18:10:00,NORMAL
176,1,231.13,14.46,14.6,0.14,3.37,0.92,47.89,71.01,2025-01-15 18:15:00,NORMAL
106,25,235.28,10.36,9.99,0.37,2.35,0.78,52.74,60.66,2025-01-15 18:20:00,NORMAL
199,47,238.37,7.29,6.88,0.41,1.64,0.92,18.99,51.98,2025-01-15 18:25:00,NORMAL
150,4,230.78,11.71,11.5,0.21,2.65,0.88,39.59,49.8,2025-01-15 18:30:00,NORMAL
172,36,235.06,9.92,9.61,0.31,2.26,0.77,32.18,73.39,2025-01-15 18:35:00,NORMAL
131,10,231.83,7.88,7.37,0.51,1.71,0.99,56.66,66.43,2025-01-15 18:40:00,NORMAL
174,28,222.21,10.44,10.19,0.25,2.26,0.85,38.42,39.41,2025-01-15 18:45:00,NORMAL
107,6,219.52,7.38,6.59,0.79,1.45,0.94,63.24,38.47,2025-01-15 18:50:00,NORMAL
196,27,236.99,10.39,11.25,0.86,2.67,0.86,51.54,34.27,2025-01-15 18:55:00,NORMAL
186,12,245.17,8.16,7.55,0.61,1.85,0.98,42.61,71.01,2025-01-15 19:00:00,NORMAL
188,48,213.69,6.06,6.95,0.89,1.49,0.74,36.57,48.86,2025-01-15 19:05:00,NORMAL
171,3,215.65,6.68,6.79,0.11,1.46,0.86,34.29,31.21,2025-01-15 19:10:00,NORMAL
144,46,215.56,8.78,8.21,0.57,1.77,0.71,69.18,50.26,2025-01-15 19:15:00,NORMAL
185,33,237.75,11.0,10.49,0.51,2.49,0.76,14.47,79.93,2025-01-15 19:20:00,NORMAL
158,10,238.59,12.51,12.79,0.28,3.05,0.78,43.75,44.86,2025-01-15 19:25:00,NORMAL
103,31,220.24,12.86,12.68,0.18,2.79,0.84,46.28,68.01,2025-01-15 19:30:00,NORMAL
166,15,252.06,6.98,7.08,0.1,1.78,0.95,11.11,56.38,2025-01-15 19:35:00,NORMAL
128,7,226.15,9.55,8.93,0.62,2.02,0.84,64.63,62.93,2025-01-15 19:40:00,NORMAL
128,36,244.36,8.78,8.62,0.16,2.11,0.87,48.16,65.75,2025-01-15 19:45:00,NORMAL
197,14,238.09,9.79,9.91,0.12,2.36,0.98,55.97,57.29,2025-01-15 19:50:00,NORMAL
197,48,220.42,12.82,12.43,0.39,2.74,0.93,56.16,33.47,2025-01-15 19:55:00,NORMAL
127,14,225.82,10.32,9.83,0.49,2.22,0.72,58.65,64.06,2025-01-15 20:00:00,NORMAL
176,3,221.28,11.74,11.64,0.1,2.58,0.75,57.15,53.85,2025-01-15 20:05:00,NORMAL
178,49,216.56,14.42,13.89,0.53,3.01,0.71,57.14,41.99,2025-01-15 20:10:00,NORMAL
186,46,227.47,6.87,5.89,0.98,1.34,0.72,50.86,83.79,2025-01-15 20:15:00,NORMAL
143,3,218.01,9.05,9.89,0.84,2.16,0.8,59.83,74.16,2025-01-15 20:20:00,NORMAL
189,22,228.25,11.14,10.34,0.8,2.36,0.92,85.89,47.04,2025-01-15 20:25:00,OVERHEAT
103,19,249.33,10.53,9.61,0.92,2.4,0.77,32.19,62.34,2025-01-15 20:30:00,NORMAL
189,35,236.97,12.1,11.68,0.42,2.77,0.82,52.72,87.79,2025-01-15 20:35:00,NORMAL
108,12,224.43,9.23,9.19,0.04,2.06,0.82,57.58,44.73,2025-01-15 20:40:00,NORMAL
104,5,223.61,10.41,10.99,0.58,2.46,0.88,21.92,86.84,2025-01-15 20:45:00,NORMAL
155,10,225.99,8.49,8.27,0.22,1.87,0.97,73.4,71.0,2025-01-15 20:50:00,NORMAL
195,41,250.71,12.13,12.13,0.0,3.04,0.99,54.76,62.45,2025-01-15 20:55:00,NORMAL
183,33,219.12,10.08,10.58,0.5,2.32,0.88,49.68,88.99,2025-01-15 21:00:00,NORMAL
149,13,229.98,12.81,12.94,0.13,2.98,0.85,39.6,50.02,2025-01-15 21:05:00,NORMAL
174,35,234.65,12.82,12.64,0.18,2.97,0.9,57.68,46.69,2025-01-15 21:10:00,NORMAL
114,32,242.15,7.44,7.11,0.33,1.72,0.9,28.25,50.38,2025-01-15 21:15:00,NORMAL
131,11,226.67,13.13,13.44,0.31,3.05,0.86,70.95,75.05,2025-01-15 21:20:00,NORMAL
127,48,220.37,11.86,12.85,0.99,2.83,0.92,60.72,50.22,2025-01-15 21:25:00,NORMAL
121,38,232.9,9.69,9.62,0.07,2.24,0.85,43.16,36.17,2025-01-15 21:30:00,NORMAL
116,24,243.15,11.68,11.94,0.26,2.9,1.0,66.62,68.66,2025-01-15 21:35:00,NORMAL
158,35,227.27,8.98,9.0,0.02,2.05,0.71,18.89,43.38,2025-01-15 21:40:00,NORMAL
189,19,221.61,12.72,13.54,0.82,3.0,0.83,29.89,30.25,2025-01-15 21:45:00,NORMAL
170,6,231.1,10.2,10.16,0.04,2.35,0.82,45.94,41.95,2025-01-15 21:50:00,NORMAL
156,40,213.76,11.78,11.39,0.39,2.43,0.93,46.57,79.15,2025-01-15 21:55:00,NORMAL
125,45,227.81,8.74,8.76,0.02,2.0,0.76,51.8,86.41,2025-01-15 22:00:00,NORMAL
124,44,241.78,10.56,10.31,0.25,2.49,0.83,48.17,69.72,2025-01-15 22:05:00,NORMAL
109,42,238.75,11.77,11.72,0.05,2.8,0.91,63.76,48.63,2025-01-15 22:10:00,NORMAL
144,35,228.56,10.62,11.41,0.79,2.61,0.88,23.2,56.19,2025-01-15 22:15:00,NORMAL
182,4,246.59,11.12,10.88,0.24,2.68,0.86,16.34,41.67,2025-01-15 22:20:00,NORMAL
110,33,249.1,8.48,8.67,0.19,2.16,0.83,24.1,82.85,2025-01-15 22:25:00,NORMAL
176,13,236.64,10.61,11.07,0.46,2.62,0.93,25.61,69.93,2025-01-15 22:30:00,NORMAL
152,36,215.32,8.49,7.95,0.54,1.71,0.89,45.7,35.06,2025-01-15 22:35:00,NORMAL
171,43,211.2,9.96,9.63,0.33,2.03,0.96,43.05,52.02,2025-01-15 22:40:00,NORMAL
167,19,243.83,9.01,9.12,0.11,2.22,0.92,50.04,62.28,2025-01-15 22:45:00,NORMAL
194,43,232.45,9.59,9.47,0.12,2.2,0.74,50.68,77.84,2025-01-15 22:50:00,NORMAL
127,12,246.36,6.5,6.22,0.28,1.53,0.89,49.42,85.23,2025-01-15 22:55:00,NORMAL
174,11,216.61,10.05,10.7,0.65,2.32,0.71,22.24,37.96,2025-01-15 23:00:00,NORMAL
164,6,228.39,9.78,10.15,0.37,2.32,0.82,42.1,80.07,2025-01-15 23:05:00,NORMAL
148,12,240.29,6.97,7.32,0.35,1.76,0.82,37.7,33.95,2025-01-15 23:10:00,NORMAL
146,27,222.7,10.68,10.23,0.45,2.28,0.96,63.77,44.43,2025-01-15 23:15:00,NORMAL
151,41,240.15,11.65,10.67,0.98,2.56,0.75,50.67,31.26,2025-01-15 23:20:00,NORMAL
187,25,228.77,10.63,10.13,0.5,2.32,0.89,73.36,33.83,2025-01-15 23:25:00,NORMAL
153,42,230.28,11.57,11.31,0.26,2.6,0.76,30.65,31.95,2025-01-15 23:30:00,NORMAL
159,3,218.16,8.95,9.26,0.31,2.02,0.98,40.98,38.76,2025-01-15 23:35:00,NORMAL
156,3,232.51,9.57,9.0,0.57,2.09,0.86,59.2,82.59,2025-01-15 23:40:00,NORMAL
146,20,251.93,10.15,10.13,0.02,2.55,0.91,38.05,47.03,2025-01-15 23:45:00,NORMAL
130,28,233.88,10.29,10.6,0.31,2.48,0.89,51.14,58.78,2025-01-15 23:50:00,NORMAL
145,23,222.08,5.3,4.74,0.56,1.05,0.79,36.37,59.23,2025-01-15 23:55:00,NORMAL
125,48,243.96,8.16,7.3,0.86,1.78,0.97,62.98,89.72,2025-01-16 00:00:00,NORMAL
104,3,222.38,12.0,11.43,0.57,2.54,0.89,24.43,51.88,2025-01-16 00:05:00,NORMAL
183,42,247.21,8.44,7.05,1.39,1.74,0.85,74.25,45.91,2025-01-16 00:10:00,LEAKAGE_WARNING
151,24,217.25,9.51,9.69,0.18,2.11,0.86,57.05,87.79,2025-01-16 00:15:00,NORMAL
174,43,232.73,9.9,9.93,0.03,2.31,0.97,52.98,65.55,2025-01-16 00:20:00,NORMAL
153,40,245.26,7.32,7.56,0.24,1.85,0.72,51.42,47.37,2025-01-16 00:25:00,NORMAL
132,6,221.33,13.16,13.4,0.24,2.97,0.82,35.1,47.25,2025-01-16 00:30:00,NORMAL
149,20,230.83,9.94,9.04,0.9,2.09,0.95,56.17,35.18,2025-01-16 00:35:00,NORMAL
137,11,241.57,8.29,8.64,0.35,2.09,0.71,37.78,63.41,2025-01-16 00:40:00,NORMAL
126,32,207.44,11.3,11.37,0.07,2.36,0.89,14.0,73.42,2025-01-16 00:45:00,NORMAL
197,27,239.27,9.41,8.58,0.83,2.05,0.82,46.96,58.48,2025-01-16 00:50:00,NORMAL
114,21,229.12,10.12,9.73,0.39,2.23,0.76,34.41,83.07,2025-01-16 00:55:00,NORMAL
195,44,244.42,12.82,13.13,0.31,3.21,0.88,47.75,59.04,2025-01-16 01:00:00,NORMAL
160,48,221.73,8.92,8.76,0.16,1.94,0.95,45.33,50.78,2025-01-16 01:05:00,NORMAL
120,13,216.13,12.29,12.94,0.65,2.8,0.84,24.32,45.05,2025-01-16 01:10:00,NORMAL
145,22,224.57,9.32,9.22,0.1,2.07,0.74,69.56,44.6,2025-01-16 01:15:00,NORMAL
168,35,224.36,10.14,9.9,0.24,2.22,0.79,35.57,48.99,2025-01-16 01:20:00,NORMAL
105,47,227.94,10.61,10.34,0.27,2.36,0.99,61.57,89.52,2025-01-16 01:25:00,NORMAL
137,22,225.31,9.31,8.17,1.14,1.84,0.73,34.86,51.65,2025-01-16 01:30:00,LEAKAGE_WARNING
161,28,209.92,7.97,7.4,0.57,1.55,0.75,45.75,61.48,2025-01-16 01:35:00,NORMAL
185,21,229.05,10.91,11.3,0.39,2.59,1.0,49.75,46.48,2025-01-16 01:40:00,NORMAL
161,46,232.32,12.24,11.99,0.25,2.79,0.96,15.01,38.61,2025-01-16 01:45:00,NORMAL
181,18,228.07,11.25,11.08,0.17,2.53,0.91,36.23,68.75,2025-01-16 01:50:00,NORMAL
177,31,232.87,11.2,10.07,1.13,2.35,0.75,49.43,62.71,2025-01-16 01:55:00,LEAKAGE_WARNING
173,46,230.85,9.08,9.1,0.02,2.1,0.77,46.34,34.07,2025-01-16 02:00:00,NORMAL
145,37,216.18,11.38,11.11,0.27,2.4,0.75,46.0,82.97,2025-01-16 02:05:00,NORMAL
112,21,226.99,10.72,10.39,0.33,2.36,0.89,59.15,60.46,2025-01-16 02:10:00,NORMAL
194,14,231.14,11.73,12.06,0.33,2.79,0.82,33.32,50.12,2025-01-16 02:15:00,NORMAL
193,25,227.63,10.2,10.76,0.56,2.45,0.71,46.46,76.76,2025-01-16 02:20:00,NORMAL
102,27,215.07,11.19,11.1,0.09,2.39,0.79,25.05,36.73,2025-01-16 02:25:00,NORMAL
193,40,242.23,9.03,8.5,0.53,2.06,0.96,37.82,58.43,2025-01-16 02:30:00,NORMAL
105,23,220.28,11.39,11.85,0.46,2.61,0.94,63.82,62.93,2025-01-16 02:35:00,NORMAL
192,31,217.58,7.48,7.33,0.15,1.59,0.89,45.57,76.51,2025-01-16 02:40:00,NORMAL
107,47,230.41,9.33,9.46,0.13,2.18,0.73,38.28,52.21,2025-01-16 02:45:00,NORMAL
143,29,226.84,8.61,9.38,0.77,2.13,0.96,33.13,81.3,2025-01-16 02:50:00,NORMAL
132,47,236.01,17.01,16.69,0.32,3.94,0.86,24.62,71.86,2025-01-16 02:55:00,NORMAL
180,30,238.73,11.3,10.9,0.4,2.6,0.85,59.62,76.26,2025-01-16 03:00:00,NORMAL
174,26,237.21,7.83,7.29,0.54,1.73,0.98,77.06,88.14,2025-01-16 03:05:00,NORMAL
176,20,229.98,7.26,6.67,0.59,1.53,0.7,38.85,80.69,2025-01-16 03:10:00,NORMAL
149,38,235.53,6.51,6.36,0.15,1.5,0.87,17.97,50.81,2025-01-16 03:15:00,NORMAL
110,19,214.4,7.72,7.32,0.4,1.57,0.94,68.27,68.75,2025-01-16 03:20:00,NORMAL
194,27,240.94,8.3,8.01,0.29,1.93,0.72,31.66,82.12,2025-01-16 03:25:00,NORMAL
127,25,225.95,8.05,9.14,1.09,2.07,0.81,50.83,61.51,2025-01-16 03:30:00,LEAKAGE_WARNING
169,40,249.7,9.07,9.62,0.55,2.4,0.99,52.96,70.97,2025-01-16 03:35:00,NORMAL
140,38,241.25,11.67,11.84,0.17,2.86,0.76,61.94,40.34,2025-01-16 03:40:00,NORMAL
115,23,228.03,9.6,9.37,0.23,2.14,0.86,41.6,78.95,2025-01-16 03:45:00,NORMAL
167,29,230.21,11.43,11.1,0.33,2.56,0.92,52.0,75.45,2025-01-16 03:50:00,NORMAL
198,15,241.84,7.87,7.34,0.53,1.78,0.82,40.14,83.33,2025-01-16 03:55:00,NORMAL
147,3,207.4,9.23,8.69,0.54,1.8,0.82,15.13,72.61,2025-01-16 04:00:00,NORMAL
155,10,228.4,8.12,7.83,0.29,1.79,0.72,38.78,82.61,2025-01-16 04:05:00,NORMAL
163,15,247.01,10.89,10.44,0.45,2.58,0.76,50.61,39.73,2025-01-16 04:10:00,NORMAL
158,16,238.45,9.64,8.67,0.97,2.07,0.96,30.03,78.82,2025-01-16 04:15:00,NORMAL
189,17,221.62,13.55,13.14,0.41,2.91,0.95,46.38,87.18,2025-01-16 04:20:00,NORMAL
161,19,233.14,8.66,8.48,0.18,1.98,0.79,49.06,78.93,2025-01-16 04:25:00,NORMAL
175,11,220.23,7.92,7.49,0.43,1.65,0.81,65.11,66.91,2025-01-16 04:30:00,NORMAL
110,48,226.59,10.59,9.98,0.61,2.26,0.83,31.11,85.59,2025-01-16 04:35:00,NORMAL
188,5,233.34,9.65,8.68,0.97,2.03,0.8,48.67,35.67,2025-01-16 04:40:00,NORMAL
117,5,235.1,11.01,11.36,0.35,2.67,0.9,28.62,31.01,2025-01-16 04:45:00,NORMAL
118,14,237.29,9.88,10.5,0.62,2.49,0.7,12.23,87.92,2025-01-16 04:50:00,NORMAL
186,26,242.34,9.72,9.42,0.3,2.28,0.96,37.85,70.98,2025-01-16 04:55:00,NORMAL
154,8,218.06,8.66,9.18,0.52,2.0,0.79,36.8,36.85,2025-01-16 05:00:00,NORMAL
181,5,230.24,9.46,9.38,0.08,2.16,0.96,50.15,50.4,2025-01-16 05:05:00,NORMAL
125,7,221.5,6.94,5.83,1.11,1.29,0.84,62.42,74.93,2025-01-16 05:10:00,LEAKAGE_WARNING
105,16,226.01,12.4,12.2,0.2,2.76,0.93,46.61,75.02,2025-01-16 05:15:00,NORMAL
103,14,222.46,12.54,12.33,0.21,2.74,0.95,35.26,40.2,2025-01-16 05:20:00,NORMAL
128,37,234.99,11.88,11.88,0.0,2.79,0.79,32.67,58.21,2025-01-16 05:25:00,NORMAL
158,41,240.53,9.08,8.13,0.95,1.96,0.89,62.48,78.44,2025-01-16 05:30:00,NORMAL
197,4,241.07,8.74,8.33,0.41,2.01,0.88,55.3,88.01,2025-01-16 05:35:00,NORMAL
116,36,218.95,11.0,11.03,0.03,2.42,0.84,31.75,67.35,2025-01-16 05:40:00,NORMAL
142,48,228.77,8.1,7.16,0.94,1.64,0.84,24.51,68.29,2025-01-16 05:45:00,NORMAL
179,17,218.67,12.27,11.98,0.29,2.62,0.79,31.73,58.16,2025-01-16 05:50:00,NORMAL
165,47,218.34,5.24,5.25,0.01,1.15,0.79,59.83,62.34,2025-01-16 05:55:00,NORMAL
133,36,223.38,9.1,9.94,0.84,2.22,0.86,30.84,35.94,2025-01-16 06:00:00,NORMAL
107,6,233.43,7.87,7.6,0.27,1.77,0.71,51.9,50.98,2025-01-16 06:05:00,NORMAL
112,16,235.19,12.49,12.52,0.03,2.94,0.98,70.39,60.44,2025-01-16 06:10:00,NORMAL
107,29,236.54,12.15,12.11,0.04,2.86,0.89,33.06,46.5,2025-01-16 06:15:00,NORMAL
193,36,235.92,11.13,11.12,0.01,2.62,0.83,39.35,51.59,2025-01-16 06:20:00,NORMAL
195,38,221.52,13.83,14.55,0.72,3.22,0.72,44.53,88.27,2025-01-16 06:25:00,NORMAL
199,37,241.83,10.02,8.54,1.48,2.07,0.89,20.92,30.31,2025-01-16 06:30:00,LEAKAGE_WARNING
193,48,238.03,11.26,11.41,0.15,2.72,0.71,34.35,48.16,2025-01-16 06:35:00,NORMAL
164,48,225.87,6.8,6.27,0.53,1.42,0.9,47.67,65.04,2025-01-16 06:40:00,NORMAL
142,10,226.25,9.36,9.27,0.09,2.1,0.72,30.41,46.74,2025-01-16 06:45:00,NORMAL
138,41,223.42,10.22,11.39,1.17,2.54,0.9,77.06,70.59,2025-01-16 06:50:00,LEAKAGE_WARNING
180,36,217.08,8.17,8.04,0.13,1.75,0.82,37.61,47.96,2025-01-16 06:55:00,NORMAL
158,29,236.66,10.51,10.25,0.26,2.43,0.9,42.34,68.29,2025-01-16 07:00:00,NORMAL
183,14,238.22,6.06,6.13,0.07,1.46,0.74,36.39,80.99,2025-01-16 07:05:00,NORMAL
187,4,220.74,11.0,10.07,0.93,2.22,0.74,41.35,69.52,2025-01-16 07:10:00,NORMAL
185,44,217.68,9.13,8.03,1.1,1.75,0.77,34.16,32.99,2025-01-16 07:15:00,LEAKAGE_WARNING
192,42,220.63,8.43,8.09,0.34,1.78,0.82,13.87,77.71,2025-01-16 07:20:00,NORMAL
185,36,231.1,11.49,11.08,0.41,2.56,0.78,39.6,42.77,2025-01-16 07:25:00,NORMAL
143,45,216.18,12.93,13.31,0.38,2.88,0.72,72.1,68.09,2025-01-16 07:30:00,NORMAL
108,13,241.28,11.78,12.16,0.38,2.93,0.8,69.43,68.8,2025-01-16 07:35:00,NORMAL
136,46,240.68,8.38,8.51,0.13,2.05,0.91,29.18,78.22,2025-01-16 07:40:00,NORMAL
173,18,234.24,11.34,10.14,1.2,2.38,0.87,21.06,60.35,2025-01-16 07:45:00,LEAKAGE_WARNING
135,33,238.1,9.49,9.56,0.07,2.28,0.99,14.21,52.56,2025-01-16 07:50:00,NORMAL
191,21,230.59,12.26,11.4,0.86,2.63,0.83,30.41,61.08,2025-01-16 07:55:00,NORMAL
127,16,234.65,10.44,10.6,0.16,2.49,0.8,36.66,62.75,2025-01-16 08:00:00,NORMAL
141,15,217.0,7.05,7.33,0.28,1.59,0.91,51.03,79.29,2025-01-16 08:05:00,NORMAL
142,5,243.9,9.52,9.57,0.05,2.33,0.82,38.77,42.3,2025-01-16 08:10:00,NORMAL
184,6,225.13,8.35,8.41,0.06,1.89,0.89,58.18,80.81,2025-01-16 08:15:00,NORMAL
187,38,228.71,8.45,8.61,0.16,1.97,0.98,53.9,51.94,2025-01-16 08:20:00,NORMAL
141,3,254.87,9.35,8.37,0.98,2.13,0.85,50.19,74.63,2025-01-16 08:25:00,NORMAL
165,48,227.8,10.55,10.38,0.17,2.36,0.85,43.18,50.14,2025-01-16 08:30:00,NORMAL
154,12,237.39,11.82,11.72,0.1,2.78,0.93,59.81,72.53,2025-01-16 08:35:00,NORMAL
171,36,235.15,8.95,8.74,0.21,2.06,0.93,54.52,77.95,2025-01-16 08:40:00,NORMAL
147,33,216.67,12.43,11.77,0.66,2.55,0.85,23.1,63.48,2025-01-16 08:45:00,NORMAL
190,36,220.0,6.6,6.39,0.21,1.41,0.72,52.93,67.17,2025-01-16 08:50:00,NORMAL
121,33,250.36,8.32,7.97,0.35,2.0,0.99,36.38,72.47,2025-01-16 08:55:00,NORMAL
126,31,235.79,14.1,13.39,0.71,3.16,0.81,58.79,71.31,2025-01-16 09:00:00,NORMAL
192,21,229.83,7.71,8.04,0.33,1.85,0.8,54.85,73.64,2025-01-16 09:05:00,NORMAL
166,27,224.64,12.5,12.72,0.22,2.86,0.99,70.79,80.98,2025-01-16 09:10:00,NORMAL
112,27,233.2,9.95,9.7,0.25,2.26,0.96,15.03,43.23,2025-01-16 09:15:00,NORMAL
144,8,234.15,9.86,10.01,0.15,2.34,0.8,49.61,42.88,2025-01-16 09:20:00,NORMAL
109,37,232.27,11.87,11.79,0.08,2.74,0.79,35.25,88.24,2025-01-16 09:25:00,NORMAL
199,32,240.69,11.59,11.94,0.35,2.87,0.92,76.95,81.08,2025-01-16 09:30:00,NORMAL
108,26,221.33,12.67,12.9,0.23,2.86,0.8,-0.52,65.5,2025-01-16 09:35:00,NORMAL
153,2,219.99,9.51,8.75,0.76,1.92,0.78,51.56,30.49,2025-01-16 09:40:00,NORMAL
126,12,240.43,10.29,10.27,0.02,2.47,0.99,53.36,81.29,2025-01-16 09:45:00,NORMAL
133,22,251.13,9.5,9.53,0.03,2.39,0.87,12.93,75.1,2025-01-16 09:50:00,NORMAL
100,17,238.43,7.78,7.99,0.21,1.91,0.93,52.79,87.38,2025-01-16 09:55:00,NORMAL
131,7,242.98,10.34,10.58,0.24,2.57,0.91,14.74,30.79,2025-01-16 10:00:00,NORMAL
188,43,229.25,9.67,9.99,0.32,2.29,0.93,34.14,31.71,2025-01-16 10:05:00,NORMAL
192,4,232.66,6.26,6.71,0.45,1.56,0.97,51.13,61.05,2025-01-16 10:10:00,NORMAL
170,37,232.53,12.22,12.37,0.15,2.88,0.85,30.34,81.36,2025-01-16 10:15:00,NORMAL
166,38,229.45,10.3,10.16,0.14,2.33,0.93,46.15,89.48,2025-01-16 10:20:00,NORMAL
183,32,244.11,8.6,8.08,0.52,1.97,0.94,44.9,49.2,2025-01-16 10:25:00,NORMAL
119,11,241.16,10.66,10.5,0.16,2.53,0.98,53.02,32.18,2025-01-16 10:30:00,NORMAL
193,1,226.01,8.95,9.25,0.3,2.09,0.91,28.97,41.73,2025-01-16 10:35:00,NORMAL
134,25,213.54,10.4,10.47,0.07,2.24,0.97,58.88,82.62,2025-01-16 10:40:00,NORMAL
198,42,229.36,12.77,12.87,0.1,2.95,0.73,1.65,57.99,2025-01-16 10:45:00,NORMAL
190,24,218.45,10.8,10.93,0.13,2.39,0.74,67.78,81.2,2025-01-16 10:50:00,NORMAL
189,43,230.24,9.03,9.02,0.01,2.08,0.75,41.15,56.63,2025-01-16 10:55:00,NORMAL
177,17,219.24,7.94,7.3,0.64,1.6,0.74,42.68,33.2,2025-01-16 11:00:00,NORMAL
116,8,242.57,8.57,8.03,0.54,1.95,0.73,49.62,67.05,2025-01-16 11:05:00,NORMAL
117,45,236.84,11.62,10.62,1.0,2.52,0.74,47.86,56.14,2025-01-16 11:10:00,NORMAL
144,27,236.6,9.89,10.14,0.25,2.4,1.0,44.96,59.48,2025-01-16 11:15:00,NORMAL
192,18,240.72,11.12,11.48,0.36,2.76,0.78,63.71,86.94,2025-01-16 11:20:00,NORMAL
183,27,233.91,9.44,9.42,0.02,2.2,0.84,22.1,57.42,2025-01-16 11:25:00,NORMAL
152,22,235.47,8.13,7.35,0.78,1.73,0.95,30.68,77.79,2025-01-16 11:30:00,NORMAL
190,16,244.35,11.2,12.05,0.85,2.94,0.74,51.5,33.53,2025-01-16 11:35:00,NORMAL
181,2,228.65,8.38,8.12,0.26,1.86,0.8,39.5,58.74,2025-01-16 11:40:00,NORMAL
167,5,236.05,9.18,9.15,0.03,2.16,0.75,64.36,65.2,2025-01-16 11:45:00,NORMAL
164,18,219.47,7.55,7.04,0.51,1.55,0.72,78.58,36.79,2025-01-16 11:50:00,NORMAL
100,3,230.79,8.13,7.72,0.41,1.78,0.99,45.08,48.13,2025-01-16 11:55:00,NORMAL
157,27,252.59,11.79,11.28,0.51,2.85,0.96,19.19,74.38,2025-01-16 12:00:00,NORMAL
125,17,238.15,12.1,11.65,0.45,2.77,0.96,31.79,41.03,2025-01-16 12:05:00,NORMAL
119,16,229.14,12.18,10.58,1.6,2.42,0.96,14.36,37.71,2025-01-16 12:10:00,LEAKAGE_WARNING
186,6,232.65,12.19,11.1,1.09,2.58,0.75,54.28,47.96,2025-01-16 12:15:00,LEAKAGE_WARNING
109,7,229.79,9.29,8.68,0.61,1.99,0.94,30.8,81.54,2025-01-16 12:20:00,NORMAL
158,14,232.32,11.33,11.37,0.04,2.64,0.92,42.61,75.78,2025-01-16 12:25:00,NORMAL
174,38,226.01,12.11,12.1,0.01,2.73,0.98,40.66,76.61,2025-01-16 12:30:00,NORMAL
140,40,234.95,8.25,7.48,0.77,1.76,0.77,61.95,49.35,2025-01-16 12:35:00,NORMAL
104,15,235.3,10.39,9.6,0.79,2.26,0.82,45.84,35.94,2025-01-16 12:40:00,NORMAL
164,47,230.07,9.74,9.97,0.23,2.29,0.79,40.94,31.92,2025-01-16 12:45:00,NORMAL
116,47,231.4,6.26,7.06,0.8,1.63,0.78,31.2,65.17,2025-01-16 12:50:00,NORMAL
121,48,233.41,10.65,11.37,0.72,2.65,0.9,54.06,72.14,2025-01-16 12:55:00,NORMAL
197,33,224.73,8.57,7.78,0.79,1.75,0.75,28.48,52.67,2025-01-16 13:00:00,NORMAL
140,43,234.85,12.1,11.22,0.88,2.64,0.84,26.19,61.73,2025-01-16 13:05:00,NORMAL
192,27,237.8,8.48,8.27,0.21,1.97,0.89,36.1,46.74,2025-01-16 13:10:00,NORMAL
167,29,244.65,10.66,10.3,0.36,2.52,0.74,76.26,51.86,2025-01-16 13:15:00,NORMAL
168,37,233.18,10.22,9.13,1.09,2.13,0.78,43.51,73.79,2025-01-16 13:20:00,LEAKAGE_WARNING
110,5,224.44,6.55,5.34,1.21,1.2,0.99,44.23,73.09,2025-01-16 13:25:00,LEAKAGE_WARNING
155,29,228.97,9.36,8.82,0.54,2.02,0.94,49.78,31.69,2025-01-16 13:30:00,NORMAL
150,32,218.57,10.71,10.52,0.19,2.3,0.9,48.49,86.65,2025-01-16 13:35:00,NORMAL
120,6,237.27,12.05,12.07,0.02,2.86,0.96,41.74,46.14,2025-01-16 13:40:00,NORMAL
198,2,209.4,10.04,9.98,0.06,2.09,0.7,30.48,84.46,2025-01-16 13:45:00,NORMAL
175,6,240.25,11.81,12.0,0.19,2.88,0.7,38.41,60.71,2025-01-16 13:50:00,NORMAL
125,46,241.45,11.07,10.54,0.53,2.54,0.75,41.9,59.95,2025-01-16 13:55:00,NORMAL
118,43,200.69,11.14,11.01,0.13,2.21,0.85,23.77,57.04,2025-01-16 14:00:00,NORMAL
159,4,242.75,11.23,11.44,0.21,2.78,0.87,41.76,85.35,2025-01-16 14:05:00,NORMAL
170,29,240.27,9.45,8.69,0.76,2.09,0.73,47.93,42.49,2025-01-16 14:10:00,NORMAL
146,25,227.1,8.02,7.54,0.48,1.71,0.72,36.96,66.7,2025-01-16 14:15:00,NORMAL
170,9,218.08,13.14,12.81,0.33,2.79,0.95,63.58,49.07,2025-01-16 14:20:00,NORMAL
125,3,221.62,11.54,11.42,0.12,2.53,0.84,49.13,84.91,2025-01-16 14:25:00,NORMAL
139,26,222.41,9.86,9.43,0.43,2.1,1.0,33.57,40.16,2025-01-16 14:30:00,NORMAL
104,48,243.16,11.23,11.2,0.03,2.72,0.77,38.8,70.57,2025-01-16 14:35:00,NORMAL
120,43,225.51,10.79,9.21,1.58,2.08,0.89,63.43,55.31,2025-01-16 14:40:00,LEAKAGE_WARNING
177,27,239.05,8.29,6.95,1.34,1.66,0.94,35.76,69.67,2025-01-16 14:45:00,LEAKAGE_WARNING
103,36,228.76,9.32,9.53,0.21,2.18,0.96,32.97,39.46,2025-01-16 14:50:00,NORMAL
122,32,230.55,12.65,12.58,0.07,2.9,0.79,32.31,53.62,2025-01-16 14:55:00,NORMAL
183,1,214.29,9.99,10.24,0.25,2.19,0.76,46.12,36.44,2025-01-16 15:00:00,NORMAL
114,16,218.53,10.75,11.49,0.74,2.51,0.77,48.3,88.13,2025-01-16 15:05:00,NORMAL
192,48,242.93,12.52,11.47,1.05,2.79,0.9,55.19,42.84,2025-01-16 15:10:00,LEAKAGE_WARNING
107,11,228.44,9.98,9.85,0.13,2.25,0.86,34.1,89.59,2025-01-16 15:15:00,NORMAL
140,26,233.01,8.14,8.49,0.35,1.98,0.88,67.77,55.11,2025-01-16 15:20:00,NORMAL
118,40,248.06,10.23,10.9,0.67,2.7,0.71,52.66,34.29,2025-01-16 15:25:00,NORMAL
145,1,228.72,8.88,8.57,0.31,1.96,0.82,38.75,31.05,2025-01-16 15:30:00,NORMAL
127,26,228.16,7.22,6.84,0.38,1.56,0.79,57.4,65.94,2025-01-16 15:35:00,NORMAL
190,28,242.06,11.61,11.2,0.41,2.71,0.96,73.55,66.88,2025-01-16 15:40:00,NORMAL
167,9,230.12,9.49,8.75,0.74,2.01,0.93,52.29,61.49,2025-01-16 15:45:00,NORMAL
114,44,233.2,4.03,3.38,0.65,0.79,0.83,71.39,33.98,2025-01-16 15:50:00,NORMAL
198,22,239.97,10.51,10.95,0.44,2.63,0.89,29.86,49.89,2025-01-16 15:55:00,NORMAL
136,8,230.0,10.53,10.87,0.34,2.5,0.71,16.07,51.54,2025-01-16 16:00:00,NORMAL
100,49,237.88,13.9,13.21,0.69,3.14,0.89,52.99,72.29,2025-01-16 16:05:00,NORMAL
166,42,228.84,9.99,10.1,0.11,2.31,0.73,62.04,55.13,2025-01-16 16:10:00,NORMAL
123,27,239.81,12.14,12.67,0.53,3.04,0.91,25.1,64.38,2025-01-16 16:15:00,NORMAL
126,39,234.21,11.29,11.78,0.49,2.76,0.87,63.64,47.18,2025-01-16 16:20:00,NORMAL
139,19,227.75,8.82,8.15,0.67,1.86,0.79,38.45,73.56,2025-01-16 16:25:00,NORMAL
162,25,230.74,10.7,10.04,0.66,2.32,0.81,54.14,32.81,2025-01-16 16:30:00,NORMAL
160,38,205.56,9.67,9.41,0.26,1.93,0.73,48.96,89.31,2025-01-16 16:35:00,NORMAL
135,21,241.94,8.62,8.89,0.27,2.15,0.8,51.97,68.49,2025-01-16 16:40:00,NORMAL
197,24,217.45,8.97,8.8,0.17,1.91,0.99,53.5,38.93,2025-01-16 16:45:00,NORMAL
192,24,219.31,8.7,8.58,0.12,1.88,0.85,43.7,73.05,2025-01-16 16:50:00,NORMAL
123,19,225.62,9.98,10.0,0.02,2.26,0.84,38.53,77.19,2025-01-16 16:55:00,NORMAL
123,47,212.07,9.99,9.45,0.54,2.0,0.89,50.17,77.32,2025-01-16 17:00:00,NORMAL
103,2,234.68,8.9,8.94,0.04,2.1,0.85,40.85,46.24,2025-01-16 17:05:00,NORMAL
166,14,233.61,9.58,9.11,0.47,2.13,0.81,34.6,87.52,2025-01-16 17:10:00,NORMAL
133,32,225.13,6.25,5.88,0.37,1.32,0.74,49.77,31.06,2025-01-16 17:15:00,NORMAL
156,42,223.22,7.98,8.5,0.52,1.9,0.89,36.04,52.79,2025-01-16 17:20:00,NORMAL
148,32,223.07,9.42,8.22,1.2,1.83,0.92,42.08,36.25,2025-01-16 17:25:00,LEAKAGE_WARNING
186,28,236.15,13.34,12.85,0.49,3.03,0.98,37.03,53.09,2025-01-16 17:30:00,NORMAL
152,48,214.06,11.27,11.87,0.6,2.54,0.7,68.41,33.43,2025-01-16 17:35:00,NORMAL
122,39,225.91,8.05,8.57,0.52,1.94,0.72,46.58,68.7,2025-01-16 17:40:00,NORMAL
168,40,214.71,13.23,12.24,0.99,2.63,0.97,21.24,33.75,2025-01-16 17:45:00,NORMAL
194,42,237.69,10.0,9.71,0.29,2.31,0.89,63.69,66.95,2025-01-16 17:50:00,NORMAL
152,47,226.64,7.73,7.25,0.48,1.64,0.99,17.81,44.05,2025-01-16 17:55:00,NORMAL
161,40,235.47,9.84,9.45,0.39,2.23,0.83,77.09,40.75,2025-01-16 18:00:00,NORMAL
140,13,242.5,11.97,11.23,0.74,2.72,0.83,45.59,50.82,2025-01-16 18:05:00,NORMAL
156,12,242.66,7.73,6.96,0.77,1.69,0.8,35.64,68.46,2025-01-16 18:10:00,NORMAL
159,8,219.78,7.93,8.17,0.24,1.8,0.74,39.55,64.69,2025-01-16 18:15:00,NORMAL
153,15,233.09,13.61,13.16,0.45,3.07,0.81,21.11,70.83,2025-01-16 18:20:00,NORMAL
169,26,241.21,10.59,11.09,0.5,2.68,0.7,43.45,85.14,2025-01-16 18:25:00,NORMAL
156,12,236.96,9.06,9.4,0.34,2.23,0.85,38.31,42.2,2025-01-16 18:30:00,NORMAL
109,43,237.95,9.79,9.74,0.05,2.32,0.95,44.06,54.8,2025-01-16 18:35:00,NORMAL
139,46,212.17,10.57,11.22,0.65,2.38,0.8,58.5,45.95,2025-01-16 18:40:00,NORMAL
106,27,236.81,9.61,9.8,0.19,2.32,0.73,49.55,65.18,2025-01-16 18:45:00,NORMAL
137,18,222.07,12.7,13.59,0.89,3.02,0.99,27.66,47.0,2025-01-16 18:50:00,NORMAL
184,45,236.65,10.2,10.01,0.19,2.37,0.74,30.15,63.48,2025-01-16 18:55:00,NORMAL
160,36,236.43,11.33,10.31,1.02,2.44,0.86,48.77,79.39,2025-01-16 19:00:00,LEAKAGE_WARNING
183,49,235.9,10.17,9.95,0.22,2.35,0.94,52.35,63.06,2025-01-16 19:05:00,NORMAL
102,27,228.89,9.93,9.71,0.22,2.22,0.78,43.92,80.29,2025-01-16 19:10:00,NORMAL
150,9,243.16,11.79,11.77,0.02,2.86,0.95,53.33,66.68,2025-01-16 19:15:00,NORMAL
185,39,235.1,11.83,11.14,0.69,2.62,0.87,47.14,82.22,2025-01-16 19:20:00,NORMAL
146,1,233.22,6.73,6.56,0.17,1.53,0.8,47.57,85.83,2025-01-16 19:25:00,NORMAL
167,7,220.66,9.96,10.31,0.35,2.28,0.96,57.6,60.47,2025-01-16 19:30:00,NORMAL
191,26,233.96,14.1,13.82,0.28,3.23,0.89,73.83,77.44,2025-01-16 19:35:00,NORMAL
175,7,249.79,9.11,8.13,0.98,2.03,0.88,49.48,58.13,2025-01-16 19:40:00,NORMAL
137,7,216.1,10.91,11.42,0.51,2.47,0.85,91.24,72.31,2025-01-16 19:45:00,OVERHEAT
135,8,237.3,12.49,12.76,0.27,3.03,0.78,47.17,32.25,2025-01-16 19:50:00,NORMAL
140,16,238.56,7.78,7.63,0.15,1.82,0.79,46.92,88.01,2025-01-16 19:55:00,NORMAL
168,3,247.26,9.25,9.23,0.02,2.28,0.73,74.3,83.66,2025-01-16 20:00:00,NORMAL
112,45,237.26,6.86,6.45,0.41,1.53,0.77,42.53,83.6,2025-01-16 20:05:00,NORMAL
186,10,230.11,10.21,10.5,0.29,2.42,0.78,17.84,46.88,2025-01-16 20:10:00,NORMAL
157,7,234.23,10.77,10.83,0.06,2.54,0.72,28.58,46.99,2025-01-16 20:15:00,NORMAL
149,21,227.32,11.29,11.06,0.23,2.51,0.73,58.58,54.16,2025-01-16 20:20:00,NORMAL
129,37,242.19,13.15,12.91,0.24,3.13,0.78,52.32,82.81,2025-01-16 20:25:00,NORMAL
161,31,214.51,10.13,8.63,1.5,1.85,0.9,31.07,81.52,2025-01-16 20:30:00,LEAKAGE_WARNING
124,23,225.12,7.69,7.1,0.59,1.6,0.76,15.63,47.37,2025-01-16 20:35:00,NORMAL
126,27,234.46,8.24,8.81,0.57,2.07,0.86,39.29,62.51,2025-01-16 20:40:00,NORMAL
150,22,241.71,8.48,8.79,0.31,2.12,0.85,62.97,58.51,2025-01-16 20:45:00,NORMAL
177,39,229.86,10.42,10.9,0.48,2.51,0.95,43.3,69.04,2025-01-16 20:50:00,NORMAL
156,27,222.18,14.7,13.69,1.01,3.04,0.88,39.66,42.83,2025-01-16 20:55:00,LEAKAGE_WARNING
146,49,227.89,9.86,10.19,0.33,2.32,0.98,28.51,35.1,2025-01-16 21:00:00,NORMAL
199,4,226.33,12.75,12.26,0.49,2.77,0.89,40.14,31.64,2025-01-16 21:05:00,NORMAL
138,24,226.79,9.77,9.33,0.44,2.12,0.71,52.99,52.89,2025-01-16 21:10:00,NORMAL
115,23,225.65,7.68,8.21,0.53,1.85,0.81,42.13,86.8,2025-01-16 21:15:00,NORMAL
121,48,225.65,8.37,8.38,0.01,1.89,0.91,42.46,71.09,2025-01-16 21:20:00,NORMAL
184,19,212.84,8.54,8.47,0.07,1.8,0.84,61.82,74.95,2025-01-16 21:25:00,NORMAL
153,42,233.0,9.76,10.35,0.59,2.41,0.83,33.31,86.71,2025-01-16 21:30:00,NORMAL
120,3,236.75,10.81,9.72,1.09,2.3,0.9,52.05,55.32,2025-01-16 21:35:00,LEAKAGE_WARNING
171,27,244.98,8.68,8.39,0.29,2.06,0.79,42.64,58.46,2025-01-16 21:40:00,NORMAL
115,3,238.6,11.58,10.58,1.0,2.52,0.97,69.6,51.57,2025-01-16 21:45:00,NORMAL
158,28,238.09,12.09,10.79,1.3,2.57,0.82,57.98,40.88,2025-01-16 21:50:00,LEAKAGE_WARNING
130,17,232.96,9.47,9.19,0.28,2.14,0.89,65.06,75.98,2025-01-16 21:55:00,NORMAL
141,31,212.37,11.84,11.45,0.39,2.43,0.99,54.22,84.4,2025-01-16 22:00:00,NORMAL
173,10,232.8,6.12,6.31,0.19,1.47,0.94,37.64,78.83,2025-01-16 22:05:00,NORMAL
131,49,231.12,5.28,4.41,0.87,1.02,0.86,66.24,32.86,2025-01-16 22:10:00,NORMAL
158,22,240.3,11.67,11.49,0.18,2.76,0.96,50.39,47.95,2025-01-16 22:15:00,NORMAL
133,30,235.67,9.16,9.17,0.01,2.16,0.87,48.37,65.53,2025-01-16 22:20:00,NORMAL
108,49,228.7,14.41,14.59,0.18,3.34,0.83,33.12,49.63,2025-01-16 22:25:00,NORMAL
180,21,249.58,9.81,9.57,0.24,2.39,0.96,56.1,39.01,2025-01-16 22:30:00,NORMAL
110,36,238.48,8.0,7.49,0.51,1.79,0.71,38.6,62.3,2025-01-16 22:35:00,NORMAL
195,23,233.4,13.37,13.07,0.3,3.05,0.82,37.07,61.29,2025-01-16 22:40:00,NORMAL
109,38,234.55,11.31,10.88,0.43,2.55,0.8,49.48,72.59,2025-01-16 22:45:00,NORMAL
185,12,230.61,13.1,13.01,0.09,3.0,0.91,35.72,89.99,2025-01-16 22:50:00,NORMAL
116,25,230.17,8.83,8.38,0.45,1.93,0.7,33.61,68.89,2025-01-16 22:55:00,NORMAL
167,20,208.3,10.73,10.29,0.44,2.14,0.9,30.95,49.01,2025-01-16 23:00:00,NORMAL
147,49,220.85,8.25,7.44,0.81,1.64,0.8,60.43,87.38,2025-01-16 23:05:00,NORMAL
151,49,224.59,6.51,5.91,0.6,1.33,0.73,66.48,64.28,2025-01-16 23:10:00,NORMAL
124,42,234.51,11.48,11.2,0.28,2.63,0.99,73.69,68.74,2025-01-16 23:15:00,NORMAL
120,7,213.48,9.09,8.68,0.41,1.85,0.76,59.02,51.45,2025-01-16 23:20:00,NORMAL
164,29,224.79,8.01,8.39,0.38,1.89,0.8,10.3,57.11,2025-01-16 23:25:00,NORMAL
162,48,223.51,7.22,6.38,0.84,1.43,0.76,49.8,55.12,2025-01-16 23:30:00,NORMAL
188,29,231.17,10.37,10.29,0.08,2.38,0.9,41.3,86.17,2025-01-16 23:35:00,NORMAL
150,13,234.53,10.13,9.99,0.14,2.34,0.93,80.84,78.58,2025-01-16 23:40:00,OVERHEAT
135,3,223.54,9.03,9.07,0.04,2.03,0.96,50.89,35.44,2025-01-16 23:45:00,NORMAL
180,2,224.26,8.65,8.89,0.24,1.99,0.79,32.54,48.83,2025-01-16 23:50:00,NORMAL
187,16,223.2,11.53,11.74,0.21,2.62,0.86,34.11,33.34,2025-01-16 23:55:00,NORMAL
165,30,226.1,5.04,5.38,0.34,1.22,0.9,18.79,61.01,2025-01-17 00:00:00,NORMAL
114,38,229.49,11.26,11.18,0.08,2.57,0.89,43.95,46.77,2025-01-17 00:05:00,NORMAL
195,6,243.15,10.93,10.31,0.62,2.51,0.91,21.44,34.4,2025-01-17 00:10:00,NORMAL
138,45,219.88,7.54,7.35,0.19,1.62,0.93,14.71,76.32,2025-01-17 00:15:00,NORMAL
169,7,247.51,6.13,5.6,0.53,1.39,0.73,31.03,35.47,2025-01-17 00:20:00,NORMAL
100,5,217.66,11.18,10.74,0.44,2.34,0.75,29.63,46.29,2025-01-17 00:25:00,NORMAL
122,7,239.55,7.65,7.67,0.02,1.84,0.92,46.08,76.3,2025-01-17 00:30:00,NORMAL
138,34,225.24,13.15,12.33,0.82,2.78,0.84,50.82,60.69,2025-01-17 00:35:00,NORMAL
156,32,220.89,14.24,13.54,0.7,2.99,0.83,45.06,79.03,2025-01-17 00:40:00,NORMAL
180,49,243.17,10.85,10.24,0.61,2.49,0.84,43.33,54.87,2025-01-17 00:45:00,NORMAL
133,13,230.82,9.8,9.39,0.41,2.17,0.81,50.87,78.89,2025-01-17 00:50:00,NORMAL
140,30,230.43,9.56,9.53,0.03,2.2,0.88,62.3,62.29,2025-01-17 00:55:00,NORMAL
192,25,227.23,6.59,6.56,0.03,1.49,0.8,30.05,35.28,2025-01-17 01:00:00,NORMAL
172,21,224.19,9.43,9.24,0.19,2.07,0.89,49.92,58.29,2025-01-17 01:05:00,NORMAL
112,21,228.23,9.08,8.19,0.89,1.87,0.76,45.38,63.21,2025-01-17 01:10:00,NORMAL
169,28,197.73,8.73,7.97,0.76,1.58,0.93,51.13,66.73,2025-01-17 01:15:00,VOLTAGE_FAULT
105,48,211.46,10.78,11.3,0.52,2.39,0.93,42.12,85.67,2025-01-17 01:20:00,NORMAL
183,20,233.92,10.26,9.93,0.33,2.32,0.87,31.66,41.01,2025-01-17 01:25:00,NORMAL
151,34,241.83,11.57,12.61,1.04,3.05,0.81,42.91,66.36,2025-01-17 01:30:00,LEAKAGE_WARNING
102,5,243.64,9.11,9.13,0.02,2.22,0.7,34.08,75.12,2025-01-17 01:35:00,NORMAL
180,18,220.43,11.21,11.35,0.14,2.5,0.74,30.16,83.4,2025-01-17 01:40:00,NORMAL
162,39,231.93,10.02,9.54,0.48,2.21,0.72,62.79,61.52,2025-01-17 01:45:00,NORMAL
148,43,208.07,11.19,11.53,0.34,2.4,0.7,47.27,42.84,2025-01-17 01:50:00,NORMAL
175,11,226.49,9.84,10.4,0.56,2.36,0.92,15.37,79.06,2025-01-17 01:55:00,NORMAL
146,17,238.24,13.56,13.61,0.05,3.24,0.99,-4.44,84.3,2025-01-17 02:00:00,NORMAL
154,48,229.83,5.12,4.92,0.2,1.13,0.7,42.72,36.38,2025-01-17 02:05:00,NORMAL
163,45,226.68,11.25,11.92,0.67,2.7,0.73,35.51,43.78,2025-01-17 02:10:00,NORMAL
164,22,229.87,11.71,10.94,0.77,2.51,0.96,45.35,82.29,2025-01-17 02:15:00,NORMAL
180,37,242.83,7.47,7.37,0.1,1.79,0.91,48.64,59.06,2025-01-17 02:20:00,NORMAL
166,20,227.55,13.65,13.44,0.21,3.06,0.82,44.81,40.15,2025-01-17 02:25:00,NORMAL
189,48,230.73,10.04,9.29,0.75,2.14,1.0,33.29,68.72,2025-01-17 02:30:00,NORMAL
114,48,245.19,9.75,9.92,0.17,2.43,0.87,59.57,57.5,2025-01-17 02:35:00,NORMAL
199,48,227.72,10.74,9.8,0.94,2.23,0.9,27.53,88.08,2025-01-17 02:40:00,NORMAL
131,46,213.63,11.78,11.58,0.2,2.47,0.9,63.25,43.36,2025-01-17 02:45:00,NORMAL
195,6,243.68,10.26,9.66,0.6,2.35,0.77,53.74,51.73,2025-01-17 02:50:00,NORMAL
167,34,240.16,10.2,9.78,0.42,2.35,0.85,35.14,39.97,2025-01-17 02:55:00,NORMAL
117,14,207.83,11.68,11.14,0.54,2.32,0.76,51.6,32.98,2025-01-17 03:00:00,NORMAL
182,48,228.7,11.94,11.7,0.24,2.68,0.85,39.65,46.43,2025-01-17 03:05:00,NORMAL
142,23,229.78,10.67,10.7,0.03,2.46,0.71,65.5,79.19,2025-01-17 03:10:00,NORMAL
134,20,243.69,6.9,5.73,1.17,1.4,0.81,35.46,46.03,2025-01-17 03:15:00,LEAKAGE_WARNING
177,13,229.86,7.96,7.77,0.19,1.79,0.81,57.07,71.78,2025-01-17 03:20:00,NORMAL
157,47,231.66,12.17,12.52,0.35,2.9,0.79,26.0,61.56,2025-01-17 03:25:00,NORMAL
132,44,231.97,9.44,8.51,0.93,1.97,0.72,50.07,61.18,2025-01-17 03:30:00,NORMAL
113,41,225.34,8.8,8.76,0.04,1.97,0.93,49.48,76.89,2025-01-17 03:35:00,NORMAL
133,32,242.97,10.88,11.54,0.66,2.8,0.83,54.53,67.07,2025-01-17 03:40:00,NORMAL
160,26,222.08,10.63,10.84,0.21,2.41,0.94,52.4,39.59,2025-01-17 03:45:00,NORMAL
103,14,225.15,9.56,10.34,0.78,2.33,0.95,40.43,43.25,2025-01-17 03:50:00,NORMAL
187,36,229.94,11.49,11.68,0.19,2.69,0.76,15.9,62.63,2025-01-17 03:55:00,NORMAL
158,8,216.62,7.46,6.38,1.08,1.38,0.83,24.86,80.72,2025-01-17 04:00:00,LEAKAGE_WARNING
128,40,247.65,6.54,6.11,0.43,1.51,0.92,14.04,39.14,2025-01-17 04:05:00,NORMAL
182,22,229.99,13.01,12.81,0.2,2.95,0.85,40.97,36.41,2025-01-17 04:10:00,NORMAL
105,22,238.25,7.75,7.84,0.09,1.87,0.96,61.99,61.05,2025-01-17 04:15:00,NORMAL
196,16,220.43,7.05,6.92,0.13,1.53,0.87,33.89,41.32,2025-01-17 04:20:00,NORMAL
148,27,237.12,9.35,8.59,0.76,2.04,0.89,39.06,89.65,2025-01-17 04:25:00,NORMAL
139,10,237.97,9.94,10.65,0.71,2.53,0.94,36.12,30.26,2025-01-17 04:30:00,NORMAL
182,25,239.41,9.04,7.37,1.67,1.76,0.74,48.73,56.93,2025-01-17 04:35:00,LEAKAGE_WARNING
164,31,249.05,9.54,9.78,0.24,2.44,0.88,47.6,39.75,2025-01-17 04:40:00,NORMAL
168,21,224.42,7.16,7.08,0.08,1.59,0.73,38.71,70.86,2025-01-17 04:45:00,NORMAL
126,27,228.13,11.43,11.31,0.12,2.58,0.78,30.44,67.81,2025-01-17 04:50:00,NORMAL
179,17,221.55,6.94,6.83,0.11,1.51,0.76,54.4,78.42,2025-01-17 04:55:00,NORMAL
105,33,229.04,10.05,10.19,0.14,2.33,0.87,61.43,63.8,2025-01-17 05:00:00,NORMAL
112,31,236.64,10.47,9.83,0.64,2.33,0.95,57.04,41.36,2025-01-17 05:05:00,NORMAL
163,42,236.1,11.3,10.53,0.77,2.49,0.74,27.81,33.2,2025-01-17 05:10:00,NORMAL
161,26,246.41,10.45,9.77,0.68,2.41,0.93,10.86,73.33,2025-01-17 05:15:00,NORMAL
198,21,234.9,7.82,7.58,0.24,1.78,0.74,41.42,56.4,2025-01-17 05:20:00,NORMAL
118,36,230.01,9.18,9.27,0.09,2.13,0.76,65.65,43.33,2025-01-17 05:25:00,NORMAL
175,1,219.08,8.59,8.48,0.11,1.86,0.98,15.14,45.11,2025-01-17 05:30:00,NORMAL
179,4,238.66,6.85,6.69,0.16,1.6,0.7,38.83,38.94,2025-01-17 05:35:00,NORMAL
142,4,228.44,10.87,11.16,0.29,2.55,0.76,69.14,47.01,2025-01-17 05:40:00,NORMAL
173,26,238.89,8.49,8.2,0.29,1.96,0.76,59.71,77.52,2025-01-17 05:45:00,NORMAL
188,4,225.75,10.3,9.2,1.1,2.08,0.78,48.47,67.24,2025-01-17 05:50:00,LEAKAGE_WARNING
119,49,242.01,9.78,9.66,0.12,2.34,0.81,27.1,89.24,2025-01-17 05:55:00,NORMAL
194,9,233.86,7.73,7.28,0.45,1.7,0.73,67.38,61.46,2025-01-17 06:00:00,NORMAL
167,30,239.92,7.59,7.72,0.13,1.85,0.84,42.21,61.29,2025-01-17 06:05:00,NORMAL
143,45,233.86,9.33,8.69,0.64,2.03,0.82,11.27,41.48,2025-01-17 06:10:00,NORMAL
122,4,220.75,7.37,7.5,0.13,1.66,0.89,66.69,65.19,2025-01-17 06:15:00,NORMAL
101,5,226.35,11.98,11.99,0.01,2.71,0.96,29.44,66.5,2025-01-17 06:20:00,NORMAL
121,45,217.2,12.69,12.23,0.46,2.66,0.79,92.72,42.39,2025-01-17 06:25:00,OVERHEAT
156,23,231.85,11.57,11.87,0.3,2.75,0.86,42.25,35.28,2025-01-17 06:30:00,NORMAL
171,16,215.37,10.7,10.28,0.42,2.21,0.81,51.35,52.13,2025-01-17 06:35:00,NORMAL
106,22,232.94,10.12,9.39,0.73,2.19,0.71,46.4,40.33,2025-01-17 06:40:00,NORMAL
177,37,193.8,7.9,7.62,0.28,1.48,0.95,41.01,60.19,2025-01-17 06:45:00,VOLTAGE_FAULT
155,8,238.1,11.66,11.03,0.63,2.63,0.89,56.9,61.57,2025-01-17 06:50:00,NORMAL
166,48,218.96,12.74,13.19,0.45,2.89,0.7,48.01,66.49,2025-01-17 06:55:00,NORMAL
115,33,220.46,9.32,8.9,0.42,1.96,0.77,45.91,66.17,2025-01-17 07:00:00,NORMAL
182,38,243.72,9.93,9.96,0.03,2.43,0.79,29.55,70.49,2025-01-17 07:05:00,NORMAL
150,43,233.2,8.38,7.99,0.39,1.86,0.94,42.76,43.83,2025-01-17 07:10:00,NORMAL
181,16,238.46,9.34,8.35,0.99,1.99,0.93,27.37,73.85,2025-01-17 07:15:00,NORMAL
179,5,219.95,7.48,8.77,1.29,1.93,0.82,51.08,61.49,2025-01-17 07:20:00,LEAKAGE_WARNING
171,16,239.62,9.42,9.53,0.11,2.28,0.75,50.1,56.24,2025-01-17 07:25:00,NORMAL
196,7,228.63,10.87,11.82,0.95,2.7,0.82,47.65,68.87,2025-01-17 07:30:00,NORMAL
111,1,231.18,10.65,11.07,0.42,2.56,0.94,63.64,60.08,2025-01-17 07:35:00,NORMAL
152,9,244.9,10.5,10.54,0.04,2.58,0.84,57.04,61.54,2025-01-17 07:40:00,NORMAL
174,18,218.37,5.12,4.49,0.63,0.98,0.73,76.28,31.39,2025-01-17 07:45:00,NORMAL
104,45,239.13,10.1,9.5,0.6,2.27,0.71,59.77,78.12,2025-01-17 07:50:00,NORMAL
126,47,233.85,11.23,10.64,0.59,2.49,0.8,47.35,55.45,2025-01-17 07:55:00,NORMAL
111,3,227.87,9.98,9.5,0.48,2.16,0.74,40.54,61.08,2025-01-17 08:00:00,NORMAL
116,24,219.06,12.27,12.74,0.47,2.79,0.92,23.82,53.39,2025-01-17 08:05:00,NORMAL
105,28,227.76,9.8,9.2,0.6,2.1,0.78,65.63,63.09,2025-01-17 08:10:00,NORMAL
196,10,221.82,10.79,10.93,0.14,2.42,0.96,53.56,33.24,2025-01-17 08:15:00,NORMAL
104,9,241.87,7.99,7.57,0.42,1.83,0.89,38.21,53.03,2025-01-17 08:20:00,NORMAL
156,13,230.92,11.17,11.43,0.26,2.64,0.82,49.65,70.12,2025-01-17 08:25:00,NORMAL
127,48,223.23,11.57,11.46,0.11,2.56,0.88,47.03,86.31,2025-01-17 08:30:00,NORMAL
177,35,215.62,8.57,8.4,0.17,1.81,0.79,43.63,80.95,2025-01-17 08:35:00,NORMAL
168,23,225.37,7.14,6.77,0.37,1.53,0.74,58.88,87.77,2025-01-17 08:40:00,NORMAL
158,47,242.36,9.1,9.32,0.22,2.26,0.99,21.77,76.89,2025-01-17 08:45:00,NORMAL
132,17,231.11,8.0,7.47,0.53,1.73,0.87,57.79,67.96,2025-01-17 08:50:00,NORMAL
161,46,228.2,11.2,11.66,0.46,2.66,0.7,64.78,55.4,2025-01-17 08:55:00,NORMAL
149,7,246.99,9.02,7.97,1.05,1.97,0.79,28.31,37.39,2025-01-17 09:00:00,LEAKAGE_WARNING
118,16,225.85,11.44,11.62,0.18,2.62,0.75,15.64,45.05,2025-01-17 09:05:00,NORMAL
185,40,221.92,6.87,7.65,0.78,1.7,0.78,51.98,46.27,2025-01-17 09:10:00,NORMAL
168,36,234.04,8.34,8.18,0.16,1.91,0.72,59.49,55.67,2025-01-17 09:15:00,NORMAL
165,20,234.2,8.47,8.48,0.01,1.99,0.77,31.79,66.59,2025-01-17 09:20:00,NORMAL
193,24,224.13,10.55,10.81,0.26,2.42,0.9,24.02,67.12,2025-01-17 09:25:00,NORMAL
146,47,222.02,5.85,4.98,0.87,1.11,0.95,16.79,57.33,2025-01-17 09:30:00,NORMAL
138,5,244.47,9.45,8.87,0.58,2.17,0.8,61.25,46.48,2025-01-17 09:35:00,NORMAL
167,45,225.67,9.27,8.84,0.43,1.99,0.86,43.43,33.39,2025-01-17 09:40:00,NORMAL
132,6,215.48,10.72,11.0,0.28,2.37,0.71,64.55,89.33,2025-01-17 09:45:00,NORMAL
112,28,231.93,10.1,10.16,0.06,2.36,0.73,3.35,86.37,2025-01-17 09:50:00,NORMAL
183,5,238.95,8.09,8.2,0.11,1.96,0.87,46.25,40.98,2025-01-17 09:55:00,NORMAL
153,49,228.09,5.48,6.19,0.71,1.41,0.95,61.71,66.32,2025-01-17 10:00:00,NORMAL
106,39,235.37,8.46,8.12,0.34,1.91,0.73,30.91,47.74,2025-01-17 10:05:00,NORMAL
178,38,219.53,7.47,7.1,0.37,1.56,0.83,56.09,41.67,2025-01-17 10:10:00,NORMAL
186,2,236.28,7.58,7.32,0.26,1.73,0.99,29.18,71.06,2025-01-17 10:15:00,NORMAL
113,43,220.45,8.53,8.22,0.31,1.81,0.92,30.78,77.17,2025-01-17 10:20:00,NORMAL
186,39,233.05,11.64,12.01,0.37,2.8,0.76,46.06,54.4,2025-01-17 10:25:00,NORMAL
118,21,237.68,7.46,7.71,0.25,1.83,0.79,35.92,33.54,2025-01-17 10:30:00,NORMAL
153,40,230.99,6.29,6.25,0.04,1.44,0.98,65.55,54.09,2025-01-17 10:35:00,NORMAL
192,37,217.65,8.84,7.95,0.89,1.73,0.77,45.13,61.93,2025-01-17 10:40:00,NORMAL
119,18,218.08,9.44,8.66,0.78,1.89,0.83,66.1,83.59,2025-01-17 10:45:00,NORMAL
128,48,245.93,9.31,8.85,0.46,2.18,0.81,55.1,69.41,2025-01-17 10:50:00,NORMAL
123,46,222.32,8.68,7.47,1.21,1.66,0.85,31.33,72.63,2025-01-17 10:55:00,LEAKAGE_WARNING
181,12,237.65,9.51,9.06,0.45,2.15,0.77,48.34,42.16,2025-01-17 11:00:00,NORMAL
162,17,231.18,10.43,9.91,0.52,2.29,0.9,32.5,73.22,2025-01-17 11:05:00,NORMAL
173,37,219.96,8.26,7.32,0.94,1.61,0.77,62.31,60.11,2025-01-17 11:10:00,NORMAL
156,46,224.67,12.0,11.45,0.55,2.57,0.88,66.86,79.22,2025-01-17 11:15:00,NORMAL
107,38,247.0,9.63,8.61,1.02,2.13,0.81,19.07,42.98,2025-01-17 11:20:00,LEAKAGE_WARNING
189,15,264.9,11.96,11.75,0.21,3.11,0.78,53.49,60.89,2025-01-17 11:25:00,VOLTAGE_FAULT
161,7,226.83,10.53,10.65,0.12,2.42,0.91,63.16,42.57,2025-01-17 11:30:00,NORMAL
128,14,226.14,7.48,7.33,0.15,1.66,0.99,58.4,47.15,2025-01-17 11:35:00,NORMAL
173,1,213.62,6.09,5.77,0.32,1.23,0.96,43.45,79.93,2025-01-17 11:40:00,NORMAL
116,38,213.5,12.13,12.38,0.25,2.64,0.73,86.17,71.27,2025-01-17 11:45:00,OVERHEAT
165,3,221.43,8.18,8.34,0.16,1.85,0.84,48.54,73.71,2025-01-17 11:50:00,NORMAL
105,37,225.55,9.81,9.82,0.01,2.21,0.91,22.75,34.11,2025-01-17 11:55:00,NORMAL
157,44,229.75,8.79,9.14,0.35,2.1,0.87,55.4,73.73,2025-01-17 12:00:00,NORMAL
168,31,236.9,12.68,12.77,0.09,3.03,0.92,61.39,59.48,2025-01-17 12:05:00,NORMAL
127,43,232.21,9.85,9.28,0.57,2.15,0.99,53.87,57.55,2025-01-17 12:10:00,NORMAL
161,13,237.07,7.24,6.64,0.6,1.57,0.8,48.09,54.76,2025-01-17 12:15:00,NORMAL
140,48,223.86,9.47,9.97,0.5,2.23,0.93,24.15,81.11,2025-01-17 12:20:00,NORMAL
168,18,229.29,12.25,11.9,0.35,2.73,0.73,20.21,40.65,2025-01-17 12:25:00,NORMAL
181,17,226.36,8.26,8.09,0.17,1.83,0.96,30.47,78.85,2025-01-17 12:30:00,NORMAL
189,17,217.33,6.88,6.15,0.73,1.34,0.93,8.9,85.7,2025-01-17 12:35:00,NORMAL
183,11,210.26,11.46,11.39,0.07,2.39,0.86,67.94,40.09,2025-01-17 12:40:00,NORMAL
140,20,223.31,8.04,8.46,0.42,1.89,0.95,46.06,89.98,2025-01-17 12:45:00,NORMAL
148,10,205.19,6.6,6.64,0.04,1.36,0.9,39.96,89.43,2025-01-17 12:50:00,NORMAL
190,29,218.67,8.11,8.51,0.4,1.86,0.87,23.43,67.28,2025-01-17 12:55:00,NORMAL
148,48,235.45,10.44,11.37,0.93,2.68,0.98,25.73,46.11,2025-01-17 13:00:00,NORMAL
175,34,231.8,10.77,10.6,0.17,2.46,0.74,45.3,55.78,2025-01-17 13:05:00,NORMAL
170,17,230.21,10.69,10.23,0.46,2.36,1.0,40.66,40.22,2025-01-17 13:10:00,NORMAL
102,42,241.81,7.84,7.55,0.29,1.83,0.75,46.98,37.21,2025-01-17 13:15:00,NORMAL
109,13,222.72,11.69,12.13,0.44,2.7,0.84,25.07,72.24,2025-01-17 13:20:00,NORMAL
197,44,236.82,11.37,11.85,0.48,2.81,0.77,50.75,64.79,2025-01-17 13:25:00,NORMAL
188,47,221.93,10.87,10.56,0.31,2.34,0.78,64.21,63.81,2025-01-17 13:30:00,NORMAL
134,39,232.77,7.79,6.74,1.05,1.57,0.89,40.71,44.87,2025-01-17 13:35:00,LEAKAGE_WARNING
179,27,231.54,8.7,7.85,0.85,1.82,0.71,56.76,44.09,2025-01-17 13:40:00,NORMAL
101,26,232.08,10.56,10.51,0.05,2.44,0.98,42.39,89.38,2025-01-17 13:45:00,NORMAL
123,28,226.13,11.09,10.78,0.31,2.44,0.78,39.23,67.73,2025-01-17 13:50:00,NORMAL
173,13,233.19,7.91,7.25,0.66,1.69,0.78,51.44,79.17,2025-01-17 13:55:00,NORMAL
137,12,233.98,13.44,13.31,0.13,3.11,0.96,38.0,52.71,2025-01-17 14:00:00,NORMAL
121,44,215.69,9.66,10.13,0.47,2.18,0.93,35.59,80.62,2025-01-17 14:05:00,NORMAL
125,28,238.48,11.83,13.04,1.21,3.11,0.9,61.23,73.34,2025-01-17 14:10:00,LEAKAGE_WARNING
142,2,217.64,7.45,7.16,0.29,1.56,0.74,17.72,51.01,2025-01-17 14:15:00,NORMAL
154,37,221.23,10.35,10.25,0.1,2.27,0.93,46.35,73.06,2025-01-17 14:20:00,NORMAL
138,34,232.42,7.41,8.06,0.65,1.87,0.81,29.14,85.54,2025-01-17 14:25:00,NORMAL
190,23,235.98,10.24,10.75,0.51,2.54,1.0,72.1,42.82,2025-01-17 14:30:00,NORMAL
128,45,232.2,10.86,10.79,0.07,2.51,0.9,58.6,62.86,2025-01-17 14:35:00,NORMAL
119,29,233.26,10.98,11.05,0.07,2.58,0.95,64.18,88.0,2025-01-17 14:40:00,NORMAL
190,35,218.63,8.46,7.54,0.92,1.65,0.92,47.95,79.28,2025-01-17 14:45:00,NORMAL
140,11,224.76,6.3,5.39,0.91,1.21,0.88,54.47,67.22,2025-01-17 14:50:00,NORMAL
153,48,209.5,10.58,10.8,0.22,2.26,0.91,48.16,34.19,2025-01-17 14:55:00,NORMAL
119,33,220.81,9.14,8.19,0.95,1.81,0.88,36.55,54.38,2025-01-17 15:00:00,NORMAL
118,11,216.58,9.14,8.13,1.01,1.76,0.72,71.57,69.05,2025-01-17 15:05:00,LEAKAGE_WARNING
183,9,230.13,8.1,7.75,0.35,1.78,0.8,55.55,54.58,2025-01-17 15:10:00,NORMAL
198,14,253.56,9.83,10.1,0.27,2.56,0.79,32.64,89.83,2025-01-17 15:15:00,NORMAL
165,9,237.6,9.93,9.67,0.26,2.3,0.91,21.52,75.2,2025-01-17 15:20:00,NORMAL
129,39,207.55,12.05,12.91,0.86,2.68,0.87,29.75,41.22,2025-01-17 15:25:00,NORMAL
152,48,214.82,5.91,6.0,0.09,1.29,0.88,45.84,59.42,2025-01-17 15:30:00,NORMAL
133,3,217.01,7.29,6.96,0.33,1.51,0.95,35.23,53.04,2025-01-17 15:35:00,NORMAL
121,29,212.45,10.86,10.47,0.39,2.22,0.86,59.0,65.63,2025-01-17 15:40:00,NORMAL
166,19,227.18,5.54,5.56,0.02,1.26,0.77,49.18,56.79,2025-01-17 15:45:00,NORMAL
105,36,232.29,8.49,8.25,0.24,1.92,0.7,41.26,44.27,2025-01-17 15:50:00,NORMAL
178,32,217.07,14.69,15.0,0.31,3.26,0.75,45.02,73.46,2025-01-17 15:55:00,NORMAL
126,7,227.77,9.38,8.48,0.9,1.93,0.71,43.15,36.4,2025-01-17 16:00:00,NORMAL
109,28,232.2,11.34,10.42,0.92,2.42,0.77,41.49,61.93,2025-01-17 16:05:00,NORMAL
172,44,236.99,6.58,6.02,0.56,1.43,0.89,50.78,48.61,2025-01-17 16:10:00,NORMAL
196,18,231.56,11.34,11.27,0.07,2.61,0.75,37.29,87.99,2025-01-17 16:15:00,NORMAL
195,5,233.3,9.19,9.4,0.21,2.19,0.72,27.49,48.21,2025-01-17 16:20:00,NORMAL
147,23,229.63,10.52,9.9,0.62,2.27,0.99,56.22,50.46,2025-01-17 16:25:00,NORMAL
169,22,219.86,11.05,10.76,0.29,2.37,1.0,33.07,72.43,2025-01-17 16:30:00,NORMAL
158,26,222.04,8.91,9.21,0.3,2.04,0.89,63.61,37.71,2025-01-17 16:35:00,NORMAL
199,42,216.77,10.91,10.18,0.73,2.21,0.73,42.53,49.48,2025-01-17 16:40:00,NORMAL
158,12,244.99,7.7,7.72,0.02,1.89,0.95,38.3,71.75,2025-01-17 16:45:00,NORMAL
101,40,215.31,10.05,10.28,0.23,2.21,0.86,30.98,31.85,2025-01-17 16:50:00,NORMAL
128,19,239.52,10.98,10.31,0.67,2.47,0.75,40.36,48.66,2025-01-17 16:55:00,NORMAL
167,47,215.41,8.86,9.05,0.19,1.95,0.87,50.25,30.5,2025-01-17 17:00:00,NORMAL
164,1,237.67,8.01,7.75,0.26,1.84,0.71,33.16,39.01,2025-01-17 17:05:00,NORMAL
182,3,239.72,9.03,8.19,0.84,1.96,0.99,56.05,66.25,2025-01-17 17:10:00,NORMAL
125,27,241.52,12.12,11.33,0.79,2.74,0.95,28.4,57.4,2025-01-17 17:15:00,NORMAL
188,18,219.59,11.81,11.44,0.37,2.51,0.78,58.72,39.36,2025-01-17 17:20:00,NORMAL
109,30,231.64,11.46,11.85,0.39,2.74,0.83,46.65,34.68,2025-01-17 17:25:00,NORMAL
152,2,223.99,13.02,13.07,0.05,2.93,0.82,38.25,33.38,2025-01-17 17:30:00,NORMAL
178,5,221.13,10.01,8.6,1.41,1.9,0.96,50.76,35.12,2025-01-17 17:35:00,LEAKAGE_WARNING
158,29,230.44,10.35,9.68,0.67,2.23,0.81,69.04,35.76,2025-01-17 17:40:00,NORMAL
121,33,238.14,6.01,5.93,0.08,1.41,0.71,62.3,35.18,2025-01-17 17:45:00,NORMAL
150,42,224.05,8.18,8.61,0.43,1.93,0.76,50.47,33.3,2025-01-17 17:50:00,NORMAL
147,20,233.29,11.02,11.77,0.75,2.75,0.76,59.04,71.82,2025-01-17 17:55:00,NORMAL
120,30,220.92,11.74,10.93,0.81,2.41,0.98,38.65,86.48,2025-01-17 18:00:00,NORMAL
121,42,219.57,7.41,6.59,0.82,1.45,0.98,35.55,81.36,2025-01-17 18:05:00,NORMAL
199,5,226.76,9.81,9.63,0.18,2.18,0.79,55.68,45.95,2025-01-17 18:10:00,NORMAL
197,21,227.36,14.32,14.33,0.01,3.26,0.7,48.57,42.26,2025-01-17 18:15:00,NORMAL
129,15,236.68,9.82,9.05,0.77,2.14,0.86,40.65,32.87,2025-01-17 18:20:00,NORMAL
124,20,217.48,12.89,13.43,0.54,2.92,0.94,57.1,39.36,2025-01-17 18:25:00,NORMAL
127,8,251.59,10.69,9.49,1.2,2.39,0.78,45.66,64.07,2025-01-17 18:30:00,LEAKAGE_WARNING
164,49,212.08,11.12,10.55,0.57,2.24,0.83,64.27,89.89,2025-01-17 18:35:00,NORMAL
144,31,232.28,8.18,8.61,0.43,2.0,0.75,13.28,81.54,2025-01-17 18:40:00,NORMAL
167,12,227.15,6.78,6.19,0.59,1.41,0.8,37.41,60.9,2025-01-17 18:45:00,NORMAL
106,21,223.52,11.44,11.58,0.14,2.59,0.93,58.85,55.41,2025-01-17 18:50:00,NORMAL
148,30,228.25,10.61,11.08,0.47,2.53,0.83,69.79,38.87,2025-01-17 18:55:00,NORMAL
108,27,236.72,10.12,9.53,0.59,2.26,0.83,64.91,55.12,2025-01-17 19:00:00,NORMAL
135,44,238.28,7.35,7.7,0.35,1.83,0.94,35.51,65.69,2025-01-17 19:05:00,NORMAL
182,26,227.82,9.29,9.76,0.47,2.22,0.93,64.01,65.73,2025-01-17 19:10:00,NORMAL
100,33,233.32,8.77,8.33,0.44,1.94,0.76,17.82,63.45,2025-01-17 19:15:00,NORMAL
109,26,216.7,8.96,8.81,0.15,1.91,0.82,31.2,79.44,2025-01-17 19:20:00,NORMAL
135,26,228.16,10.46,9.75,0.71,2.22,0.95,41.12,60.61,2025-01-17 19:25:00,NORMAL
172,36,233.94,11.41,11.36,0.05,2.66,0.84,51.81,58.37,2025-01-17 19:30:00,NORMAL
145,40,207.17,10.57,10.57,0.0,2.19,0.9,30.28,48.35,2025-01-17 19:35:00,NORMAL
131,1,230.81,10.39,11.21,0.82,2.59,0.79,42.93,40.81,2025-01-17 19:40:00,NORMAL
131,15,228.32,10.23,9.78,0.45,2.23,0.72,65.44,30.08,2025-01-17 19:45:00,NORMAL
105,1,242.7,9.65,9.46,0.19,2.3,0.75,27.38,49.33,2025-01-17 19:50:00,NORMAL
147,11,231.67,8.34,7.55,0.79,1.75,0.82,26.2,67.98,2025-01-17 19:55:00,NORMAL
137,2,234.8,10.09,9.51,0.58,2.23,0.81,33.15,63.53,2025-01-17 20:00:00,NORMAL
116,1,227.28,11.49,11.12,0.37,2.53,0.97,80.82,61.83,2025-01-17 20:05:00,OVERHEAT
173,31,236.32,9.77,9.94,0.17,2.35,0.86,51.29,76.34,2025-01-17 20:10:00,NORMAL
126,44,235.62,8.16,8.17,0.01,1.93,0.89,32.13,43.97,2025-01-17 20:15:00,NORMAL
153,16,216.93,7.61,7.14,0.47,1.55,0.91,58.79,70.71,2025-01-17 20:20:00,NORMAL
149,22,233.11,8.09,7.92,0.17,1.85,0.86,17.46,66.43,2025-01-17 20:25:00,NORMAL
134,42,241.82,7.71,6.8,0.91,1.64,0.93,43.04,50.34,2025-01-17 20:30:00,NORMAL
184,18,239.84,15.78,14.92,0.86,3.58,0.93,47.02,43.11,2025-01-17 20:35:00,NORMAL
124,47,230.27,8.24,8.17,0.07,1.88,0.81,61.68,63.76,2025-01-17 20:40:00,NORMAL
127,17,233.22,9.92,9.67,0.25,2.26,0.73,23.4,86.71,2025-01-17 20:45:00,NORMAL
114,30,239.15,9.83,10.03,0.2,2.4,1.0,64.26,34.58,2025-01-17 20:50:00,NORMAL
103,10,218.61,12.83,12.68,0.15,2.77,0.89,60.39,87.18,2025-01-17 20:55:00,NORMAL
192,35,234.74,10.86,10.19,0.67,2.39,0.91,65.04,57.89,2025-01-17 21:00:00,NORMAL
172,21,210.29,10.85,10.92,0.07,2.3,0.93,26.99,72.6,2025-01-17 21:05:00,NORMAL
126,16,238.62,10.35,10.33,0.02,2.46,0.88,71.02,78.19,2025-01-17 21:10:00,NORMAL
125,6,226.15,10.55,10.93,0.38,2.47,0.84,16.78,39.09,2025-01-17 21:15:00,NORMAL
118,3,229.14,10.64,10.72,0.08,2.46,1.0,26.22,32.7,2025-01-17 21:20:00,NORMAL
191,41,224.45,8.75,8.24,0.51,1.85,0.92,47.67,37.71,2025-01-17 21:25:00,NORMAL
116,43,229.59,8.17,8.09,0.08,1.86,0.95,39.33,50.46,2025-01-17 21:30:00,NORMAL
142,21,232.55,10.12,10.5,0.38,2.44,0.83,24.89,87.39,2025-01-17 21:35:00,NORMAL
140,13,237.54,8.93,8.62,0.31,2.05,0.97,80.45,32.57,2025-01-17 21:40:00,OVERHEAT
141,18,243.0,10.37,10.2,0.17,2.48,0.92,19.55,85.19,2025-01-17 21:45:00,NORMAL
149,24,230.49,7.84,7.08,0.76,1.63,0.92,18.96,63.68,2025-01-17 21:50:00,NORMAL
183,27,213.38,7.05,6.92,0.13,1.48,0.73,49.88,36.14,2025-01-17 21:55:00,NORMAL
139,4,243.06,7.44,7.74,0.3,1.88,0.89,44.18,39.16,2025-01-17 22:00:00,NORMAL
138,22,215.28,9.85,9.17,0.68,1.97,0.8,23.06,71.36,2025-01-17 22:05:00,NORMAL
122,24,225.78,6.77,7.05,0.28,1.59,0.9,77.7,66.51,2025-01-17 22:10:00,NORMAL
195,40,225.1,13.9,14.35,0.45,3.23,0.87,46.55,40.05,2025-01-17 22:15:00,NORMAL
151,45,230.12,13.9,14.22,0.32,3.27,0.73,36.46,84.26,2025-01-17 22:20:00,NORMAL
146,10,217.37,11.77,11.88,0.11,2.58,0.86,44.99,37.97,2025-01-17 22:25:00,NORMAL
162,2,216.88,9.26,10.01,0.75,2.17,0.84,21.41,60.69,2025-01-17 22:30:00,NORMAL
196,40,229.78,9.03,9.69,0.66,2.23,0.93,61.32,61.7,2025-01-17 22:35:00,NORMAL
168,6,222.02,10.59,10.0,0.59,2.22,0.85,48.91,82.23,2025-01-17 22:40:00,NORMAL
142,48,243.46,11.19,11.08,0.11,2.7,0.84,41.27,31.33,2025-01-17 22:45:00,NORMAL
147,18,224.49,10.59,10.47,0.12,2.35,0.92,44.98,38.19,2025-01-17 22:50:00,NORMAL
133,17,219.72,7.38,7.21,0.17,1.58,0.9,31.68,40.24,2025-01-17 22:55:00,NORMAL
139,38,246.72,9.62,9.14,0.48,2.26,1.0,62.04,33.77,2025-01-17 23:00:00,NORMAL
174,45,234.7,11.07,11.28,0.21,2.65,0.81,35.2,67.89,2025-01-17 23:05:00,NORMAL
160,23,257.17,5.28,4.8,0.48,1.23,0.91,36.66,43.78,2025-01-17 23:10:00,NORMAL
149,46,210.78,7.79,7.53,0.26,1.59,0.75,47.98,64.6,2025-01-17 23:15:00,NORMAL
166,30,232.08,11.05,11.33,0.28,2.63,0.94,14.91,76.96,2025-01-17 23:20:00,NORMAL
161,21,234.86,9.38,8.88,0.5,2.09,0.94,53.26,54.51,2025-01-17 23:25:00,NORMAL
157,10,230.28,9.38,9.15,0.23,2.11,0.92,44.58,76.13,2025-01-17 23:30:00,NORMAL
132,43,226.38,12.22,12.54,0.32,2.84,0.74,52.98,76.67,2025-01-17 23:35:00,NORMAL
174,13,242.46,9.89,10.18,0.29,2.47,1.0,41.38,45.81,2025-01-17 23:40:00,NORMAL
115,12,234.66,9.05,8.61,0.44,2.02,0.98,32.37,30.94,2025-01-17 23:45:00,NORMAL
181,9,213.11,9.38,8.67,0.71,1.85,0.81,46.72,36.2,2025-01-17 23:50:00,NORMAL
193,4,221.31,9.45,9.11,0.34,2.02,0.87,59.89,79.41,2025-01-17 23:55:00,NORMAL
147,39,218.36,8.33,7.69,0.64,1.68,0.97,36.69,54.32,2025-01-18 00:00:00,NORMAL
109,24,228.79,9.55,8.73,0.82,2.0,0.85,57.45,80.35,2025-01-18 00:05:00,NORMAL
181,34,239.49,7.72,7.63,0.09,1.83,0.88,40.52,62.85,2025-01-18 00:10:00,NORMAL
137,39,226.21,9.33,9.05,0.28,2.05,0.88,38.15,41.84,2025-01-18 00:15:00,NORMAL
118,41,227.47,8.97,8.44,0.53,1.92,0.89,58.28,72.73,2025-01-18 00:20:00,NORMAL
135,5,220.21,10.46,10.83,0.37,2.38,0.87,50.2,63.49,2025-01-18 00:25:00,NORMAL
158,15,237.61,13.03,12.31,0.72,2.92,0.82,24.46,51.11,2025-01-18 00:30:00,NORMAL
162,4,242.33,10.52,9.64,0.88,2.34,0.86,41.98,35.26,2025-01-18 00:35:00,NORMAL
176,39,229.68,10.21,10.38,0.17,2.38,0.96,27.57,36.14,2025-01-18 00:40:00,NORMAL
145,8,245.8,10.47,8.84,1.63,2.17,0.96,52.91,41.31,2025-01-18 00:45:00,LEAKAGE_WARNING
102,49,224.56,8.27,7.67,0.6,1.72,0.93,31.35,70.38,2025-01-18 00:50:00,NORMAL
173,45,216.03,11.4,11.28,0.12,2.44,0.82,47.41,73.68,2025-01-18 00:55:00,NORMAL
164,24,238.04,10.81,11.65,0.84,2.77,0.94,52.79,67.85,2025-01-18 01:00:00,NORMAL
190,28,229.04,9.91,9.76,0.15,2.24,0.82,52.94,50.24,2025-01-18 01:05:00,NORMAL
107,43,224.19,10.71,10.3,0.41,2.31,0.9,36.79,56.43,2025-01-18 01:10:00,NORMAL
150,27,230.77,10.66,10.31,0.35,2.38,0.87,45.73,72.57,2025-01-18 01:15:00,NORMAL
180,1,214.16,10.66,11.12,0.46,2.38,0.79,34.54,69.59,2025-01-18 01:20:00,NORMAL
172,34,212.52,11.99,12.12,0.13,2.58,0.84,38.64,76.38,2025-01-18 01:25:00,NORMAL
105,17,230.93,8.48,7.94,0.54,1.83,0.95,30.77,44.47,2025-01-18 01:30:00,NORMAL
188,37,234.34,12.62,12.12,0.5,2.84,0.97,45.84,30.27,2025-01-18 01:35:00,NORMAL
138,38,243.94,6.79,6.12,0.67,1.49,0.76,52.17,45.99,2025-01-18 01:40:00,NORMAL
159,26,238.87,11.32,11.06,0.26,2.64,0.84,32.35,50.87,2025-01-18 01:45:00,NORMAL
127,24,236.35,10.34,10.16,0.18,2.4,0.83,32.43,87.63,2025-01-18 01:50:00,NORMAL
196,39,242.7,8.07,7.61,0.46,1.85,0.85,68.93,43.06,2025-01-18 01:55:00,NORMAL
153,21,234.9,12.06,11.81,0.25,2.77,0.99,32.4,79.58,2025-01-18 02:00:00,NORMAL
136,30,226.56,6.37,6.94,0.57,1.57,0.86,55.78,67.35,2025-01-18 02:05:00,NORMAL
108,47,239.12,13.25,12.29,0.96,2.94,0.95,60.11,40.05,2025-01-18 02:10:00,NORMAL
181,48,238.76,14.51,13.85,0.66,3.31,0.9,49.27,54.21,2025-01-18 02:15:00,NORMAL
155,13,229.92,9.67,9.26,0.41,2.13,0.73,50.47,60.61,2025-01-18 02:20:00,NORMAL
158,37,218.0,7.94,8.42,0.48,1.84,0.91,46.07,50.65,2025-01-18 02:25:00,NORMAL
184,3,212.15,8.84,8.22,0.62,1.74,0.89,24.53,43.57,2025-01-18 02:30:00,NORMAL
101,32,238.42,11.95,11.97,0.02,2.85,0.93,61.06,45.17,2025-01-18 02:35:00,NORMAL
160,35,234.79,9.36,8.74,0.62,2.05,0.72,38.3,65.11,2025-01-18 02:40:00,NORMAL
157,19,236.19,4.13,3.66,0.47,0.86,0.77,57.49,71.29,2025-01-18 02:45:00,NORMAL
159,14,238.8,10.77,10.74,0.03,2.56,0.93,44.66,58.14,2025-01-18 02:50:00,NORMAL
139,48,221.01,11.79,11.06,0.73,2.44,0.81,52.18,86.5,2025-01-18 02:55:00,NORMAL
135,22,211.23,11.03,11.43,0.4,2.41,0.97,49.08,73.71,2025-01-18 03:00:00,NORMAL
136,17,235.16,11.35,11.12,0.23,2.61,0.86,38.0,83.51,2025-01-18 03:05:00,NORMAL
178,4,241.98,13.21,12.18,1.03,2.95,0.7,56.87,58.54,2025-01-18 03:10:00,LEAKAGE_WARNING
191,45,233.52,9.58,9.14,0.44,2.13,0.91,24.96,30.89,2025-01-18 03:15:00,NORMAL
117,40,215.14,13.44,12.78,0.66,2.75,0.85,63.46,65.52,2025-01-18 03:20:00,NORMAL
197,19,232.41,9.69,9.45,0.24,2.2,0.8,61.53,79.1,2025-01-18 03:25:00,NORMAL
162,37,218.75,12.25,12.06,0.19,2.64,0.71,41.02,62.19,2025-01-18 03:30:00,NORMAL
121,2,214.58,9.72,10.13,0.41,2.17,0.76,48.77,64.07,2025-01-18 03:35:00,NORMAL
110,15,229.92,14.08,13.96,0.12,3.21,0.75,41.2,88.5,2025-01-18 03:40:00,NORMAL
157,2,231.62,11.3,10.76,0.54,2.49,0.87,32.55,51.97,2025-01-18 03:45:00,NORMAL
156,11,229.01,9.81,10.16,0.35,2.33,0.93,43.71,78.11,2025-01-18 03:50:00,NORMAL
176,45,234.38,7.6,7.88,0.28,1.85,0.77,49.09,60.3,2025-01-18 03:55:00,NORMAL
103,23,222.09,10.41,10.0,0.41,2.22,0.91,64.97,57.82,2025-01-18 04:00:00,NORMAL
185,10,230.86,8.36,7.75,0.61,1.79,0.97,42.01,38.73,2025-01-18 04:05:00,NORMAL
106,3,225.15,10.88,9.67,1.21,2.18,0.89,45.15,74.9,2025-01-18 04:10:00,LEAKAGE_WARNING
160,5,227.48,11.32,11.26,0.06,2.56,0.93,64.59,79.4,2025-01-18 04:15:00,NORMAL
153,3,232.68,12.08,12.0,0.08,2.79,0.76,52.62,55.85,2025-01-18 04:20:00,NORMAL
187,38,240.6,11.08,10.46,0.62,2.52,0.72,24.05,75.81,2025-01-18 04:25:00,NORMAL
167,13,232.92,10.16,9.67,0.49,2.25,0.81,44.54,64.87,2025-01-18 04:30:00,NORMAL
191,42,236.24,12.65,12.58,0.07,2.97,0.91,57.55,45.45,2025-01-18 04:35:00,NORMAL
178,19,230.1,12.88,12.69,0.19,2.92,0.91,81.86,85.42,2025-01-18 04:40:00,OVERHEAT
100,40,234.88,7.89,8.0,0.11,1.88,0.99,47.78,71.81,2025-01-18 04:45:00,NORMAL
154,35,240.34,13.52,13.9,0.38,3.34,0.89,13.76,82.7,2025-01-18 04:50:00,NORMAL
102,24,248.79,12.46,12.33,0.13,3.07,0.82,17.69,46.89,2025-01-18 04:55:00,NORMAL
177,24,242.11,8.29,7.33,0.96,1.77,0.94,34.7,84.98,2025-01-18 05:00:00,NORMAL
137,17,229.45,6.24,6.4,0.16,1.47,0.75,30.78,51.88,2025-01-18 05:05:00,NORMAL
100,40,241.45,12.41,12.93,0.52,3.12,0.94,57.42,30.57,2025-01-18 05:10:00,NORMAL
137,10,235.49,10.41,10.71,0.3,2.52,0.81,73.06,34.5,2025-01-18 05:15:00,NORMAL
184,2,223.93,9.09,8.62,0.47,1.93,0.75,56.63,35.36,2025-01-18 05:20:00,NORMAL
128,44,235.63,10.63,10.22,0.41,2.41,0.75,58.6,42.43,2025-01-18 05:25:00,NORMAL
104,23,218.71,12.37,11.53,0.84,2.52,1.0,54.92,41.19,2025-01-18 05:30:00,NORMAL
173,6,235.64,5.94,5.21,0.73,1.23,0.89,50.44,33.47,2025-01-18 05:35:00,NORMAL
191,2,247.52,10.25,9.9,0.35,2.45,0.75,33.59,83.72,2025-01-18 05:40:00,NORMAL
120,21,238.23,10.11,9.58,0.53,2.28,0.78,56.83,79.7,2025-01-18 05:45:00,NORMAL
170,35,241.97,12.99,13.16,0.17,3.18,0.81,39.52,75.77,2025-01-18 05:50:00,NORMAL
166,49,226.22,11.66,11.12,0.54,2.52,0.72,57.41,58.75,2025-01-18 05:55:00,NORMAL
146,29,234.81,11.64,11.49,0.15,2.7,0.73,51.49,55.51,2025-01-18 06:00:00,NORMAL
183,7,236.98,9.11,8.48,0.63,2.01,0.93,45.0,55.52,2025-01-18 06:05:00,NORMAL
182,29,226.95,11.34,10.93,0.41,2.48,0.94,33.85,45.71,2025-01-18 06:10:00,NORMAL
134,37,236.84,9.03,9.07,0.04,2.15,1.0,43.93,66.5,2025-01-18 06:15:00,NORMAL
167,23,234.55,9.78,10.13,0.35,2.38,0.72,36.27,33.54,2025-01-18 06:20:00,NORMAL
168,33,236.95,11.15,11.2,0.05,2.65,0.97,19.12,69.53,2025-01-18 06:25:00,NORMAL
100,8,219.7,10.17,9.88,0.29,2.17,0.8,28.36,60.83,2025-01-18 06:30:00,NORMAL
167,12,242.76,10.63,10.84,0.21,2.63,0.8,49.4,78.99,2025-01-18 06:35:00,NORMAL
111,46,234.51,12.63,12.51,0.12,2.93,0.74,5.94,88.36,2025-01-18 06:40:00,NORMAL
159,48,228.82,9.27,8.53,0.74,1.95,1.0,80.64,82.6,2025-01-18 06:45:00,OVERHEAT
126,10,229.06,7.92,7.13,0.79,1.63,0.99,37.44,73.2,2025-01-18 06:50:00,NORMAL
155,15,229.61,8.19,7.75,0.44,1.78,0.96,57.87,55.97,2025-01-18 06:55:00,NORMAL
122,24,221.71,7.75,6.87,0.88,1.52,0.73,12.57,42.87,2025-01-18 07:00:00,NORMAL
124,26,241.89,13.21,13.64,0.43,3.3,0.95,30.3,69.89,2025-01-18 07:05:00,NORMAL
120,47,239.63,11.31,10.46,0.85,2.51,0.89,60.92,42.1,2025-01-18 07:10:00,NORMAL
160,42,240.3,12.14,12.62,0.48,3.03,0.74,51.26,31.22,2025-01-18 07:15:00,NORMAL
162,39,245.13,11.78,11.57,0.21,2.84,0.78,39.07,64.39,2025-01-18 07:20:00,NORMAL
151,3,231.9,9.6,9.81,0.21,2.27,0.91,74.82,53.65,2025-01-18 07:25:00,NORMAL
187,2,213.44,13.26,12.69,0.57,2.71,0.94,23.81,82.56,2025-01-18 07:30:00,NORMAL
124,6,236.29,8.62,9.2,0.58,2.17,0.95,61.43,68.75,2025-01-18 07:35:00,NORMAL
154,21,235.92,14.02,14.7,0.68,3.47,0.86,38.56,68.84,2025-01-18 07:40:00,NORMAL
145,9,245.54,10.25,10.38,0.13,2.55,0.86,32.28,77.27,2025-01-18 07:45:00,NORMAL
131,10,240.82,13.58,13.74,0.16,3.31,0.91,15.5,50.14,2025-01-18 07:50:00,NORMAL
154,36,231.34,7.9,7.99,0.09,1.85,0.93,17.65,87.49,2025-01-18 07:55:00,NORMAL
195,3,228.56,9.14,9.28,0.14,2.12,0.75,47.1,43.28,2025-01-18 08:00:00,NORMAL
104,41,240.04,6.79,6.25,0.54,1.5,0.92,46.14,82.3,2025-01-18 08:05:00,NORMAL
135,24,203.45,12.08,11.92,0.16,2.43,0.8,33.59,84.65,2025-01-18 08:10:00,NORMAL
148,22,232.41,10.51,9.54,0.97,2.22,0.82,41.94,32.34,2025-01-18 08:15:00,NORMAL
157,49,239.46,14.03,13.71,0.32,3.28,0.72,42.77,67.91,2025-01-18 08:20:00,NORMAL
138,14,228.79,9.03,8.39,0.64,1.92,0.88,37.94,74.97,2025-01-18 08:25:00,NORMAL
179,42,226.18,12.67,12.18,0.49,2.75,0.73,29.98,87.23,2025-01-18 08:30:00,NORMAL
196,45,232.95,10.16,10.41,0.25,2.43,0.97,52.92,45.08,2025-01-18 08:35:00,NORMAL
184,44,243.49,9.81,9.87,0.06,2.4,0.89,63.68,63.71,2025-01-18 08:40:00,NORMAL
160,27,234.51,9.42,8.72,0.7,2.04,1.0,50.63,76.39,2025-01-18 08:45:00,NORMAL
108,33,223.23,8.31,9.0,0.69,2.01,0.77,51.54,38.9,2025-01-18 08:50:00,NORMAL
105,22,242.17,10.75,10.31,0.44,2.5,0.9,56.34,81.18,2025-01-18 08:55:00,NORMAL
134,29,244.12,10.42,10.31,0.11,2.52,0.99,41.51,54.22,2025-01-18 09:00:00,NORMAL
138,19,221.93,6.85,7.02,0.17,1.56,0.79,35.36,68.39,2025-01-18 09:05:00,NORMAL
121,19,257.99,4.98,4.91,0.07,1.27,0.73,15.15,32.52,2025-01-18 09:10:00,NORMAL
140,6,229.99,9.37,8.36,1.01,1.92,0.89,36.71,43.38,2025-01-18 09:15:00,LEAKAGE_WARNING
104,45,239.48,12.32,12.98,0.66,3.11,0.81,35.54,58.69,2025-01-18 09:20:00,NORMAL
141,19,237.27,10.44,10.85,0.41,2.57,0.78,29.22,47.35,2025-01-18 09:25:00,NORMAL
186,13,223.02,7.39,8.16,0.77,1.82,1.0,48.52,87.47,2025-01-18 09:30:00,NORMAL
180,26,225.48,6.45,6.47,0.02,1.46,0.93,42.1,77.7,2025-01-18 09:35:00,NORMAL
175,22,230.68,12.31,12.42,0.11,2.87,0.85,51.4,81.89,2025-01-18 09:40:00,NORMAL
186,21,211.3,6.69,6.41,0.28,1.35,0.72,28.13,57.98,2025-01-18 09:45:00,NORMAL
179,36,238.21,11.52,11.56,0.04,2.75,0.76,22.13,58.42,2025-01-18 09:50:00,NORMAL
166,2,211.04,11.14,10.71,0.43,2.26,0.79,55.02,78.31,2025-01-18 09:55:00,NORMAL
129,47,230.15,13.27,13.46,0.19,3.1,0.85,57.39,53.25,2025-01-18 10:00:00,NORMAL
156,44,223.28,8.74,7.49,1.25,1.67,0.85,32.38,58.85,2025-01-18 10:05:00,LEAKAGE_WARNING
185,30,235.79,11.88,11.37,0.51,2.68,0.71,39.65,61.72,2025-01-18 10:10:00,NORMAL
172,27,207.96,12.8,12.34,0.46,2.57,0.98,49.11,66.43,2025-01-18 10:15:00,NORMAL
128,7,213.38,7.33,6.82,0.51,1.46,0.86,53.7,69.0,2025-01-18 10:20:00,NORMAL
136,20,224.03,10.27,10.59,0.32,2.37,0.71,18.65,70.85,2025-01-18 10:25:00,NORMAL
186,31,235.19,9.92,9.84,0.08,2.31,0.91,59.77,56.64,2025-01-18 10:30:00,NORMAL
112,23,232.22,7.87,7.77,0.1,1.8,0.72,25.07,47.71,2025-01-18 10:35:00,NORMAL
131,13,240.5,10.53,10.57,0.04,2.54,0.92,23.95,85.21,2025-01-18 10:40:00,NORMAL
145,17,231.08,7.66,7.63,0.03,1.76,0.91,38.8,79.6,2025-01-18 10:45:00,NORMAL
122,4,229.82,10.76,10.15,0.61,2.33,1.0,38.5,30.21,2025-01-18 10:50:00,NORMAL
144,14,219.28,14.35,14.18,0.17,3.11,0.8,45.42,60.78,2025-01-18 10:55:00,NORMAL
116,20,227.77,9.59,9.24,0.35,2.1,0.74,47.35,46.48,2025-01-18 11:00:00,NORMAL
184,13,229.8,9.81,10.45,0.64,2.4,0.73,70.44,68.56,2025-01-18 11:05:00,NORMAL
165,3,209.45,12.83,13.5,0.67,2.83,0.72,31.32,60.16,2025-01-18 11:10:00,NORMAL
105,26,221.1,12.52,12.79,0.27,2.83,0.94,60.97,31.27,2025-01-18 11:15:00,NORMAL
117,26,234.63,8.76,7.74,1.02,1.82,0.92,22.84,73.67,2025-01-18 11:20:00,LEAKAGE_WARNING
193,18,231.79,11.38,10.18,1.2,2.36,0.99,26.44,46.52,2025-01-18 11:25:00,LEAKAGE_WARNING
121,32,227.47,4.09,3.4,0.69,0.77,0.79,30.9,45.61,2025-01-18 11:30:00,NORMAL
132,14,223.93,7.99,7.99,0.0,1.79,0.94,16.05,31.92,2025-01-18 11:35:00,NORMAL
129,47,212.57,12.14,11.73,0.41,2.49,0.73,51.71,79.7,2025-01-18 11:40:00,NORMAL
180,3,208.25,8.98,8.15,0.83,1.7,0.97,63.29,64.73,2025-01-18 11:45:00,NORMAL
131,1,226.93,9.6,8.47,1.13,1.92,0.72,58.6,59.09,2025-01-18 11:50:00,LEAKAGE_WARNING
141,26,244.89,8.15,8.53,0.38,2.09,0.94,21.87,70.55,2025-01-18 11:55:00,NORMAL
177,24,230.37,7.83,7.53,0.3,1.73,0.79,79.2,50.72,2025-01-18 12:00:00,NORMAL
109,49,240.21,5.01,4.97,0.04,1.19,0.75,46.67,64.17,2025-01-18 12:05:00,NORMAL
135,35,218.23,9.27,8.78,0.49,1.92,0.91,68.17,44.96,2025-01-18 12:10:00,NORMAL
133,14,232.83,10.93,10.7,0.23,2.49,0.97,42.91,33.78,2025-01-18 12:15:00,NORMAL
172,3,222.96,10.49,10.79,0.3,2.41,0.93,43.07,63.68,2025-01-18 12:20:00,NORMAL
127,13,222.58,8.34,7.94,0.4,1.77,0.79,39.36,43.27,2025-01-18 12:25:00,NORMAL
110,47,237.45,7.14,7.29,0.15,1.73,0.81,75.98,75.0,2025-01-18 12:30:00,NORMAL
177,14,228.8,9.25,9.07,0.18,2.08,0.76,65.82,57.11,2025-01-18 12:35:00,NORMAL
138,21,216.14,7.34,7.13,0.21,1.54,0.95,44.13,45.02,2025-01-18 12:40:00,NORMAL
146,26,230.98,8.46,7.42,1.04,1.71,0.73,40.18,66.5,2025-01-18 12:45:00,LEAKAGE_WARNING
118,3,222.84,10.26,9.9,0.36,2.21,0.97,56.18,37.0,2025-01-18 12:50:00,NORMAL
114,40,215.56,8.26,8.1,0.16,1.75,0.88,17.05,75.69,2025-01-18 12:55:00,NORMAL
127,4,220.05,12.57,12.01,0.56,2.64,0.88,12.4,57.13,2025-01-18 13:00:00,NORMAL
123,36,250.46,7.91,8.15,0.24,2.04,0.95,29.46,78.76,2025-01-18 13:05:00,NORMAL
171,43,242.12,8.79,8.54,0.25,2.07,0.9,50.64,38.29,2025-01-18 13:10:00,NORMAL
108,1,209.85,11.7,11.18,0.52,2.35,0.79,60.92,52.95,2025-01-18 13:15:00,NORMAL
146,40,228.12,11.38,10.89,0.49,2.48,0.8,26.34,40.8,2025-01-18 13:20:00,NORMAL
132,47,228.85,11.03,11.09,0.06,2.54,0.75,68.07,33.67,2025-01-18 13:25:00,NORMAL
161,33,227.34,8.72,8.34,0.38,1.9,0.84,36.96,87.32,2025-01-18 13:30:00,NORMAL
196,7,223.36,11.17,10.63,0.54,2.37,0.73,51.4,73.6,2025-01-18 13:35:00,NORMAL
118,11,237.47,11.58,11.83,0.25,2.81,0.9,36.91,49.54,2025-01-18 13:40:00,NORMAL
166,27,239.43,10.88,10.98,0.1,2.63,0.75,43.25,44.77,2025-01-18 13:45:00,NORMAL
173,14,240.49,9.94,9.9,0.04,2.38,0.96,72.09,42.26,2025-01-18 13:50:00,NORMAL
139,22,233.3,11.15,9.79,1.36,2.28,0.91,36.96,32.58,2025-01-18 13:55:00,LEAKAGE_WARNING
146,16,236.09,9.85,10.02,0.17,2.37,0.97,30.88,36.16,2025-01-18 14:00:00,NORMAL
164,46,226.56,10.81,10.45,0.36,2.37,0.73,55.0,36.17,2025-01-18 14:05:00,NORMAL
128,12,214.24,10.15,10.13,0.02,2.17,0.94,59.61,69.98,2025-01-18 14:10:00,NORMAL
149,49,213.97,6.98,7.25,0.27,1.55,0.96,22.38,65.68,2025-01-18 14:15:00,NORMAL
197,46,221.48,8.83,8.28,0.55,1.83,0.71,50.51,64.09,2025-01-18 14:20:00,NORMAL
112,10,227.99,14.16,14.67,0.51,3.34,1.0,53.05,74.07,2025-01-18 14:25:00,NORMAL
100,24,217.17,6.13,5.21,0.92,1.13,0.79,71.18,45.07,2025-01-18 14:30:00,NORMAL
133,46,218.7,13.1,13.42,0.32,2.93,0.76,38.96,50.55,2025-01-18 14:35:00,NORMAL
192,18,226.22,11.25,11.38,0.13,2.57,0.82,65.2,37.6,2025-01-18 14:40:00,NORMAL
147,22,238.64,10.07,9.58,0.49,2.29,0.7,47.42,65.26,2025-01-18 14:45:00,NORMAL
176,9,233.34,6.64,6.06,0.58,1.41,0.97,40.51,85.97,2025-01-18 14:50:00,NORMAL
147,17,221.36,10.0,9.68,0.32,2.14,0.78,33.86,81.79,2025-01-18 14:55:00,NORMAL
148,38,230.46,8.51,8.58,0.07,1.98,0.86,52.45,63.3,2025-01-18 15:00:00,NORMAL
163,40,216.71,12.38,12.98,0.6,2.81,0.89,27.48,68.68,2025-01-18 15:05:00,NORMAL
160,13,221.36,8.67,8.51,0.16,1.88,0.94,28.61,89.54,2025-01-18 15:10:00,NORMAL
128,37,213.43,9.45,9.68,0.23,2.07,0.78,54.07,61.04,2025-01-18 15:15:00,NORMAL
138,6,234.29,10.49,9.08,1.41,2.13,0.92,72.71,82.24,2025-01-18 15:20:00,LEAKAGE_WARNING
187,21,227.17,8.71,8.44,0.27,1.92,0.74,23.72,60.04,2025-01-18 15:25:00,NORMAL
125,36,228.42,11.92,12.36,0.44,2.82,0.91,34.01,32.87,2025-01-18 15:30:00,NORMAL
116,7,238.06,9.41,9.38,0.03,2.23,0.98,49.39,86.08,2025-01-18 15:35:00,NORMAL
170,36,220.03,6.24,5.66,0.58,1.25,0.73,36.71,36.71,2025-01-18 15:40:00,NORMAL
112,25,234.67,10.3,9.52,0.78,2.23,0.74,16.8,72.25,2025-01-18 15:45:00,NORMAL
168,11,249.85,11.61,11.56,0.05,2.89,0.87,32.18,44.28,2025-01-18 15:50:00,NORMAL
125,44,220.18,12.88,12.74,0.14,2.81,0.71,52.34,84.06,2025-01-18 15:55:00,NORMAL
148,14,214.37,11.11,10.63,0.48,2.28,0.76,40.8,42.03,2025-01-18 16:00:00,NORMAL
166,45,217.42,12.31,12.58,0.27,2.74,0.76,50.5,38.4,2025-01-18 16:05:00,NORMAL
106,29,233.89,10.98,10.61,0.37,2.48,0.84,24.54,56.32,2025-01-18 16:10:00,NORMAL
157,10,247.46,8.08,7.74,0.34,1.92,0.77,50.04,59.8,2025-01-18 16:15:00,NORMAL
148,48,247.05,8.44,7.97,0.47,1.97,0.84,13.57,79.14,2025-01-18 16:20:00,NORMAL
152,5,238.45,5.4,5.22,0.18,1.24,0.86,56.72,75.74,2025-01-18 16:25:00,NORMAL
164,8,238.79,9.57,10.15,0.58,2.42,0.92,65.52,49.7,2025-01-18 16:30:00,NORMAL
161,46,234.65,11.31,11.0,0.31,2.58,0.98,24.1,53.1,2025-01-18 16:35:00,NORMAL
116,5,237.25,6.84,7.08,0.24,1.68,0.85,36.42,64.6,2025-01-18 16:40:00,NORMAL
142,24,233.04,12.59,11.53,1.06,2.69,0.81,22.76,63.09,2025-01-18 16:45:00,LEAKAGE_WARNING
124,40,222.0,9.79,8.71,1.08,1.93,0.78,46.38,81.72,2025-01-18 16:50:00,LEAKAGE_WARNING
102,26,247.13,8.21,8.58,0.37,2.12,0.89,47.29,58.35,2025-01-18 16:55:00,NORMAL
178,6,243.35,6.83,7.06,0.23,1.72,0.98,24.93,83.61,2025-01-18 17:00:00,NORMAL
128,16,222.23,13.32,14.27,0.95,3.17,0.93,36.32,42.3,2025-01-18 17:05:00,NORMAL
131,36,236.48,12.36,11.79,0.57,2.79,0.76,61.15,82.06,2025-01-18 17:10:00,NORMAL
125,12,244.61,9.19,9.28,0.09,2.27,0.97,53.35,48.26,2025-01-18 17:15:00,NORMAL
115,11,234.19,11.86,11.52,0.34,2.7,0.92,47.93,77.36,2025-01-18 17:20:00,NORMAL
124,3,227.95,9.58,9.65,0.07,2.2,0.74,61.46,63.92,2025-01-18 17:25:00,NORMAL
153,44,244.3,8.79,9.39,0.6,2.29,0.91,72.08,82.53,2025-01-18 17:30:00,NORMAL
127,37,232.55,8.69,8.38,0.31,1.95,0.79,47.07,43.88,2025-01-18 17:35:00,NORMAL
172,6,223.72,9.54,8.7,0.84,1.95,0.85,49.61,72.09,2025-01-18 17:40:00,NORMAL
155,19,218.5,9.2,9.01,0.19,1.97,0.79,40.76,80.94,2025-01-18 17:45:00,NORMAL
164,18,200.69,10.12,10.43,0.31,2.09,0.73,47.56,76.6,2025-01-18 17:50:00,NORMAL
192,16,249.73,13.22,13.09,0.13,3.27,0.93,34.42,63.96,2025-01-18 17:55:00,NORMAL
185,23,221.63,14.56,14.1,0.46,3.12,0.95,19.71,70.52,2025-01-18 18:00:00,NORMAL
179,43,239.64,7.59,7.49,0.1,1.79,0.77,56.98,41.79,2025-01-18 18:05:00,NORMAL
140,37,220.8,10.92,11.27,0.35,2.49,0.77,55.46,42.99,2025-01-18 18:10:00,NORMAL
150,9,231.67,10.42,9.21,1.21,2.13,0.83,46.05,46.04,2025-01-18 18:15:00,LEAKAGE_WARNING
170,3,234.5,11.06,11.62,0.56,2.72,0.94,46.9,79.68,2025-01-18 18:20:00,NORMAL
177,8,217.61,9.1,7.76,1.34,1.69,0.72,34.56,40.05,2025-01-18 18:25:00,LEAKAGE_WARNING
128,38,239.57,11.09,10.94,0.15,2.62,0.94,63.04,47.94,2025-01-18 18:30:00,NORMAL
182,4,228.02,7.24,6.59,0.65,1.5,0.98,26.78,85.23,2025-01-18 18:35:00,NORMAL
118,12,235.53,16.76,16.45,0.31,3.87,0.87,66.13,75.31,2025-01-18 18:40:00,NORMAL
165,44,244.55,10.58,10.82,0.24,2.65,0.72,53.76,73.99,2025-01-18 18:45:00,NORMAL
140,31,237.4,11.46,10.6,0.86,2.52,0.78,49.38,57.31,2025-01-18 18:50:00,NORMAL
144,25,229.05,7.76,7.25,0.51,1.66,0.73,50.27,72.14,2025-01-18 18:55:00,NORMAL
114,16,249.44,8.61,8.46,0.15,2.11,0.78,60.2,63.94,2025-01-18 19:00:00,NORMAL
102,42,229.55,7.06,6.5,0.56,1.49,0.94,36.57,34.29,2025-01-18 19:05:00,NORMAL
110,14,230.93,12.91,12.78,0.13,2.95,0.72,56.79,64.59,2025-01-18 19:10:00,NORMAL
152,13,228.36,7.78,8.68,0.9,1.98,0.79,39.01,57.13,2025-01-18 19:15:00,NORMAL
145,41,217.74,9.62,10.28,0.66,2.24,0.86,51.98,36.84,2025-01-18 19:20:00,NORMAL
129,7,216.64,9.71,9.52,0.19,2.06,0.96,21.39,50.66,2025-01-18 19:25:00,NORMAL
156,12,224.46,10.95,10.91,0.04,2.45,0.77,34.88,83.69,2025-01-18 19:30:00,NORMAL
117,37,219.86,7.42,7.26,0.16,1.6,0.93,71.32,78.22,2025-01-18 19:35:00,NORMAL
150,4,227.22,11.72,11.69,0.03,2.66,0.88,64.98,84.83,2025-01-18 19:40:00,NORMAL
147,2,238.26,12.49,12.85,0.36,3.06,0.9,69.73,73.02,2025-01-18 19:45:00,NORMAL
165,35,225.91,8.68,9.17,0.49,2.07,0.96,62.11,67.95,2025-01-18 19:50:00,NORMAL
195,44,232.2,9.93,10.15,0.22,2.36,0.71,35.49,38.35,2025-01-18 19:55:00,NORMAL
107,3,224.94,11.25,10.67,0.58,2.4,0.86,37.36,36.43,2025-01-18 20:00:00,NORMAL
121,4,255.45,10.51,10.72,0.21,2.74,0.92,59.84,44.81,2025-01-18 20:05:00,NORMAL
105,38,245.08,8.0,7.28,0.72,1.78,0.97,61.2,48.85,2025-01-18 20:10:00,NORMAL
175,12,227.52,11.4,11.72,0.32,2.67,0.74,65.79,66.42,2025-01-18 20:15:00,NORMAL
156,19,232.72,13.03,12.24,0.79,2.85,0.8,47.9,82.64,2025-01-18 20:20:00,NORMAL
135,10,216.6,13.02,13.08,0.06,2.83,0.72,44.03,83.44,2025-01-18 20:25:00,NORMAL
178,1,227.86,11.15,11.1,0.05,2.53,0.95,62.94,70.94,2025-01-18 20:30:00,NORMAL
191,17,224.0,11.53,11.48,0.05,2.57,0.96,22.09,64.43,2025-01-18 20:35:00,NORMAL
156,16,237.43,9.22,8.73,0.49,2.07,0.85,42.47,44.66,2025-01-18 20:40:00,NORMAL
148,9,220.7,8.17,7.84,0.33,1.73,0.71,41.14,86.28,2025-01-18 20:45:00,NORMAL
144,9,246.58,9.86,9.59,0.27,2.36,0.73,41.31,70.27,2025-01-18 20:50:00,NORMAL
181,9,229.35,14.53,14.37,0.16,3.3,0.89,64.88,62.01,2025-01-18 20:55:00,NORMAL
165,12,221.31,8.94,9.02,0.08,2.0,0.99,54.28,36.24,2025-01-18 21:00:00,NORMAL
176,41,230.32,10.87,10.12,0.75,2.33,0.95,46.85,79.55,2025-01-18 21:05:00,NORMAL
144,15,237.37,10.76,10.52,0.24,2.5,0.94,22.11,50.94,2025-01-18 21:10:00,NORMAL
178,2,235.2,9.25,8.76,0.49,2.06,0.83,27.99,84.04,2025-01-18 21:15:00,NORMAL
119,11,231.57,12.97,12.67,0.3,2.93,1.0,57.12,40.1,2025-01-18 21:20:00,NORMAL
163,11,238.78,13.18,13.19,0.01,3.15,0.95,48.82,32.92,2025-01-18 21:25:00,NORMAL
192,8,238.16,15.33,13.93,1.4,3.32,0.8,63.42,56.08,2025-01-18 21:30:00,LEAKAGE_WARNING
192,32,238.21,8.4,7.58,0.82,1.81,0.92,34.32,34.7,2025-01-18 21:35:00,NORMAL
166,6,227.24,10.81,10.88,0.07,2.47,0.83,45.64,33.71,2025-01-18 21:40:00,NORMAL
182,20,227.17,10.18,8.95,1.23,2.03,0.9,42.48,72.82,2025-01-18 21:45:00,LEAKAGE_WARNING
102,39,227.93,8.63,7.97,0.66,1.82,0.99,58.28,45.44,2025-01-18 21:50:00,NORMAL
153,35,225.06,8.67,9.02,0.35,2.03,0.77,75.92,68.33,2025-01-18 21:55:00,NORMAL
177,8,231.06,10.33,9.69,0.64,2.24,0.94,36.56,64.25,2025-01-18 22:00:00,NORMAL
163,49,229.94,9.07,8.66,0.41,1.99,0.88,14.46,38.45,2025-01-18 22:05:00,NORMAL
139,43,246.55,8.04,7.76,0.28,1.91,0.98,52.31,53.15,2025-01-18 22:10:00,NORMAL
158,34,224.95,10.25,9.54,0.71,2.15,0.74,51.21,33.96,2025-01-18 22:15:00,NORMAL
154,19,220.13,7.79,7.42,0.37,1.63,0.92,17.76,55.3,2025-01-18 22:20:00,NORMAL
161,7,236.46,9.07,9.87,0.8,2.33,0.71,30.2,40.94,2025-01-18 22:25:00,NORMAL
103,31,230.72,10.72,11.2,0.48,2.58,0.77,38.41,35.78,2025-01-18 22:30:00,NORMAL
159,18,223.14,9.73,9.96,0.23,2.22,0.8,62.16,49.02,2025-01-18 22:35:00,NORMAL
174,40,237.82,9.49,8.29,1.2,1.97,0.83,29.54,30.21,2025-01-18 22:40:00,LEAKAGE_WARNING
194,14,227.21,13.62,13.09,0.53,2.97,0.99,40.98,75.47,2025-01-18 22:45:00,NORMAL
195,39,245.24,12.81,12.34,0.47,3.03,0.72,15.47,39.49,2025-01-18 22:50:00,NORMAL
190,36,220.5,10.16,9.91,0.25,2.19,0.75,52.31,67.55,2025-01-18 22:55:00,NORMAL
129,17,224.19,7.97,8.23,0.26,1.85,0.76,26.37,79.95,2025-01-18 23:00:00,NORMAL
101,37,231.28,11.62,12.15,0.53,2.81,0.83,77.6,85.03,2025-01-18 23:05:00,NORMAL
161,44,243.58,15.05,14.35,0.7,3.5,0.72,32.24,63.45,2025-01-18 23:10:00,NORMAL
148,9,222.86,12.73,11.7,1.03,2.61,0.99,59.24,77.3,2025-01-18 23:15:00,LEAKAGE_WARNING
108,20,233.77,7.4,6.86,0.54,1.6,0.87,53.04,57.29,2025-01-18 23:20:00,NORMAL
191,45,218.36,9.6,9.65,0.05,2.11,0.94,32.0,59.41,2025-01-18 23:25:00,NORMAL
130,28,239.17,8.53,8.53,0.0,2.04,0.93,61.65,62.81,2025-01-18 23:30:00,NORMAL
197,20,223.48,8.15,7.6,0.55,1.7,0.9,14.67,70.21,2025-01-18 23:35:00,NORMAL
160,41,236.19,12.27,12.13,0.14,2.86,0.97,44.62,70.2,2025-01-18 23:40:00,NORMAL
178,36,236.7,12.23,12.11,0.12,2.87,0.97,55.59,77.12,2025-01-18 23:45:00,NORMAL
147,27,211.84,13.55,13.62,0.07,2.89,0.74,41.38,67.02,2025-01-18 23:50:00,NORMAL
124,8,232.09,11.36,11.49,0.13,2.67,0.97,27.84,82.96,2025-01-18 23:55:00,NORMAL
135,32,224.94,9.91,9.77,0.14,2.2,0.86,68.7,72.55,2025-01-19 00:00:00,NORMAL
107,1,234.99,10.38,10.97,0.59,2.58,0.78,43.09,85.74,2025-01-19 00:05:00,NORMAL
172,17,221.26,8.19,7.68,0.51,1.7,0.88,36.67,75.03,2025-01-19 00:10:00,NORMAL
157,9,224.19,12.74,13.47,0.73,3.02,0.78,28.42,74.32,2025-01-19 00:15:00,NORMAL
144,20,241.98,8.52,7.79,0.73,1.89,0.84,46.44,81.62,2025-01-19 00:20:00,NORMAL
161,45,241.21,9.18,9.24,0.06,2.23,0.94,41.8,69.35,2025-01-19 00:25:00,NORMAL
138,32,220.06,9.39,9.25,0.14,2.04,0.71,40.65,40.77,2025-01-19 00:30:00,NORMAL
195,2,247.96,3.86,3.38,0.48,0.84,0.75,69.77,34.98,2025-01-19 00:35:00,NORMAL
157,32,204.18,11.74,11.68,0.06,2.38,0.99,69.49,48.95,2025-01-19 00:40:00,NORMAL
180,45,232.15,8.1,8.27,0.17,1.92,0.83,48.75,78.86,2025-01-19 00:45:00,NORMAL
198,9,217.16,11.38,11.04,0.34,2.4,0.79,55.31,31.3,2025-01-19 00:50:00,NORMAL
182,30,233.71,9.1,7.8,1.3,1.82,0.98,22.66,39.0,2025-01-19 00:55:00,LEAKAGE_WARNING
163,20,227.38,9.09,8.5,0.59,1.93,0.97,46.37,36.37,2025-01-19 01:00:00,NORMAL
143,38,219.82,7.78,7.96,0.18,1.75,0.71,49.02,32.23,2025-01-19 01:05:00,NORMAL
128,1,222.63,12.78,12.76,0.02,2.84,0.81,41.74,78.62,2025-01-19 01:10:00,NORMAL
158,5,222.13,13.22,13.26,0.04,2.95,0.97,38.45,46.78,2025-01-19 01:15:00,NORMAL
170,35,230.76,12.0,12.32,0.32,2.84,0.75,33.16,73.74,2025-01-19 01:20:00,NORMAL
191,36,239.75,10.53,10.03,0.5,2.4,0.87,45.53,38.51,2025-01-19 01:25:00,NORMAL
108,1,249.59,10.27,10.23,0.04,2.55,0.8,62.18,54.54,2025-01-19 01:30:00,NORMAL
191,14,228.29,12.17,11.81,0.36,2.7,0.92,64.67,36.99,2025-01-19 01:35:00,NORMAL
105,9,232.99,9.75,10.86,1.11,2.53,0.75,45.0,30.15,2025-01-19 01:40:00,LEAKAGE_WARNING
128,30,241.86,12.64,12.09,0.55,2.92,0.88,60.99,66.79,2025-01-19 01:45:00,NORMAL
157,24,225.51,8.07,8.17,0.1,1.84,0.7,31.01,58.86,2025-01-19 01:50:00,NORMAL
116,4,222.17,11.96,12.26,0.3,2.72,0.78,53.46,55.0,2025-01-19 01:55:00,NORMAL
115,14,249.48,12.57,13.04,0.47,3.25,0.75,43.31,34.72,2025-01-19 02:00:00,NORMAL
186,25,228.2,7.8,8.06,0.26,1.84,0.76,34.77,65.29,2025-01-19 02:05:00,NORMAL
194,4,232.17,8.32,8.33,0.01,1.93,0.96,77.34,76.8,2025-01-19 02:10:00,NORMAL
102,25,213.96,9.91,9.27,0.64,1.98,0.97,37.9,34.03,2025-01-19 02:15:00,NORMAL
120,10,224.76,10.85,10.87,0.02,2.44,0.93,39.52,54.81,2025-01-19 02:20:00,NORMAL
163,35,248.87,8.76,8.07,0.69,2.01,0.88,38.1,48.69,2025-01-19 02:25:00,NORMAL
189,7,234.63,10.18,9.83,0.35,2.31,0.77,50.19,83.51,2025-01-19 02:30:00,NORMAL
135,42,229.71,5.87,4.76,1.11,1.09,0.78,65.23,45.76,2025-01-19 02:35:00,LEAKAGE_WARNING
185,13,243.94,11.53,11.58,0.05,2.82,0.79,27.73,86.66,2025-01-19 02:40:00,NORMAL
161,4,213.55,11.62,11.21,0.41,2.39,0.93,52.15,79.7,2025-01-19 02:45:00,NORMAL
141,43,225.85,13.04,12.22,0.82,2.76,0.78,50.22,36.01,2025-01-19 02:50:00,NORMAL
175,36,252.75,11.15,10.63,0.52,2.69,0.99,20.84,58.84,2025-01-19 02:55:00,NORMAL
141,14,229.5,9.26,9.15,0.11,2.1,0.94,65.26,68.94,2025-01-19 03:00:00,NORMAL
160,18,229.43,7.97,8.01,0.04,1.84,1.0,49.04,65.58,2025-01-19 03:05:00,NORMAL
112,8,241.79,8.37,9.14,0.77,2.21,0.84,55.84,70.75,2025-01-19 03:10:00,NORMAL
110,32,242.49,9.82,9.74,0.08,2.36,0.88,13.9,55.58,2025-01-19 03:15:00,NORMAL
153,27,216.98,8.31,8.57,0.26,1.86,0.78,66.97,84.28,2025-01-19 03:20:00,NORMAL
115,42,234.28,8.46,8.53,0.07,2.0,0.88,75.9,46.22,2025-01-19 03:25:00,NORMAL
107,37,247.56,9.92,9.69,0.23,2.4,0.99,42.75,35.65,2025-01-19 03:30:00,NORMAL
158,23,223.57,6.78,7.36,0.58,1.65,0.71,34.15,88.68,2025-01-19 03:35:00,NORMAL
156,7,226.28,8.02,8.32,0.3,1.88,0.79,8.27,69.12,2025-01-19 03:40:00,NORMAL
139,12,230.29,10.44,10.05,0.39,2.31,0.78,25.54,69.55,2025-01-19 03:45:00,NORMAL
158,25,236.94,10.53,10.96,0.43,2.6,0.99,57.55,79.05,2025-01-19 03:50:00,NORMAL
101,3,215.72,11.73,11.55,0.18,2.49,0.74,44.51,55.29,2025-01-19 03:55:00,NORMAL
193,26,198.87,10.31,10.81,0.5,2.15,0.94,22.24,53.17,2025-01-19 04:00:00,VOLTAGE_FAULT
193,4,232.15,10.06,9.6,0.46,2.23,0.78,67.88,86.95,2025-01-19 04:05:00,NORMAL
175,42,241.66,11.27,10.74,0.53,2.6,0.96,34.96,53.21,2025-01-19 04:10:00,NORMAL
109,36,226.88,10.38,9.56,0.82,2.17,0.85,22.81,34.71,2025-01-19 04:15:00,NORMAL
143,15,223.9,8.06,7.24,0.82,1.62,0.77,45.67,48.47,2025-01-19 04:20:00,NORMAL
110,32,228.33,8.4,8.06,0.34,1.84,0.91,52.65,82.41,2025-01-19 04:25:00,NORMAL
178,29,245.98,13.35,14.03,0.68,3.45,0.95,24.91,35.7,2025-01-19 04:30:00,NORMAL
179,10,223.35,16.43,16.23,0.2,3.62,0.84,40.5,73.0,2025-01-19 04:35:00,NORMAL
180,21,235.7,11.47,11.04,0.43,2.6,0.91,68.08,45.98,2025-01-19 04:40:00,NORMAL
189,16,218.46,7.98,7.72,0.26,1.69,0.75,24.68,74.75,2025-01-19 04:45:00,NORMAL
101,47,218.94,13.8,12.77,1.03,2.8,0.98,50.26,60.87,2025-01-19 04:50:00,LEAKAGE_WARNING
149,19,238.45,9.14,8.29,0.85,1.98,0.73,40.24,68.19,2025-01-19 04:55:00,NORMAL
111,29,246.34,10.85,10.64,0.21,2.62,0.77,53.05,44.59,2025-01-19 05:00:00,NORMAL
189,18,238.89,9.96,9.39,0.57,2.24,0.79,29.28,40.09,2025-01-19 05:05:00,NORMAL
122,44,209.46,10.37,10.9,0.53,2.28,0.75,48.51,33.8,2025-01-19 05:10:00,NORMAL
117,16,225.8,9.12,8.83,0.29,1.99,0.82,30.7,79.53,2025-01-19 05:15:00,NORMAL
161,1,232.39,12.6,13.03,0.43,3.03,0.84,14.98,72.63,2025-01-19 05:20:00,NORMAL
195,48,230.6,9.63,9.52,0.11,2.2,0.86,23.84,47.6,2025-01-19 05:25:00,NORMAL
161,2,210.8,11.23,11.37,0.14,2.4,0.71,41.73,80.21,2025-01-19 05:30:00,NORMAL
137,15,217.03,11.18,11.31,0.13,2.45,0.77,48.51,80.02,2025-01-19 05:35:00,NORMAL
166,39,221.98,9.78,9.99,0.21,2.22,0.94,63.16,38.27,2025-01-19 05:40:00,NORMAL
137,28,229.32,6.99,6.99,0.0,1.6,0.94,50.37,72.82,2025-01-19 05:45:00,NORMAL
166,1,210.66,8.35,8.44,0.09,1.78,0.8,68.38,47.54,2025-01-19 05:50:00,NORMAL
193,5,236.0,11.42,10.9,0.52,2.57,0.84,41.98,58.03,2025-01-19 05:55:00,NORMAL
160,42,229.07,10.61,10.54,0.07,2.41,0.76,53.28,55.81,2025-01-19 06:00:00,NORMAL
100,22,219.57,8.37,8.19,0.18,1.8,0.95,30.28,66.01,2025-01-19 06:05:00,NORMAL
193,36,231.94,10.09,9.74,0.35,2.26,0.99,49.72,50.83,2025-01-19 06:10:00,NORMAL
144,46,215.6,10.42,10.08,0.34,2.17,0.79,39.4,34.4,2025-01-19 06:15:00,NORMAL
195,13,229.48,11.17,11.5,0.33,2.64,0.93,37.76,70.36,2025-01-19 06:20:00,NORMAL
127,1,211.99,13.64,13.57,0.07,2.88,0.81,46.06,87.63,2025-01-19 06:25:00,NORMAL
120,16,213.45,5.43,5.11,0.32,1.09,0.7,23.73,70.07,2025-01-19 06:30:00,NORMAL
112,41,225.46,12.42,12.66,0.24,2.85,0.88,49.97,62.38,2025-01-19 06:35:00,NORMAL
126,22,222.84,10.43,10.73,0.3,2.39,0.82,55.57,39.82,2025-01-19 06:40:00,NORMAL
199,32,233.84,7.94,8.33,0.39,1.95,0.93,34.44,67.51,2025-01-19 06:45:00,NORMAL
106,16,229.81,10.33,10.03,0.3,2.3,0.92,47.74,66.67,2025-01-19 06:50:00,NORMAL
121,15,251.0,12.89,12.84,0.05,3.22,0.98,63.75,67.13,2025-01-19 06:55:00,NORMAL
173,46,227.35,13.49,13.37,0.12,3.04,0.83,56.32,83.54,2025-01-19 07:00:00,NORMAL
152,42,197.01,7.96,8.65,0.69,1.7,0.84,43.0,72.98,2025-01-19 07:05:00,VOLTAGE_FAULT
178,12,209.66,8.3,8.06,0.24,1.69,0.82,50.94,77.0,2025-01-19 07:10:00,NORMAL
178,1,218.04,7.41,7.15,0.26,1.56,0.79,67.39,48.8,2025-01-19 07:15:00,NORMAL
103,17,263.85,10.47,10.14,0.33,2.68,0.89,48.8,46.22,2025-01-19 07:20:00,VOLTAGE_FAULT
195,41,229.63,10.56,9.64,0.92,2.21,0.95,59.2,42.41,2025-01-19 07:25:00,NORMAL
122,28,241.09,11.97,12.15,0.18,2.93,0.75,56.94,76.7,2025-01-19 07:30:00,NORMAL
169,7,240.07,10.88,10.44,0.44,2.51,0.99,46.42,71.92,2025-01-19 07:35:00,NORMAL
187,9,217.33,11.79,11.42,0.37,2.48,0.91,64.35,50.53,2025-01-19 07:40:00,NORMAL
183,22,212.07,7.23,6.8,0.43,1.44,0.93,29.82,38.47,2025-01-19 07:45:00,NORMAL
183,26,236.42,13.51,13.47,0.04,3.18,1.0,51.42,80.8,2025-01-19 07:50:00,NORMAL
175,12,207.8,12.59,12.01,0.58,2.5,0.85,36.71,53.06,2025-01-19 07:55:00,NORMAL
132,7,239.78,8.94,9.1,0.16,2.18,0.72,58.38,41.38,2025-01-19 08:00:00,NORMAL
127,46,228.83,8.43,8.46,0.03,1.94,0.94,44.74,38.66,2025-01-19 08:05:00,NORMAL
107,47,236.16,11.49,11.38,0.11,2.69,0.96,59.32,85.18,2025-01-19 08:10:00,NORMAL
100,15,233.03,6.88,6.79,0.09,1.58,0.75,56.48,37.81,2025-01-19 08:15:00,NORMAL
136,38,233.57,8.53,8.14,0.39,1.9,0.71,38.69,51.58,2025-01-19 08:20:00,NORMAL
162,21,231.04,7.94,7.61,0.33,1.76,0.74,53.06,67.93,2025-01-19 08:25:00,NORMAL
121,14,232.82,9.81,9.48,0.33,2.21,0.8,51.86,54.48,2025-01-19 08:30:00,NORMAL
169,2,230.46,9.11,8.25,0.86,1.9,0.98,41.93,58.65,2025-01-19 08:35:00,NORMAL
120,8,216.24,8.43,8.33,0.1,1.8,0.7,58.0,78.16,2025-01-19 08:40:00,NORMAL
195,45,226.06,8.23,7.5,0.73,1.7,0.94,43.35,89.95,2025-01-19 08:45:00,NORMAL
134,6,251.7,8.72,9.05,0.33,2.28,0.96,33.31,58.03,2025-01-19 08:50:00,NORMAL
178,37,233.14,7.62,7.48,0.14,1.74,0.94,49.3,52.73,2025-01-19 08:55:00,NORMAL
104,37,241.42,11.09,10.92,0.17,2.64,0.72,51.83,54.41,2025-01-19 09:00:00,NORMAL
159,33,220.17,12.25,12.7,0.45,2.8,0.9,0.34,52.15,2025-01-19 09:05:00,NORMAL
145,41,219.99,10.8,10.58,0.22,2.33,0.99,80.96,58.43,2025-01-19 09:10:00,OVERHEAT
149,6,217.97,12.77,12.51,0.26,2.73,0.74,87.46,49.99,2025-01-19 09:15:00,OVERHEAT
147,26,216.68,8.32,7.82,0.5,1.69,0.71,32.48,57.76,2025-01-19 09:20:00,NORMAL
105,39,213.78,8.5,8.06,0.44,1.72,0.96,54.24,86.73,2025-01-19 09:25:00,NORMAL
188,41,232.33,10.88,11.32,0.44,2.63,0.89,28.98,47.17,2025-01-19 09:30:00,NORMAL
155,37,226.44,11.14,10.34,0.8,2.34,0.89,20.07,69.11,2025-01-19 09:35:00,NORMAL
158,14,238.75,10.03,10.06,0.03,2.4,0.99,38.12,59.22,2025-01-19 09:40:00,NORMAL
128,37,226.9,9.95,10.05,0.1,2.28,0.93,24.21,73.94,2025-01-19 09:45:00,NORMAL
170,8,205.97,7.87,7.42,0.45,1.53,0.82,53.01,58.34,2025-01-19 09:50:00,NORMAL
176,39,234.44,4.68,4.05,0.63,0.95,0.83,58.19,39.63,2025-01-19 09:55:00,NORMAL
117,13,209.7,11.12,11.16,0.04,2.34,0.74,71.41,82.35,2025-01-19 10:00:00,NORMAL
101,13,232.14,11.96,11.78,0.18,2.73,0.79,45.71,70.55,2025-01-19 10:05:00,NORMAL
107,40,222.29,9.13,8.47,0.66,1.88,0.83,57.95,61.55,2025-01-19 10:10:00,NORMAL
174,43,232.33,8.9,9.17,0.27,2.13,0.78,50.85,79.87,2025-01-19 10:15:00,NORMAL
196,28,215.56,8.68,9.88,1.2,2.13,0.97,49.32,88.57,2025-01-19 10:20:00,LEAKAGE_WARNING
153,18,237.78,9.25,8.78,0.47,2.09,0.7,30.02,54.56,2025-01-19 10:25:00,NORMAL
137,19,230.38,12.01,11.35,0.66,2.61,0.88,41.41,51.18,2025-01-19 10:30:00,NORMAL
147,38,226.56,8.13,8.73,0.6,1.98,0.93,39.49,75.22,2025-01-19 10:35:00,NORMAL
126,32,213.05,11.29,11.1,0.19,2.36,0.92,53.86,57.28,2025-01-19 10:40:00,NORMAL
119,22,248.11,9.0,9.05,0.05,2.25,0.89,13.39,35.15,2025-01-19 10:45:00,NORMAL
111,2,220.93,6.01,5.75,0.26,1.27,0.82,60.78,51.26,2025-01-19 10:50:00,NORMAL
142,13,232.63,9.31,10.14,0.83,2.36,0.98,41.01,78.52,2025-01-19 10:55:00,NORMAL
160,23,220.51,13.28,13.71,0.43,3.02,0.8,35.0,72.4,2025-01-19 11:00:00,NORMAL
130,25,267.77,8.63,8.21,0.42,2.2,0.93,50.17,81.77,2025-01-19 11:05:00,VOLTAGE_FAULT
190,28,231.49,9.53,9.4,0.13,2.18,0.98,44.65,38.8,2025-01-19 11:10:00,NORMAL
195,11,223.85,10.02,9.07,0.95,2.03,0.74,47.38,44.64,2025-01-19 11:15:00,NORMAL
160,33,236.06,10.39,9.9,0.49,2.34,0.98,64.63,42.88,2025-01-19 11:20:00,NORMAL
173,24,237.5,13.08,13.36,0.28,3.17,0.93,18.14,88.28,2025-01-19 11:25:00,NORMAL
166,2,233.95,8.41,7.85,0.56,1.84,0.88,24.14,40.14,2025-01-19 11:30:00,NORMAL
190,30,226.76,10.02,8.97,1.05,2.03,0.81,36.69,65.88,2025-01-19 11:35:00,LEAKAGE_WARNING
134,17,234.41,11.52,11.36,0.16,2.66,0.97,65.97,67.97,2025-01-19 11:40:00,NORMAL
194,40,228.45,8.57,8.17,0.4,1.87,0.71,56.86,67.13,2025-01-19 11:45:00,NORMAL
114,34,229.75,10.15,9.54,0.61,2.19,0.83,43.15,71.5,2025-01-19 11:50:00,NORMAL
115,38,222.15,11.96,11.84,0.12,2.63,0.93,54.08,59.04,2025-01-19 11:55:00,NORMAL
112,22,215.37,8.96,9.82,0.86,2.11,0.94,57.6,35.02,2025-01-19 12:00:00,NORMAL
134,5,235.63,9.65,9.17,0.48,2.16,0.76,52.77,72.07,2025-01-19 12:05:00,NORMAL
174,48,236.06,7.7,7.1,0.6,1.68,0.71,61.26,46.87,2025-01-19 12:10:00,NORMAL
158,40,242.97,11.89,10.96,0.93,2.66,0.94,47.63,34.55,2025-01-19 12:15:00,NORMAL
120,16,230.49,10.32,10.67,0.35,2.46,0.83,52.35,40.19,2025-01-19 12:20:00,NORMAL
153,13,227.84,9.15,9.48,0.33,2.16,0.74,52.44,47.23,2025-01-19 12:25:00,NORMAL
174,26,215.9,9.38,9.52,0.14,2.06,0.73,38.85,55.95,2025-01-19 12:30:00,NORMAL
129,31,229.6,9.98,9.86,0.12,2.26,0.89,42.99,81.68,2025-01-19 12:35:00,NORMAL
147,39,233.6,10.67,10.2,0.47,2.38,0.87,52.63,62.19,2025-01-19 12:40:00,NORMAL
134,48,211.8,8.69,9.05,0.36,1.92,0.96,30.36,58.32,2025-01-19 12:45:00,NORMAL
185,23,240.69,8.85,8.18,0.67,1.97,0.71,34.13,41.48,2025-01-19 12:50:00,NORMAL
137,48,222.88,9.47,8.82,0.65,1.97,0.96,41.08,87.56,2025-01-19 12:55:00,NORMAL
130,12,228.04,10.3,9.64,0.66,2.2,0.97,45.81,84.51,2025-01-19 13:00:00,NORMAL
177,14,235.98,13.21,13.17,0.04,3.11,0.83,44.71,78.96,2025-01-19 13:05:00,NORMAL
123,18,229.93,8.39,9.31,0.92,2.14,0.72,44.74,49.39,2025-01-19 13:10:00,NORMAL
148,27,244.03,6.69,5.69,1.0,1.39,0.98,47.02,63.7,2025-01-19 13:15:00,NORMAL
195,28,236.29,12.8,12.9,0.1,3.05,0.72,41.49,53.33,2025-01-19 13:20:00,NORMAL
199,18,228.52,8.24,7.68,0.56,1.76,0.88,34.76,54.17,2025-01-19 13:25:00,NORMAL
131,16,198.8,12.94,12.68,0.26,2.52,0.85,45.54,34.33,2025-01-19 13:30:00,VOLTAGE_FAULT
154,16,239.96,12.49,11.73,0.76,2.81,0.95,54.58,38.4,2025-01-19 13:35:00,NORMAL
178,13,218.2,11.09,10.92,0.17,2.38,0.85,57.91,87.67,2025-01-19 13:40:00,NORMAL
157,29,238.52,12.43,12.2,0.23,2.91,0.84,15.14,66.61,2025-01-19 13:45:00,NORMAL
198,9,234.9,6.34,6.05,0.29,1.42,0.96,30.13,30.38,2025-01-19 13:50:00,NORMAL
102,26,228.01,7.3,6.89,0.41,1.57,0.99,59.16,78.55,2025-01-19 13:55:00,NORMAL
179,28,239.53,10.57,10.99,0.42,2.63,0.86,40.81,35.22,2025-01-19 14:00:00,NORMAL
168,41,235.21,9.23,8.09,1.14,1.9,0.84,17.47,72.49,2025-01-19 14:05:00,LEAKAGE_WARNING
184,13,233.28,8.43,8.27,0.16,1.93,0.95,63.33,67.25,2025-01-19 14:10:00,NORMAL
109,36,212.84,11.62,11.13,0.49,2.37,0.95,60.09,33.78,2025-01-19 14:15:00,NORMAL
182,9,230.4,10.52,9.56,0.96,2.2,0.8,27.26,61.86,2025-01-19 14:20:00,NORMAL
124,47,217.57,12.1,11.9,0.2,2.59,0.87,27.41,32.85,2025-01-19 14:25:00,NORMAL
167,14,219.04,9.26,9.56,0.3,2.09,0.75,89.73,33.86,2025-01-19 14:30:00,OVERHEAT
160,12,226.39,9.97,10.28,0.31,2.33,0.89,31.24,33.07,2025-01-19 14:35:00,NORMAL
128,32,244.63,13.08,13.1,0.02,3.2,0.95,63.25,45.33,2025-01-19 14:40:00,NORMAL
118,38,233.65,7.43,7.06,0.37,1.65,0.76,68.17,78.11,2025-01-19 14:45:00,NORMAL
142,3,234.31,9.83,9.41,0.42,2.2,0.8,23.22,51.75,2025-01-19 14:50:00,NORMAL
165,16,237.7,8.25,7.49,0.76,1.78,0.83,31.33,68.37,2025-01-19 14:55:00,NORMAL
173,20,221.25,13.39,13.96,0.57,3.09,0.95,60.47,37.49,2025-01-19 15:00:00,NORMAL
160,32,214.24,14.81,14.5,0.31,3.11,0.92,24.56,85.97,2025-01-19 15:05:00,NORMAL
142,23,212.46,10.42,9.91,0.51,2.11,0.8,28.93,60.25,2025-01-19 15:10:00,NORMAL
124,17,232.31,10.99,10.5,0.49,2.44,0.77,42.06,31.48,2025-01-19 15:15:00,NORMAL
119,16,239.87,9.79,10.8,1.01,2.59,0.91,43.12,62.24,2025-01-19 15:20:00,LEAKAGE_WARNING
147,38,239.13,9.72,9.71,0.01,2.32,0.84,61.36,41.07,2025-01-19 15:25:00,NORMAL
182,8,221.69,10.17,9.56,0.61,2.12,0.88,53.44,41.75,2025-01-19 15:30:00,NORMAL
186,19,243.55,7.3,7.51,0.21,1.83,0.89,48.1,66.02,2025-01-19 15:35:00,NORMAL
123,30,250.43,11.32,11.71,0.39,2.93,0.87,42.79,43.58,2025-01-19 15:40:00,NORMAL
110,34,236.08,8.03,7.55,0.48,1.78,0.88,29.24,42.84,2025-01-19 15:45:00,NORMAL
197,14,244.87,9.29,8.94,0.35,2.19,0.97,63.24,62.46,2025-01-19 15:50:00,NORMAL
154,22,238.73,10.07,9.75,0.32,2.33,0.96,47.09,44.13,2025-01-19 15:55:00,NORMAL
127,44,227.7,8.48,8.6,0.12,1.96,0.74,54.83,36.63,2025-01-19 16:00:00,NORMAL
168,17,223.35,11.2,11.66,0.46,2.6,0.88,48.32,54.5,2025-01-19 16:05:00,NORMAL
162,15,213.87,9.05,8.38,0.67,1.79,0.83,46.69,33.12,2025-01-19 16:10:00,NORMAL
158,48,225.55,12.13,10.26,1.87,2.31,0.79,46.56,84.32,2025-01-19 16:15:00,LEAKAGE_WARNING
104,32,227.63,8.26,8.87,0.61,2.02,0.89,45.06,57.09,2025-01-19 16:20:00,NORMAL
150,13,227.85,9.67,8.96,0.71,2.04,0.85,42.88,30.79,2025-01-19 16:25:00,NORMAL
120,21,228.87,7.86,7.75,0.11,1.77,0.93,36.01,43.48,2025-01-19 16:30:00,NORMAL
111,49,207.06,11.96,11.6,0.36,2.4,0.73,52.97,87.47,2025-01-19 16:35:00,NORMAL
149,40,237.79,9.38,9.21,0.17,2.19,0.79,61.87,59.78,2025-01-19 16:40:00,NORMAL
103,33,238.95,8.89,7.59,1.3,1.81,0.71,48.61,51.53,2025-01-19 16:45:00,LEAKAGE_WARNING
141,27,233.71,9.62,9.82,0.2,2.3,0.92,69.07,48.91,2025-01-19 16:50:00,NORMAL
183,35,218.31,9.78,9.88,0.1,2.16,0.97,38.1,55.02,2025-01-19 16:55:00,NORMAL
137,16,233.67,10.81,10.57,0.24,2.47,0.88,77.2,42.71,2025-01-19 17:00:00,NORMAL
124,28,230.23,11.08,10.6,0.48,2.44,0.89,51.65,74.95,2025-01-19 17:05:00,NORMAL
113,34,234.74,9.7,8.83,0.87,2.07,0.71,3.42,60.5,2025-01-19 17:10:00,NORMAL
174,47,245.51,9.92,9.47,0.45,2.32,0.85,73.68,75.09,2025-01-19 17:15:00,NORMAL
131,1,228.22,3.79,3.48,0.31,0.79,0.86,30.73,45.26,2025-01-19 17:20:00,NORMAL
110,41,231.82,9.1,9.12,0.02,2.11,0.71,48.14,30.09,2025-01-19 17:25:00,NORMAL
160,48,221.36,12.86,12.4,0.46,2.74,0.93,52.67,87.97,2025-01-19 17:30:00,NORMAL
117,31,239.22,10.9,11.06,0.16,2.65,0.78,46.04,60.72,2025-01-19 17:35:00,NORMAL
126,36,237.03,7.85,7.55,0.3,1.79,0.92,43.31,34.78,2025-01-19 17:40:00,NORMAL
154,44,232.17,9.22,9.13,0.09,2.12,0.82,35.38,36.23,2025-01-19 17:45:00,NORMAL
153,33,219.47,8.81,9.1,0.29,2.0,1.0,37.31,56.08,2025-01-19 17:50:00,NORMAL
181,33,223.17,12.14,11.16,0.98,2.49,0.76,62.83,71.72,2025-01-19 17:55:00,NORMAL
186,39,211.69,11.94,12.23,0.29,2.59,0.72,29.75,53.8,2025-01-19 18:00:00,NORMAL
174,18,223.05,8.44,8.44,0.0,1.88,0.99,45.8,79.21,2025-01-19 18:05:00,NORMAL
120,23,237.09,10.02,10.61,0.59,2.52,0.77,55.65,49.74,2025-01-19 18:10:00,NORMAL
143,23,233.96,7.73,7.61,0.12,1.78,0.89,29.18,32.74,2025-01-19 18:15:00,NORMAL
104,15,231.6,8.75,8.33,0.42,1.93,0.81,52.01,30.5,2025-01-19 18:20:00,NORMAL
186,26,244.84,8.82,9.07,0.25,2.22,0.89,60.72,81.57,2025-01-19 18:25:00,NORMAL
140,30,233.05,8.6,9.31,0.71,2.17,0.88,50.29,89.07,2025-01-19 18:30:00,NORMAL
158,25,224.23,10.73,10.72,0.01,2.4,0.91,61.88,37.97,2025-01-19 18:35:00,NORMAL
188,45,223.0,12.7,12.58,0.12,2.81,0.71,44.38,33.72,2025-01-19 18:40:00,NORMAL
153,16,227.68,9.88,9.8,0.08,2.23,0.95,32.29,84.86,2025-01-19 18:45:00,NORMAL
173,39,225.5,7.89,6.9,0.99,1.56,0.84,42.7,36.05,2025-01-19 18:50:00,NORMAL
121,48,239.53,10.42,10.05,0.37,2.41,0.86,24.53,43.7,2025-01-19 18:55:00,NORMAL
182,45,234.21,10.42,10.09,0.33,2.36,0.82,80.64,78.1,2025-01-19 19:00:00,OVERHEAT
164,14,226.8,9.62,9.26,0.36,2.1,1.0,44.88,89.88,2025-01-19 19:05:00,NORMAL
163,17,227.18,13.72,13.36,0.36,3.04,0.94,16.77,59.16,2025-01-19 19:10:00,NORMAL
170,12,237.03,10.49,10.51,0.02,2.49,0.79,35.22,42.65,2025-01-19 19:15:00,NORMAL
103,29,240.11,11.15,11.42,0.27,2.74,0.93,41.99,80.86,2025-01-19 19:20:00,NORMAL
164,32,211.57,5.52,4.08,1.44,0.86,0.83,25.82,53.66,2025-01-19 19:25:00,LEAKAGE_WARNING
114,24,228.29,8.07,7.94,0.13,1.81,0.96,25.64,46.36,2025-01-19 19:30:00,NORMAL
175,13,230.91,11.03,10.82,0.21,2.5,0.71,39.84,59.42,2025-01-19 19:35:00,NORMAL
121,20,235.48,10.57,10.35,0.22,2.44,0.81,53.11,81.35,2025-01-19 19:40:00,NORMAL
185,15,231.13,9.24,9.42,0.18,2.18,0.83,59.25,43.98,2025-01-19 19:45:00,NORMAL
146,4,234.07,10.91,10.62,0.29,2.49,0.92,61.74,55.43,2025-01-19 19:50:00,NORMAL
180,34,227.63,11.85,12.29,0.44,2.8,0.75,36.16,56.65,2025-01-19 19:55:00,NORMAL
192,28,221.94,9.05,8.49,0.56,1.88,0.79,4.88,79.97,2025-01-19 20:00:00,NORMAL
145,2,237.84,8.75,8.68,0.07,2.06,0.92,71.68,70.56,2025-01-19 20:05:00,NORMAL
113,47,238.16,9.49,8.73,0.76,2.08,0.72,41.74,76.83,2025-01-19 20:10:00,NORMAL
149,30,236.52,11.0,10.54,0.46,2.49,0.76,38.45,71.6,2025-01-19 20:15:00,NORMAL
119,26,238.3,8.85,8.45,0.4,2.01,0.93,63.6,65.56,2025-01-19 20:20:00,NORMAL
149,47,220.28,11.71,11.91,0.2,2.62,0.96,40.32,37.94,2025-01-19 20:25:00,NORMAL
132,26,224.93,9.04,8.8,0.24,1.98,0.92,52.36,79.98,2025-01-19 20:30:00,NORMAL
158,20,241.2,8.88,8.3,0.58,2.0,0.86,48.69,66.44,2025-01-19 20:35:00,NORMAL
142,42,233.56,14.69,14.43,0.26,3.37,0.73,26.44,72.07,2025-01-19 20:40:00,NORMAL
178,28,230.56,7.53,8.01,0.48,1.85,0.95,28.69,76.72,2025-01-19 20:45:00,NORMAL
111,20,227.48,11.56,10.87,0.69,2.47,0.74,41.67,48.7,2025-01-19 20:50:00,NORMAL
139,11,242.68,6.39,5.81,0.58,1.41,0.82,44.75,56.24,2025-01-19 20:55:00,NORMAL
119,10,212.3,11.32,11.87,0.55,2.52,0.72,35.67,62.48,2025-01-19 21:00:00,NORMAL
193,23,232.94,15.38,15.12,0.26,3.52,0.91,35.54,50.57,2025-01-19 21:05:00,NORMAL
137,37,229.33,12.11,11.5,0.61,2.64,0.85,43.92,45.51,2025-01-19 21:10:00,NORMAL
102,41,217.47,12.68,12.78,0.1,2.78,0.97,34.44,76.61,2025-01-19 21:15:00,NORMAL
127,19,246.17,9.81,10.27,0.46,2.53,0.74,58.39,75.22,2025-01-19 21:20:00,NORMAL
155,45,203.09,11.88,12.22,0.34,2.48,0.95,49.53,79.91,2025-01-19 21:25:00,NORMAL
189,18,231.21,10.5,10.35,0.15,2.39,0.85,37.09,71.8,2025-01-19 21:30:00,NORMAL
193,49,235.28,14.05,13.38,0.67,3.15,0.81,53.83,48.7,2025-01-19 21:35:00,NORMAL
112,27,220.25,7.79,8.13,0.34,1.79,0.89,64.95,49.62,2025-01-19 21:40:00,NORMAL
176,6,232.77,12.37,12.71,0.34,2.96,0.94,47.66,61.67,2025-01-19 21:45:00,NORMAL
165,10,227.76,10.86,10.81,0.05,2.46,0.83,23.32,80.14,2025-01-19 21:50:00,NORMAL
136,2,239.88,8.17,7.63,0.54,1.83,0.77,68.59,50.78,2025-01-19 21:55:00,NORMAL
148,24,265.14,9.45,8.37,1.08,2.22,0.97,70.04,75.96,2025-01-19 22:00:00,LEAKAGE_WARNING
165,38,233.39,6.8,6.56,0.24,1.53,0.79,63.6,48.34,2025-01-19 22:05:00,NORMAL
135,28,236.04,3.47,3.61,0.14,0.85,1.0,54.45,50.31,2025-01-19 22:10:00,NORMAL
153,28,220.25,7.6,7.8,0.2,1.72,0.93,52.61,75.14,2025-01-19 22:15:00,NORMAL
125,45,232.15,9.22,8.33,0.89,1.93,0.91,47.14,70.71,2025-01-19 22:20:00,NORMAL
174,39,226.27,10.16,10.59,0.43,2.4,0.7,46.45,42.49,2025-01-19 22:25:00,NORMAL
171,2,237.79,7.38,7.08,0.3,1.68,0.83,27.57,79.62,2025-01-19 22:30:00,NORMAL
139,46,215.74,9.37,8.51,0.86,1.84,0.85,27.88,77.08,2025-01-19 22:35:00,NORMAL
142,5,219.26,10.47,10.35,0.12,2.27,0.81,31.81,77.85,2025-01-19 22:40:00,NORMAL
121,11,241.8,8.85,9.19,0.34,2.22,0.74,14.87,58.22,2025-01-19 22:45:00,NORMAL
119,10,232.1,7.84,7.38,0.46,1.71,0.81,26.29,49.72,2025-01-19 22:50:00,NORMAL
107,43,243.24,8.54,8.29,0.25,2.02,0.72,44.91,80.99,2025-01-19 22:55:00,NORMAL
128,2,233.64,12.67,12.23,0.44,2.86,0.79,11.48,65.29,2025-01-19 23:00:00,NORMAL
139,15,235.1,6.55,6.06,0.49,1.42,0.73,30.72,85.86,2025-01-19 23:05:00,NORMAL
189,39,226.9,12.31,11.85,0.46,2.69,0.93,41.53,45.23,2025-01-19 23:10:00,NORMAL
129,41,228.06,12.73,12.38,0.35,2.82,0.9,33.51,88.54,2025-01-19 23:15:00,NORMAL
180,37,239.64,9.29,8.75,0.54,2.1,0.98,39.98,52.75,2025-01-19 23:20:00,NORMAL
183,7,228.57,10.92,10.05,0.87,2.3,0.81,49.28,53.07,2025-01-19 23:25:00,NORMAL
154,20,241.84,8.44,8.63,0.19,2.09,0.94,59.42,44.33,2025-01-19 23:30:00,NORMAL
115,34,228.9,10.54,10.47,0.07,2.4,0.88,33.94,87.9,2025-01-19 23:35:00,NORMAL
145,35,218.2,14.45,13.85,0.6,3.02,0.89,40.43,32.38,2025-01-19 23:40:00,NORMAL
161,34,217.29,12.54,12.38,0.16,2.69,0.86,11.83,58.4,2025-01-19 23:45:00,NORMAL
106,22,228.28,8.99,9.42,0.43,2.15,0.93,53.89,51.93,2025-01-19 23:50:00,NORMAL
179,31,239.16,7.36,6.99,0.37,1.67,0.71,32.07,39.56,2025-01-19 23:55:00,NORMAL
144,23,223.35,9.41,9.46,0.05,2.11,0.72,50.14,72.79,2025-01-20 00:00:00,NORMAL
158,19,237.32,10.55,9.29,1.26,2.2,0.73,40.27,83.9,2025-01-20 00:05:00,LEAKAGE_WARNING
155,4,231.01,11.44,10.74,0.7,2.48,0.79,78.48,44.61,2025-01-20 00:10:00,NORMAL
147,24,236.06,9.78,9.0,0.78,2.12,0.88,72.46,59.86,2025-01-20 00:15:00,NORMAL
126,20,227.1,13.57,13.35,0.22,3.03,0.89,54.43,64.69,2025-01-20 00:20:00,NORMAL
152,39,231.83,10.07,9.71,0.36,2.25,0.91,51.4,53.43,2025-01-20 00:25:00,NORMAL
186,28,239.39,9.05,9.02,0.03,2.16,0.78,48.82,85.29,2025-01-20 00:30:00,NORMAL
187,39,229.83,11.05,11.27,0.22,2.59,0.9,38.1,57.69,2025-01-20 00:35:00,NORMAL
172,17,224.75,11.4,11.66,0.26,2.62,0.74,33.41,88.97,2025-01-20 00:40:00,NORMAL
134,19,211.82,8.47,7.2,1.27,1.53,0.7,30.89,47.71,2025-01-20 00:45:00,LEAKAGE_WARNING
150,48,235.42,8.12,7.72,0.4,1.82,0.91,35.5,34.39,2025-01-20 00:50:00,NORMAL
183,35,222.28,6.72,7.18,0.46,1.6,0.91,51.3,64.5,2025-01-20 00:55:00,NORMAL
136,32,224.79,9.42,8.74,0.68,1.96,0.89,41.42,79.4,2025-01-20 01:00:00,NORMAL
180,47,219.29,12.43,10.92,1.51,2.39,0.78,14.32,53.3,2025-01-20 01:05:00,LEAKAGE_WARNING
194,46,227.7,11.33,11.9,0.57,2.71,0.98,83.48,41.11,2025-01-20 01:10:00,OVERHEAT
156,47,250.98,12.25,11.75,0.5,2.95,0.96,42.55,74.29,2025-01-20 01:15:00,NORMAL
107,46,233.52,8.69,9.05,0.36,2.11,0.85,77.25,46.25,2025-01-20 01:20:00,NORMAL
178,39,223.56,9.67,8.89,0.78,1.99,1.0,38.97,76.18,2025-01-20 01:25:00,NORMAL
194,35,225.44,6.19,7.06,0.87,1.59,0.79,41.31,45.74,2025-01-20 01:30:00,NORMAL
193,30,215.61,12.02,11.78,0.24,2.54,0.85,58.91,63.44,2025-01-20 01:35:00,NORMAL
119,17,218.69,12.69,12.27,0.42,2.68,0.98,40.51,83.26,2025-01-20 01:40:00,NORMAL
152,42,217.1,7.87,8.36,0.49,1.81,0.84,51.03,42.28,2025-01-20 01:45:00,NORMAL
111,47,232.7,13.25,12.83,0.42,2.99,0.84,40.07,79.24,2025-01-20 01:50:00,NORMAL
148,29,234.47,9.53,9.56,0.03,2.24,0.72,37.83,45.93,2025-01-20 01:55:00,NORMAL
116,6,230.78,7.83,6.77,1.06,1.56,0.76,68.05,69.64,2025-01-20 02:00:00,LEAKAGE_WARNING
163,17,233.7,9.37,9.88,0.51,2.31,0.75,26.9,44.62,2025-01-20 02:05:00,NORMAL
141,17,222.34,11.26,10.61,0.65,2.36,0.87,37.35,36.87,2025-01-20 02:10:00,NORMAL
193,14,218.52,9.89,9.74,0.15,2.13,0.8,72.39,69.84,2025-01-20 02:15:00,NORMAL
128,24,218.45,8.84,7.99,0.85,1.75,0.72,40.06,65.69,2025-01-20 02:20:00,NORMAL
118,37,218.01,11.18,10.32,0.86,2.25,0.85,22.93,54.09,2025-01-20 02:25:00,NORMAL
110,40,233.59,11.37,11.3,0.07,2.64,0.9,54.22,32.2,2025-01-20 02:30:00,NORMAL
197,39,250.14,9.65,9.47,0.18,2.37,0.92,44.47,58.52,2025-01-20 02:35:00,NORMAL
149,32,219.53,9.29,8.64,0.65,1.9,0.95,51.74,38.92,2025-01-20 02:40:00,NORMAL
170,36,226.58,8.91,8.45,0.46,1.91,0.84,45.98,51.57,2025-01-20 02:45:00,NORMAL
157,37,232.03,10.96,10.82,0.14,2.51,0.82,28.42,65.17,2025-01-20 02:50:00,NORMAL
133,48,227.21,6.79,7.01,0.22,1.59,0.91,48.58,86.36,2025-01-20 02:55:00,NORMAL
119,14,233.33,8.47,8.09,0.38,1.89,0.7,64.0,60.68,2025-01-20 03:00:00,NORMAL
149,27,224.25,9.68,10.04,0.36,2.25,0.89,37.48,41.69,2025-01-20 03:05:00,NORMAL
187,19,223.2,8.42,7.9,0.52,1.76,0.82,31.71,86.77,2025-01-20 03:10:00,NORMAL
109,31,228.18,10.51,9.75,0.76,2.22,0.84,42.4,31.55,2025-01-20 03:15:00,NORMAL
131,46,233.27,10.33,10.54,0.21,2.46,0.79,41.86,68.57,2025-01-20 03:20:00,NORMAL
151,9,242.82,14.96,14.97,0.01,3.64,0.74,40.18,45.74,2025-01-20 03:25:00,NORMAL
114,38,233.77,8.48,8.6,0.12,2.01,0.82,63.53,75.45,2025-01-20 03:30:00,NORMAL
183,17,227.48,9.98,9.25,0.73,2.1,0.79,48.64,49.87,2025-01-20 03:35:00,NORMAL
102,19,238.31,8.09,7.86,0.23,1.87,0.99,69.86,55.72,2025-01-20 03:40:00,NORMAL
136,44,240.0,13.88,13.86,0.02,3.33,0.98,48.41,76.23,2025-01-20 03:45:00,NORMAL
139,4,226.97,13.4,12.88,0.52,2.92,0.89,50.41,83.87,2025-01-20 03:50:00,NORMAL
171,48,228.54,6.86,6.9,0.04,1.58,0.97,77.69,40.95,2025-01-20 03:55:00,NORMAL
139,11,225.73,9.67,9.57,0.1,2.16,0.93,50.15,47.78,2025-01-20 04:00:00,NORMAL
155,22,238.21,10.07,10.43,0.36,2.48,0.8,41.17,30.26,2025-01-20 04:05:00,NORMAL
122,4,230.74,9.32,8.7,0.62,2.01,0.88,30.88,81.39,2025-01-20 04:10:00,NORMAL
110,17,215.94,9.03,9.38,0.35,2.03,0.77,32.18,86.83,2025-01-20 04:15:00,NORMAL
163,8,234.06,11.54,10.62,0.92,2.49,0.91,38.74,46.77,2025-01-20 04:20:00,NORMAL
107,46,244.9,13.58,13.26,0.32,3.25,0.71,41.25,53.07,2025-01-20 04:25:00,NORMAL
192,34,245.69,11.61,11.49,0.12,2.82,0.95,14.05,55.74,2025-01-20 04:30:00,NORMAL
193,11,225.21,11.73,11.54,0.19,2.6,0.87,44.76,54.59,2025-01-20 04:35:00,NORMAL
155,31,223.03,9.29,8.24,1.05,1.84,0.72,4.08,53.57,2025-01-20 04:40:00,LEAKAGE_WARNING
159,11,248.98,12.03,12.5,0.47,3.11,0.96,64.15,58.55,2025-01-20 04:45:00,NORMAL
109,38,245.67,12.03,12.47,0.44,3.06,0.96,16.68,39.23,2025-01-20 04:50:00,NORMAL
138,21,234.67,9.05,8.37,0.68,1.96,0.96,47.77,33.46,2025-01-20 04:55:00,NORMAL
127,46,212.88,9.53,9.79,0.26,2.08,0.93,47.18,73.41,2025-01-20 05:00:00,NORMAL
148,30,223.94,6.85,7.02,0.17,1.57,0.9,65.13,80.79,2025-01-20 05:05:00,NORMAL
135,10,219.06,7.29,7.31,0.02,1.6,0.82,47.05,78.61,2025-01-20 05:10:00,NORMAL
112,26,248.12,9.13,8.37,0.76,2.08,0.74,43.51,67.6,2025-01-20 05:15:00,NORMAL
195,27,214.74,7.86,7.26,0.6,1.56,0.79,49.73,88.13,2025-01-20 05:20:00,NORMAL
135,8,248.04,11.61,11.48,0.13,2.85,0.8,37.09,30.09,2025-01-20 05:25:00,NORMAL
125,39,228.94,9.68,9.28,0.4,2.12,0.81,37.32,49.17,2025-01-20 05:30:00,NORMAL
185,8,218.02,11.07,10.68,0.39,2.33,0.87,48.21,48.6,2025-01-20 05:35:00,NORMAL
103,8,239.87,7.56,7.86,0.3,1.89,0.76,40.6,50.98,2025-01-20 05:40:00,NORMAL
194,34,236.29,12.6,12.87,0.27,3.04,0.76,54.62,78.0,2025-01-20 05:45:00,NORMAL
181,16,217.34,10.98,11.8,0.82,2.56,0.92,31.78,51.09,2025-01-20 05:50:00,NORMAL
163,41,229.75,10.81,9.86,0.95,2.27,0.7,59.28,61.63,2025-01-20 05:55:00,NORMAL
137,13,243.76,11.89,12.03,0.14,2.93,0.74,52.05,66.84,2025-01-20 06:00:00,NORMAL
187,23,225.9,10.64,10.43,0.21,2.36,0.83,45.38,80.72,2025-01-20 06:05:00,NORMAL
186,12,246.8,7.97,7.5,0.47,1.85,0.74,21.9,66.95,2025-01-20 06:10:00,NORMAL
121,27,222.55,11.25,11.54,0.29,2.57,0.99,57.57,52.88,2025-01-20 06:15:00,NORMAL
101,22,213.78,8.43,8.65,0.22,1.85,0.9,74.44,71.68,2025-01-20 06:20:00,NORMAL
130,32,230.45,10.42,10.68,0.26,2.46,0.83,38.04,60.93,2025-01-20 06:25:00,NORMAL
110,49,215.39,8.45,9.7,1.25,2.09,0.73,57.89,61.7,2025-01-20 06:30:00,LEAKAGE_WARNING
191,27,231.25,13.32,13.15,0.17,3.04,0.82,43.28,50.11,2025-01-20 06:35:00,NORMAL
145,2,230.05,11.34,9.97,1.37,2.29,0.9,28.55,30.1,2025-01-20 06:40:00,LEAKAGE_WARNING
195,45,222.41,12.01,12.07,0.06,2.68,0.99,33.49,51.35,2025-01-20 06:45:00,NORMAL
161,33,248.79,8.48,8.53,0.05,2.12,0.84,43.39,48.16,2025-01-20 06:50:00,NORMAL
168,26,229.96,10.6,10.58,0.02,2.43,0.91,51.8,36.02,2025-01-20 06:55:00,NORMAL
163,28,238.64,10.38,10.02,0.36,2.39,0.76,23.1,41.92,2025-01-20 07:00:00,NORMAL
109,19,239.29,10.22,9.58,0.64,2.29,0.89,34.42,88.85,2025-01-20 07:05:00,NORMAL
139,43,247.61,6.13,6.35,0.22,1.57,0.77,45.49,46.79,2025-01-20 07:10:00,NORMAL
123,5,217.91,13.93,13.5,0.43,2.94,0.76,26.1,61.09,2025-01-20 07:15:00,NORMAL
198,33,212.43,9.92,9.76,0.16,2.07,0.85,50.88,62.96,2025-01-20 07:20:00,NORMAL
143,20,247.24,11.0,10.65,0.35,2.63,0.76,70.86,63.6,2025-01-20 07:25:00,NORMAL
159,30,235.81,7.37,6.94,0.43,1.64,0.92,43.48,32.84,2025-01-20 07:30:00,NORMAL
161,45,231.26,12.93,13.22,0.29,3.06,0.98,56.03,76.29,2025-01-20 07:35:00,NORMAL
186,8,228.67,12.76,12.82,0.06,2.93,0.82,25.86,73.82,2025-01-20 07:40:00,NORMAL
116,38,226.89,11.71,11.28,0.43,2.56,0.8,35.54,88.63,2025-01-20 07:45:00,NORMAL
164,17,238.61,10.55,10.42,0.13,2.49,0.75,59.92,41.08,2025-01-20 07:50:00,NORMAL
194,44,215.56,14.67,14.07,0.6,3.03,0.82,24.54,63.23,2025-01-20 07:55:00,NORMAL
194,1,234.77,11.97,11.88,0.09,2.79,0.87,34.35,78.23,2025-01-20 08:00:00,NORMAL
156,3,240.31,7.27,6.56,0.71,1.58,0.81,62.14,37.46,2025-01-20 08:05:00,NORMAL
154,46,237.43,10.45,11.23,0.78,2.67,0.89,35.85,77.37,2025-01-20 08:10:00,NORMAL
152,26,229.29,11.17,10.81,0.36,2.48,0.9,15.0,46.2,2025-01-20 08:15:00,NORMAL
155,31,229.97,10.21,10.65,0.44,2.45,0.73,36.54,46.85,2025-01-20 08:20:00,NORMAL
197,8,242.86,11.15,10.39,0.76,2.52,0.91,71.16,86.74,2025-01-20 08:25:00,NORMAL
108,43,235.82,12.88,12.75,0.13,3.01,0.97,66.6,48.83,2025-01-20 08:30:00,NORMAL
121,46,247.55,9.62,9.59,0.03,2.37,0.71,43.82,65.05,2025-01-20 08:35:00,NORMAL
112,8,212.57,9.24,9.45,0.21,2.01,0.87,41.5,56.41,2025-01-20 08:40:00,NORMAL
188,35,239.07,7.83,7.3,0.53,1.75,0.88,80.39,34.69,2025-01-20 08:45:00,OVERHEAT
147,39,221.89,6.27,5.79,0.48,1.28,0.91,30.96,87.03,2025-01-20 08:50:00,NORMAL
117,28,229.27,9.38,9.32,0.06,2.14,0.82,35.37,42.82,2025-01-20 08:55:00,NORMAL
175,4,243.76,8.65,8.12,0.53,1.98,0.95,60.89,46.06,2025-01-20 09:00:00,NORMAL
139,16,219.98,9.59,9.28,0.31,2.04,0.86,32.0,52.63,2025-01-20 09:05:00,NORMAL
116,13,251.16,8.83,8.59,0.24,2.16,0.82,50.5,59.91,2025-01-20 09:10:00,NORMAL
114,20,241.06,7.85,7.26,0.59,1.75,0.92,26.45,38.66,2025-01-20 09:15:00,NORMAL
114,5,235.79,8.9,7.79,1.11,1.84,0.98,67.35,67.8,2025-01-20 09:20:00,LEAKAGE_WARNING
178,37,220.68,11.03,10.69,0.34,2.36,0.94,38.51,60.88,2025-01-20 09:25:00,NORMAL
162,20,228.2,8.93,8.59,0.34,1.96,0.98,35.26,48.18,2025-01-20 09:30:00,NORMAL
138,24,226.42,9.62,8.96,0.66,2.03,0.78,32.35,71.56,2025-01-20 09:35:00,NORMAL
112,36,217.68,14.19,14.47,0.28,3.15,0.74,27.75,60.84,2025-01-20 09:40:00,NORMAL
180,34,240.94,12.15,12.04,0.11,2.9,0.86,39.76,80.44,2025-01-20 09:45:00,NORMAL
131,45,225.96,10.46,10.45,0.01,2.36,0.71,9.62,81.32,2025-01-20 09:50:00,NORMAL
108,48,228.24,10.52,10.17,0.35,2.32,0.9,28.65,88.81,2025-01-20 09:55:00,NORMAL
139,34,228.75,8.58,8.27,0.31,1.89,0.77,45.25,34.04,2025-01-20 10:00:00,NORMAL
119,19,227.86,9.16,8.08,1.08,1.84,0.84,46.32,54.31,2025-01-20 10:05:00,LEAKAGE_WARNING
189,17,235.3,9.45,8.5,0.95,2.0,0.9,43.94,60.09,2025-01-20 10:10:00,NORMAL
190,5,223.77,10.21,10.77,0.56,2.41,0.84,33.62,44.03,2025-01-20 10:15:00,NORMAL
184,25,240.18,9.91,9.53,0.38,2.29,0.77,67.7,85.32,2025-01-20 10:20:00,NORMAL
181,18,224.04,7.74,7.19,0.55,1.61,0.96,58.04,35.29,2025-01-20 10:25:00,NORMAL
176,8,229.71,11.19,10.95,0.24,2.52,0.93,43.44,55.71,2025-01-20 10:30:00,NORMAL
179,27,216.93,8.85,8.91,0.06,1.93,0.88,43.27,41.11,2025-01-20 10:35:00,NORMAL
172,15,240.72,13.84,12.95,0.89,3.12,0.91,37.89,70.93,2025-01-20 10:40:00,NORMAL
162,45,243.26,12.5,12.13,0.37,2.95,0.82,35.35,72.3,2025-01-20 10:45:00,NORMAL
175,13,237.16,6.68,7.0,0.32,1.66,0.81,42.65,82.35,2025-01-20 10:50:00,NORMAL
143,16,231.7,9.49,8.8,0.69,2.04,0.75,59.18,54.54,2025-01-20 10:55:00,NORMAL
137,22,229.64,13.22,12.79,0.43,2.94,0.94,38.3,76.51,2025-01-20 11:00:00,NORMAL
182,20,214.38,11.33,11.45,0.12,2.45,0.81,64.21,62.97,2025-01-20 11:05:00,NORMAL
159,13,216.45,10.18,10.36,0.18,2.24,0.91,35.24,78.74,2025-01-20 11:10:00,NORMAL
170,20,237.5,5.35,5.55,0.2,1.32,0.79,67.37,35.12,2025-01-20 11:15:00,NORMAL
198,2,228.19,9.56,8.77,0.79,2.0,0.94,40.54,57.81,2025-01-20 11:20:00,NORMAL
147,35,216.41,10.42,9.93,0.49,2.15,0.73,55.21,39.03,2025-01-20 11:25:00,NORMAL
117,47,215.95,5.89,5.21,0.68,1.13,0.89,79.14,77.42,2025-01-20 11:30:00,NORMAL
115,19,236.35,11.23,10.93,0.3,2.58,0.94,81.27,39.16,2025-01-20 11:35:00,OVERHEAT
154,45,238.74,8.6,8.74,0.14,2.09,0.9,24.87,30.48,2025-01-20 11:40:00,NORMAL
138,37,214.66,10.6,10.8,0.2,2.32,0.91,60.51,85.77,2025-01-20 11:45:00,NORMAL
167,6,231.52,10.26,9.52,0.74,2.2,0.86,30.84,59.08,2025-01-20 11:50:00,NORMAL
158,14,233.88,9.49,9.07,0.42,2.12,0.87,50.63,89.11,2025-01-20 11:55:00,NORMAL
188,4,224.16,11.58,11.51,0.07,2.58,0.72,52.33,57.18,2025-01-20 12:00:00,NORMAL
195,22,242.4,10.56,10.35,0.21,2.51,0.78,57.92,65.45,2025-01-20 12:05:00,NORMAL
161,39,226.55,15.43,14.73,0.7,3.34,0.92,25.8,74.65,2025-01-20 12:10:00,NORMAL
112,36,212.83,13.56,13.08,0.48,2.78,0.98,27.32,46.85,2025-01-20 12:15:00,NORMAL
180,34,228.05,7.98,7.83,0.15,1.79,0.86,32.59,37.97,2025-01-20 12:20:00,NORMAL
105,27,243.68,12.37,12.19,0.18,2.97,0.92,53.75,69.67,2025-01-20 12:25:00,NORMAL
182,7,226.55,8.53,8.63,0.1,1.96,0.91,48.68,60.64,2025-01-20 12:30:00,NORMAL
176,3,219.53,7.65,7.44,0.21,1.63,1.0,51.17,79.61,2025-01-20 12:35:00,NORMAL
159,47,236.28,7.05,6.99,0.06,1.65,0.94,27.35,32.7,2025-01-20 12:40:00,NORMAL
189,33,232.58,9.28,9.11,0.17,2.12,0.89,47.51,62.69,2025-01-20 12:45:00,NORMAL
113,2,229.97,12.01,12.08,0.07,2.78,0.73,35.12,41.15,2025-01-20 12:50:00,NORMAL
194,42,234.77,10.32,10.79,0.47,2.53,0.81,35.77,67.04,2025-01-20 12:55:00,NORMAL
153,16,223.08,11.02,10.34,0.68,2.31,0.78,43.08,75.63,2025-01-20 13:00:00,NORMAL
103,25,224.0,3.55,3.06,0.49,0.69,0.96,22.26,45.78,2025-01-20 13:05:00,NORMAL
138,15,237.28,9.54,9.47,0.07,2.25,0.83,52.96,58.91,2025-01-20 13:10:00,NORMAL
171,24,220.34,7.9,7.86,0.04,1.73,0.86,23.5,55.21,2025-01-20 13:15:00,NORMAL
124,15,246.15,6.84,7.33,0.49,1.8,0.99,38.83,75.29,2025-01-20 13:20:00,NORMAL
176,31,242.29,7.59,6.86,0.73,1.66,0.95,56.13,65.99,2025-01-20 13:25:00,NORMAL
131,14,218.56,10.14,9.31,0.83,2.03,0.94,22.33,37.24,2025-01-20 13:30:00,NORMAL
158,14,244.76,11.32,11.16,0.16,2.73,0.74,23.96,88.6,2025-01-20 13:35:00,NORMAL
162,6,231.52,8.18,7.82,0.36,1.81,0.71,60.53,84.74,2025-01-20 13:40:00,NORMAL
137,14,243.85,11.18,11.47,0.29,2.8,0.74,28.88,64.72,2025-01-20 13:45:00,NORMAL
191,17,231.33,11.63,11.39,0.24,2.63,0.92,59.52,76.65,2025-01-20 13:50:00,NORMAL
152,18,228.23,10.66,10.8,0.14,2.46,0.82,51.59,31.2,2025-01-20 13:55:00,NORMAL
193,20,227.19,8.28,8.42,0.14,1.91,0.74,24.9,42.09,2025-01-20 14:00:00,NORMAL
166,17,205.5,9.01,8.95,0.06,1.84,0.92,47.57,76.07,2025-01-20 14:05:00,NORMAL
127,16,239.27,10.66,10.67,0.01,2.55,0.76,51.79,36.37,2025-01-20 14:10:00,NORMAL
102,40,222.93,8.57,8.43,0.14,1.88,0.88,24.08,32.56,2025-01-20 14:15:00,NORMAL
197,39,239.6,11.29,10.56,0.73,2.53,0.92,45.91,66.94,2025-01-20 14:20:00,NORMAL
179,32,246.74,7.78,8.64,0.86,2.13,0.88,57.54,32.05,2025-01-20 14:25:00,NORMAL
121,44,224.22,10.76,10.83,0.07,2.43,1.0,43.77,40.99,2025-01-20 14:30:00,NORMAL
195,9,223.63,11.81,11.29,0.52,2.52,0.83,47.25,34.8,2025-01-20 14:35:00,NORMAL
137,27,240.08,10.38,10.08,0.3,2.42,0.79,42.9,62.06,2025-01-20 14:40:00,NORMAL
171,46,225.32,8.02,8.21,0.19,1.85,0.76,60.35,70.62,2025-01-20 14:45:00,NORMAL
171,33,243.17,6.74,5.49,1.25,1.34,0.85,43.54,41.0,2025-01-20 14:50:00,LEAKAGE_WARNING
161,10,223.09,7.79,6.24,1.55,1.39,0.96,34.53,58.13,2025-01-20 14:55:00,LEAKAGE_WARNING
156,17,244.38,10.97,10.78,0.19,2.63,0.98,41.63,31.21,2025-01-20 15:00:00,NORMAL
105,49,226.94,9.59,9.89,0.3,2.24,0.99,21.54,45.88,2025-01-20 15:05:00,NORMAL
177,49,233.3,8.8,8.73,0.07,2.04,0.86,-0.21,40.78,2025-01-20 15:10:00,NORMAL
131,36,239.82,10.8,11.16,0.36,2.68,0.88,32.58,39.96,2025-01-20 15:15:00,NORMAL
198,17,235.12,6.03,5.63,0.4,1.32,0.87,67.86,43.5,2025-01-20 15:20:00,NORMAL
109,18,240.71,9.48,8.99,0.49,2.16,0.84,60.28,78.32,2025-01-20 15:25:00,NORMAL
102,23,215.44,7.79,7.1,0.69,1.53,0.75,20.35,86.99,2025-01-20 15:30:00,NORMAL
158,34,225.93,7.3,6.9,0.4,1.56,0.72,29.26,72.36,2025-01-20 15:35:00,NORMAL
175,8,230.63,8.97,8.66,0.31,2.0,0.83,35.64,34.34,2025-01-20 15:40:00,NORMAL
148,13,222.34,14.94,15.24,0.3,3.39,0.76,42.13,67.69,2025-01-20 15:45:00,NORMAL
158,23,239.71,11.26,11.67,0.41,2.8,0.97,29.54,74.05,2025-01-20 15:50:00,NORMAL
130,20,224.88,7.74,8.55,0.81,1.92,0.93,35.81,36.67,2025-01-20 15:55:00,NORMAL
192,22,222.37,12.42,12.18,0.24,2.71,0.89,60.37,47.66,2025-01-20 16:00:00,NORMAL
168,47,239.4,7.39,6.76,0.63,1.62,0.71,30.0,55.7,2025-01-20 16:05:00,NORMAL
161,23,219.55,13.03,12.25,0.78,2.69,0.89,53.43,48.64,2025-01-20 16:10:00,NORMAL
151,41,220.03,8.24,7.62,0.62,1.68,0.89,56.43,61.1,2025-01-20 16:15:00,NORMAL
188,35,235.08,10.22,10.2,0.02,2.4,0.83,80.98,37.86,2025-01-20 16:20:00,OVERHEAT
140,3,243.44,14.17,13.04,1.13,3.17,0.9,34.69,56.68,2025-01-20 16:25:00,LEAKAGE_WARNING
130,34,231.62,9.3,9.57,0.27,2.22,0.96,28.23,74.0,2025-01-20 16:30:00,NORMAL
184,33,213.84,13.68,13.98,0.3,2.99,0.93,19.2,57.66,2025-01-20 16:35:00,NORMAL
183,46,236.85,9.86,9.28,0.58,2.2,0.84,54.91,42.63,2025-01-20 16:40:00,NORMAL
121,17,224.07,9.83,8.93,0.9,2.0,0.78,51.43,78.13,2025-01-20 16:45:00,NORMAL
103,45,241.21,8.23,7.13,1.1,1.72,0.84,43.45,53.66,2025-01-20 16:50:00,LEAKAGE_WARNING
112,19,226.2,12.82,12.12,0.7,2.74,0.98,49.85,55.51,2025-01-20 16:55:00,NORMAL
144,30,241.44,9.01,8.44,0.57,2.04,0.95,46.24,51.46,2025-01-20 17:00:00,NORMAL
141,23,225.82,13.81,13.2,0.61,2.98,0.71,38.87,47.38,2025-01-20 17:05:00,NORMAL
148,15,223.11,8.74,8.68,0.06,1.94,0.93,39.96,66.12,2025-01-20 17:10:00,NORMAL
119,14,210.82,9.09,9.29,0.2,1.96,0.75,43.55,41.27,2025-01-20 17:15:00,NORMAL
176,2,223.4,12.01,11.67,0.34,2.61,0.87,81.77,76.15,2025-01-20 17:20:00,OVERHEAT
180,39,231.77,9.78,10.43,0.65,2.42,0.94,58.66,58.9,2025-01-20 17:25:00,NORMAL
153,49,231.0,10.58,10.53,0.05,2.43,0.87,27.52,83.02,2025-01-20 17:30:00,NORMAL
135,18,236.12,7.38,7.45,0.07,1.76,0.82,50.96,86.33,2025-01-20 17:35:00,NORMAL
196,6,242.44,10.22,9.73,0.49,2.36,0.8,44.89,52.98,2025-01-20 17:40:00,NORMAL
100,32,230.29,10.74,10.43,0.31,2.4,0.79,72.09,39.53,2025-01-20 17:45:00,NORMAL
114,21,230.68,13.45,12.51,0.94,2.89,0.95,63.88,60.32,2025-01-20 17:50:00,NORMAL
176,40,241.13,9.04,8.43,0.61,2.03,0.95,43.49,46.23,2025-01-20 17:55:00,NORMAL
116,28,232.31,10.67,10.79,0.12,2.51,0.95,44.58,55.59,2025-01-20 18:00:00,NORMAL
123,27,220.77,12.42,11.88,0.54,2.62,0.78,27.95,52.65,2025-01-20 18:05:00,NORMAL
157,2,224.78,10.09,10.75,0.66,2.42,0.94,54.82,57.03,2025-01-20 18:10:00,NORMAL
171,33,208.7,12.17,11.6,0.57,2.42,0.71,62.2,59.91,2025-01-20 18:15:00,NORMAL
190,16,220.63,15.0,15.17,0.17,3.35,0.76,46.83,67.65,2025-01-20 18:20:00,NORMAL
122,39,213.1,10.06,10.16,0.1,2.17,0.85,48.97,30.23,2025-01-20 18:25:00,NORMAL
145,22,233.51,12.65,11.78,0.87,2.75,0.82,40.1,45.39,2025-01-20 18:30:00,NORMAL
171,43,242.12,11.03,10.64,0.39,2.58,0.73,58.23,40.22,2025-01-20 18:35:00,NORMAL
107,47,220.59,11.71,11.61,0.1,2.56,0.71,24.88,72.63,2025-01-20 18:40:00,NORMAL
158,13,220.96,11.41,10.7,0.71,2.36,0.88,28.22,79.94,2025-01-20 18:45:00,NORMAL
189,2,239.43,12.13,11.19,0.94,2.68,0.79,58.94,73.55,2025-01-20 18:50:00,NORMAL
158,14,225.49,12.0,12.3,0.3,2.77,0.7,23.84,88.48,2025-01-20 18:55:00,NORMAL
112,38,232.57,9.86,10.02,0.16,2.33,0.83,35.5,34.63,2025-01-20 19:00:00,NORMAL
138,41,237.43,8.89,8.28,0.61,1.97,0.79,40.82,57.89,2025-01-20 19:05:00,NORMAL
127,28,222.92,10.85,10.5,0.35,2.34,0.87,52.07,83.96,2025-01-20 19:10:00,NORMAL
188,7,223.11,7.09,7.82,0.73,1.74,0.98,47.31,49.15,2025-01-20 19:15:00,NORMAL
160,18,224.94,11.24,10.15,1.09,2.28,0.79,-1.17,78.14,2025-01-20 19:20:00,LEAKAGE_WARNING
115,41,214.46,11.49,11.53,0.04,2.47,1.0,53.71,63.7,2025-01-20 19:25:00,NORMAL
101,36,234.87,9.64,9.94,0.3,2.33,0.73,41.69,88.71,2025-01-20 19:30:00,NORMAL
181,41,236.01,10.09,9.88,0.21,2.33,0.73,61.0,52.26,2025-01-20 19:35:00,NORMAL
116,36,230.8,11.82,11.17,0.65,2.58,0.91,30.45,55.03,2025-01-20 19:40:00,NORMAL
129,44,243.6,11.49,10.72,0.77,2.61,0.92,68.64,39.83,2025-01-20 19:45:00,NORMAL
112,4,227.39,11.85,11.62,0.23,2.64,0.83,27.37,39.58,2025-01-20 19:50:00,NORMAL
195,30,236.18,11.55,10.08,1.47,2.38,0.79,38.06,81.66,2025-01-20 19:55:00,LEAKAGE_WARNING
192,24,234.86,10.21,8.6,1.61,2.02,0.94,63.9,54.44,2025-01-20 20:00:00,LEAKAGE_WARNING
193,20,222.01,9.97,9.55,0.42,2.12,0.99,78.82,67.23,2025-01-20 20:05:00,NORMAL
181,46,241.55,10.84,10.67,0.17,2.58,1.0,27.39,75.14,2025-01-20 20:10:00,NORMAL
112,31,231.28,12.91,12.88,0.03,2.98,0.89,82.4,56.29,2025-01-20 20:15:00,OVERHEAT
142,24,239.75,10.53,10.41,0.12,2.5,0.92,9.3,87.23,2025-01-20 20:20:00,NORMAL
184,7,216.99,12.61,11.66,0.95,2.53,0.95,56.34,86.29,2025-01-20 20:25:00,NORMAL
193,26,231.1,5.93,5.56,0.37,1.28,0.94,71.42,70.81,2025-01-20 20:30:00,NORMAL
120,13,225.39,10.64,10.0,0.64,2.25,1.0,29.52,89.71,2025-01-20 20:35:00,NORMAL
154,8,221.49,10.17,9.62,0.55,2.13,0.94,63.43,30.16,2025-01-20 20:40:00,NORMAL
180,5,244.09,6.67,6.17,0.5,1.51,0.9,37.33,30.56,2025-01-20 20:45:00,NORMAL
139,44,231.95,6.97,6.23,0.74,1.45,0.81,33.75,34.05,2025-01-20 20:50:00,NORMAL
182,13,215.23,10.92,10.31,0.61,2.22,0.88,24.66,86.61,2025-01-20 20:55:00,NORMAL
114,29,225.03,10.21,9.77,0.44,2.2,0.96,43.82,66.29,2025-01-20 21:00:00,NORMAL
172,20,239.39,11.58,10.46,1.12,2.5,0.79,47.15,85.66,2025-01-20 21:05:00,LEAKAGE_WARNING
151,14,221.47,4.81,5.27,0.46,1.17,0.71,27.09,37.63,2025-01-20 21:10:00,NORMAL
173,32,220.45,12.14,11.8,0.34,2.6,0.8,66.37,31.92,2025-01-20 21:15:00,NORMAL
194,27,228.53,12.15,12.21,0.06,2.79,0.99,35.88,62.6,2025-01-20 21:20:00,NORMAL
152,25,234.69,7.23,6.57,0.66,1.54,0.94,44.42,40.51,2025-01-20 21:25:00,NORMAL
186,4,222.72,12.82,13.44,0.62,2.99,0.76,48.48,81.59,2025-01-20 21:30:00,NORMAL
151,21,233.91,13.58,13.26,0.32,3.1,0.7,89.94,55.22,2025-01-20 21:35:00,OVERHEAT
129,18,230.35,7.33,6.89,0.44,1.59,0.9,64.24,76.23,2025-01-20 21:40:00,NORMAL
132,39,231.56,10.22,9.41,0.81,2.18,0.87,57.23,60.99,2025-01-20 21:45:00,NORMAL
156,15,205.95,10.4,10.41,0.01,2.14,0.72,38.38,61.72,2025-01-20 21:50:00,NORMAL
151,38,230.16,6.4,4.8,1.6,1.1,0.99,50.61,70.91,2025-01-20 21:55:00,LEAKAGE_WARNING
108,48,227.49,9.34,9.43,0.09,2.15,0.89,52.16,50.13,2025-01-20 22:00:00,NORMAL
153,24,233.9,12.81,13.18,0.37,3.08,0.9,44.54,86.93,2025-01-20 22:05:00,NORMAL
100,8,223.46,8.28,7.78,0.5,1.74,0.96,59.37,54.02,2025-01-20 22:10:00,NORMAL
143,28,226.29,13.66,13.52,0.14,3.06,0.8,91.97,53.88,2025-01-20 22:15:00,OVERHEAT
198,21,235.33,10.74,9.62,1.12,2.26,0.87,28.35,72.45,2025-01-20 22:20:00,LEAKAGE_WARNING
174,16,244.46,8.42,9.01,0.59,2.2,0.87,51.21,68.18,2025-01-20 22:25:00,NORMAL
197,16,216.75,10.09,9.87,0.22,2.14,0.99,50.87,89.75,2025-01-20 22:30:00,NORMAL
179,35,235.13,7.07,6.46,0.61,1.52,0.74,41.44,81.01,2025-01-20 22:35:00,NORMAL
108,17,242.2,10.86,10.99,0.13,2.66,0.93,34.96,47.08,2025-01-20 22:40:00,NORMAL
131,9,236.95,9.62,10.12,0.5,2.4,0.87,34.18,36.09,2025-01-20 22:45:00,NORMAL
114,35,241.53,9.15,8.23,0.92,1.99,0.95,78.62,36.4,2025-01-20 22:50:00,NORMAL
111,29,224.56,7.11,7.33,0.22,1.65,0.95,47.38,51.7,2025-01-20 22:55:00,NORMAL
196,39,242.37,9.84,9.12,0.72,2.21,0.7,60.2,58.63,2025-01-20 23:00:00,NORMAL
177,18,222.76,10.41,10.67,0.26,2.38,0.78,40.8,68.23,2025-01-20 23:05:00,NORMAL
156,12,230.55,7.26,7.22,0.04,1.66,0.75,51.49,81.46,2025-01-20 23:10:00,NORMAL
107,19,224.98,12.16,11.58,0.58,2.61,0.84,52.75,89.37,2025-01-20 23:15:00,NORMAL
171,48,225.38,10.56,10.18,0.38,2.29,0.97,41.41,54.52,2025-01-20 23:20:00,NORMAL
126,22,212.79,8.3,8.57,0.27,1.82,0.7,48.96,62.73,2025-01-20 23:25:00,NORMAL
161,49,210.28,9.81,9.34,0.47,1.96,0.85,64.26,66.04,2025-01-20 23:30:00,NORMAL
111,15,241.77,11.67,12.56,0.89,3.04,0.97,28.31,63.51,2025-01-20 23:35:00,NORMAL
164,1,212.01,12.74,13.14,0.4,2.79,0.98,48.39,35.42,2025-01-20 23:40:00,NORMAL
141,2,232.5,13.17,12.1,1.07,2.81,0.9,53.58,36.9,2025-01-20 23:45:00,LEAKAGE_WARNING
161,8,217.01,13.6,13.48,0.12,2.93,0.95,56.98,83.33,2025-01-20 23:50:00,NORMAL
110,22,221.51,7.34,6.78,0.56,1.5,0.8,59.4,70.54,2025-01-20 23:55:00,NORMAL
142,25,236.84,8.58,8.04,0.54,1.9,0.79,55.86,70.73,2025-01-21 00:00:00,NORMAL
194,2,231.62,7.2,7.17,0.03,1.66,0.71,62.92,78.89,2025-01-21 00:05:00,NORMAL
116,9,228.73,12.18,11.92,0.26,2.73,0.85,38.92,35.05,2025-01-21 00:10:00,NORMAL
196,9,241.45,9.65,10.04,0.39,2.42,0.84,66.88,54.93,2025-01-21 00:15:00,NORMAL
131,13,227.1,12.53,12.27,0.26,2.79,0.81,46.85,44.8,2025-01-21 00:20:00,NORMAL
192,6,242.3,7.17,7.22,0.05,1.75,0.73,58.1,69.65,2025-01-21 00:25:00,NORMAL
184,30,219.31,8.62,7.37,1.25,1.62,0.77,25.36,42.9,2025-01-21 00:30:00,LEAKAGE_WARNING
184,15,218.1,8.4,8.55,0.15,1.86,0.76,54.95,71.53,2025-01-21 00:35:00,NORMAL
139,15,228.62,12.48,12.02,0.46,2.75,0.98,47.31,53.27,2025-01-21 00:40:00,NORMAL
122,7,230.03,11.4,11.34,0.06,2.61,0.99,40.49,56.36,2025-01-21 00:45:00,NORMAL
155,11,221.42,5.94,5.33,0.61,1.18,0.7,64.41,79.08,2025-01-21 00:50:00,NORMAL
105,40,227.24,9.07,9.55,0.48,2.17,0.75,48.37,50.89,2025-01-21 00:55:00,NORMAL
185,38,243.65,11.92,11.79,0.13,2.87,0.97,48.02,45.4,2025-01-21 01:00:00,NORMAL
149,40,226.06,12.23,11.73,0.5,2.65,0.71,23.57,81.02,2025-01-21 01:05:00,NORMAL
136,2,210.64,10.83,10.51,0.32,2.21,0.98,34.71,71.12,2025-01-21 01:10:00,NORMAL
163,48,212.57,10.36,9.91,0.45,2.11,0.81,47.76,54.23,2025-01-21 01:15:00,NORMAL
153,39,250.87,8.14,8.35,0.21,2.09,0.86,34.88,59.91,2025-01-21 01:20:00,NORMAL
171,10,244.51,12.14,12.11,0.03,2.96,0.93,66.78,50.87,2025-01-21 01:25:00,NORMAL
148,44,225.64,7.61,7.42,0.19,1.67,0.77,40.6,63.07,2025-01-21 01:30:00,NORMAL
198,17,238.11,6.78,6.19,0.59,1.47,0.73,30.54,38.32,2025-01-21 01:35:00,NORMAL
110,7,232.6,10.42,9.52,0.9,2.21,0.94,28.26,83.31,2025-01-21 01:40:00,NORMAL
187,40,242.71,9.11,9.84,0.73,2.39,1.0,43.0,63.24,2025-01-21 01:45:00,NORMAL
148,39,219.29,11.45,11.41,0.04,2.5,0.9,57.77,53.12,2025-01-21 01:50:00,NORMAL
120,4,219.57,10.97,11.1,0.13,2.44,0.95,30.91,64.3,2025-01-21 01:55:00,NORMAL
165,35,243.19,13.42,13.61,0.19,3.31,0.98,29.32,39.67,2025-01-21 02:00:00,NORMAL
162,47,215.07,10.81,10.48,0.33,2.25,0.77,36.36,34.71,2025-01-21 02:05:00,NORMAL
182,36,230.7,12.12,11.9,0.22,2.75,0.81,43.99,62.89,2025-01-21 02:10:00,NORMAL
127,31,229.55,8.3,8.66,0.36,1.99,0.77,29.14,34.23,2025-01-21 02:15:00,NORMAL
116,25,237.84,11.42,11.81,0.39,2.81,0.72,46.82,69.65,2025-01-21 02:20:00,NORMAL
105,41,231.4,9.45,9.02,0.43,2.09,0.92,68.35,78.01,2025-01-21 02:25:00,NORMAL
118,13,228.68,9.01,9.36,0.35,2.14,0.74,44.79,89.3,2025-01-21 02:30:00,NORMAL
155,18,226.19,8.19,8.34,0.15,1.89,0.73,38.88,76.15,2025-01-21 02:35:00,NORMAL
127,21,220.05,13.08,12.42,0.66,2.73,0.81,61.77,88.45,2025-01-21 02:40:00,NORMAL
165,48,228.34,9.99,9.7,0.29,2.21,0.72,27.72,31.33,2025-01-21 02:45:00,NORMAL
137,1,241.65,8.42,7.45,0.97,1.8,0.75,52.96,63.53,2025-01-21 02:50:00,NORMAL
136,36,227.14,11.36,11.21,0.15,2.55,0.72,45.4,39.88,2025-01-21 02:55:00,NORMAL
167,8,244.06,9.12,7.8,1.32,1.9,0.96,70.39,44.71,2025-01-21 03:00:00,LEAKAGE_WARNING
185,48,237.31,8.4,8.29,0.11,1.97,0.93,63.81,74.07,2025-01-21 03:05:00,NORMAL
189,21,234.77,15.8,15.0,0.8,3.52,0.96,15.66,45.17,2025-01-21 03:10:00,NORMAL
148,43,228.38,7.58,7.8,0.22,1.78,0.96,48.14,40.79,2025-01-21 03:15:00,NORMAL
142,21,223.72,13.73,13.86,0.13,3.1,0.98,23.11,52.31,2025-01-21 03:20:00,NORMAL
135,27,246.82,8.38,7.33,1.05,1.81,0.76,62.11,35.0,2025-01-21 03:25:00,LEAKAGE_WARNING
157,19,237.94,11.25,11.4,0.15,2.71,0.97,30.71,38.79,2025-01-21 03:30:00,NORMAL
112,23,228.61,9.8,9.71,0.09,2.22,0.86,56.81,38.79,2025-01-21 03:35:00,NORMAL
151,43,246.99,11.47,11.6,0.13,2.87,0.75,62.27,43.56,2025-01-21 03:40:00,NORMAL
157,35,236.29,7.24,6.48,0.76,1.53,0.9,17.67,82.24,2025-01-21 03:45:00,NORMAL
131,40,215.8,6.99,7.39,0.4,1.59,0.8,67.1,47.71,2025-01-21 03:50:00,NORMAL
180,42,225.73,11.53,10.68,0.85,2.41,0.71,61.84,46.43,2025-01-21 03:55:00,NORMAL
199,48,237.27,6.44,6.12,0.32,1.45,0.72,29.2,37.56,2025-01-21 04:00:00,NORMAL
159,5,245.08,7.66,7.37,0.29,1.81,0.83,62.42,30.97,2025-01-21 04:05:00,NORMAL
182,41,253.61,9.82,9.65,0.17,2.45,0.95,27.02,39.62,2025-01-21 04:10:00,NORMAL
157,8,230.26,7.41,6.58,0.83,1.52,0.79,58.63,73.38,2025-01-21 04:15:00,NORMAL
198,11,236.16,7.67,7.58,0.09,1.79,0.93,43.63,88.19,2025-01-21 04:20:00,NORMAL
155,16,223.88,9.18,9.34,0.16,2.09,0.72,23.7,74.63,2025-01-21 04:25:00,NORMAL
127,39,221.13,5.63,5.17,0.46,1.14,0.82,67.14,81.19,2025-01-21 04:30:00,NORMAL
100,47,213.14,7.2,7.04,0.16,1.5,0.74,67.11,77.2,2025-01-21 04:35:00,NORMAL
141,24,233.9,12.68,11.5,1.18,2.69,0.96,47.89,47.76,2025-01-21 04:40:00,LEAKAGE_WARNING
181,21,242.65,11.91,11.25,0.66,2.73,0.99,45.34,73.87,2025-01-21 04:45:00,NORMAL
147,23,237.76,14.53,14.16,0.37,3.37,0.8,38.98,75.04,2025-01-21 04:50:00,NORMAL
139,49,230.87,11.19,10.27,0.92,2.37,1.0,53.3,45.51,2025-01-21 04:55:00,NORMAL
196,38,242.24,12.6,13.13,0.53,3.18,0.93,51.13,85.24,2025-01-21 05:00:00,NORMAL
162,47,259.51,9.16,8.68,0.48,2.25,0.7,67.9,89.88,2025-01-21 05:05:00,NORMAL
175,8,221.68,9.63,9.38,0.25,2.08,0.85,48.15,63.68,2025-01-21 05:10:00,NORMAL
171,7,205.76,10.83,10.73,0.1,2.21,0.95,66.0,49.0,2025-01-21 05:15:00,NORMAL
187,2,233.42,6.21,6.15,0.06,1.44,0.86,17.09,51.46,2025-01-21 05:20:00,NORMAL
179,30,240.83,11.09,10.33,0.76,2.49,0.86,57.16,64.95,2025-01-21 05:25:00,NORMAL
103,13,214.53,8.75,9.48,0.73,2.03,0.83,47.67,30.47,2025-01-21 05:30:00,NORMAL
137,23,238.33,9.09,8.65,0.44,2.06,0.82,50.38,48.5,2025-01-21 05:35:00,NORMAL
126,29,226.63,11.99,12.51,0.52,2.84,0.71,72.28,32.94,2025-01-21 05:40:00,NORMAL
108,38,233.37,6.9,6.82,0.08,1.59,0.89,61.61,67.45,2025-01-21 05:45:00,NORMAL
115,37,220.81,10.11,9.94,0.17,2.19,0.93,39.75,66.24,2025-01-21 05:50:00,NORMAL
155,20,220.19,10.9,9.89,1.01,2.18,0.94,32.22,65.46,2025-01-21 05:55:00,LEAKAGE_WARNING
175,33,218.95,8.94,9.01,0.07,1.97,0.89,16.26,39.06,2025-01-21 06:00:00,NORMAL
130,29,236.68,10.07,9.84,0.23,2.33,0.8,51.76,86.67,2025-01-21 06:05:00,NORMAL
187,15,223.76,10.17,10.58,0.41,2.37,0.71,63.45,62.05,2025-01-21 06:10:00,NORMAL
113,23,232.7,11.79,11.34,0.45,2.64,0.97,64.02,63.35,2025-01-21 06:15:00,NORMAL
124,42,230.3,9.64,10.11,0.47,2.33,0.83,38.95,62.66,2025-01-21 06:20:00,NORMAL
133,3,218.2,7.5,8.19,0.69,1.79,0.88,63.76,61.46,2025-01-21 06:25:00,NORMAL
166,37,230.76,8.84,9.39,0.55,2.17,0.76,64.06,86.31,2025-01-21 06:30:00,NORMAL
123,29,232.37,9.3,9.24,0.06,2.15,0.74,59.49,66.12,2025-01-21 06:35:00,NORMAL
172,45,240.63,8.4,8.32,0.08,2.0,0.73,45.79,59.11,2025-01-21 06:40:00,NORMAL
125,8,244.94,10.38,9.61,0.77,2.35,0.94,44.32,75.99,2025-01-21 06:45:00,NORMAL
119,22,219.81,10.28,9.32,0.96,2.05,0.89,53.03,45.09,2025-01-21 06:50:00,NORMAL
163,29,233.55,10.18,9.23,0.95,2.16,0.89,55.23,41.52,2025-01-21 06:55:00,NORMAL
109,2,207.83,8.2,7.42,0.78,1.54,0.98,37.88,56.35,2025-01-21 07:00:00,NORMAL
182,41,238.51,10.26,9.02,1.24,2.15,0.75,39.57,30.94,2025-01-21 07:05:00,LEAKAGE_WARNING
166,49,240.97,12.58,12.15,0.43,2.93,0.75,49.04,47.61,2025-01-21 07:10:00,NORMAL
123,45,203.28,10.59,10.16,0.43,2.07,0.76,35.72,55.2,2025-01-21 07:15:00,NORMAL
104,1,226.61,12.14,11.03,1.11,2.5,0.83,37.37,64.72,2025-01-21 07:20:00,LEAKAGE_WARNING
166,44,221.03,10.22,10.58,0.36,2.34,0.96,18.6,62.59,2025-01-21 07:25:00,NORMAL
157,20,226.58,8.73,8.06,0.67,1.83,0.96,29.86,52.04,2025-01-21 07:30:00,NORMAL
126,21,224.6,11.72,11.54,0.18,2.59,0.88,56.17,50.6,2025-01-21 07:35:00,NORMAL
179,37,229.56,7.19,6.32,0.87,1.45,0.9,60.11,30.08,2025-01-21 07:40:00,NORMAL
114,8,239.87,8.88,8.09,0.79,1.94,0.97,44.41,82.87,2025-01-21 07:45:00,NORMAL
134,27,226.86,9.72,9.6,0.12,2.18,0.89,56.86,43.88,2025-01-21 07:50:00,NORMAL
175,47,220.13,11.31,11.71,0.4,2.58,0.77,11.53,51.48,2025-01-21 07:55:00,NORMAL
152,35,228.02,12.55,11.68,0.87,2.66,0.91,51.42,31.22,2025-01-21 08:00:00,NORMAL
143,6,227.47,11.69,11.73,0.04,2.67,0.93,23.11,87.41,2025-01-21 08:05:00,NORMAL
125,45,229.13,11.49,11.23,0.26,2.57,0.89,32.4,59.67,2025-01-21 08:10:00,NORMAL
146,44,223.72,11.73,12.09,0.36,2.7,0.78,54.74,31.4,2025-01-21 08:15:00,NORMAL
133,19,233.63,12.01,11.99,0.02,2.8,0.82,57.29,45.07,2025-01-21 08:20:00,NORMAL
186,18,242.93,7.72,7.01,0.71,1.7,0.84,16.42,82.76,2025-01-21 08:25:00,NORMAL
194,1,217.31,14.41,14.02,0.39,3.05,0.74,19.99,52.54,2025-01-21 08:30:00,NORMAL
149,25,234.51,12.22,12.4,0.18,2.91,0.84,34.94,71.36,2025-01-21 08:35:00,NORMAL
183,27,239.6,9.64,10.38,0.74,2.49,0.75,18.12,66.83,2025-01-21 08:40:00,NORMAL
111,7,225.66,10.74,10.2,0.54,2.3,0.85,38.79,58.32,2025-01-21 08:45:00,NORMAL
186,44,242.52,7.37,7.38,0.01,1.79,0.72,58.0,79.99,2025-01-21 08:50:00,NORMAL
103,42,229.39,9.48,9.19,0.29,2.11,0.98,21.72,32.42,2025-01-21 08:55:00,NORMAL
186,29,218.74,9.32,9.19,0.13,2.01,0.77,75.19,84.75,2025-01-21 09:00:00,NORMAL
147,31,217.28,9.15,9.16,0.01,1.99,0.84,41.09,73.08,2025-01-21 09:05:00,NORMAL
154,44,237.85,11.63,11.12,0.51,2.64,0.71,50.58,81.82,2025-01-21 09:10:00,NORMAL
100,43,236.93,10.21,10.44,0.23,2.47,0.76,29.58,31.02,2025-01-21 09:15:00,NORMAL
188,36,245.64,7.61,7.34,0.27,1.8,0.91,60.62,35.09,2025-01-21 09:20:00,NORMAL
165,19,236.71,7.65,7.24,0.41,1.71,0.73,48.51,42.35,2025-01-21 09:25:00,NORMAL
129,6,229.01,6.07,5.2,0.87,1.19,0.89,48.82,65.61,2025-01-21 09:30:00,NORMAL
102,25,234.82,11.76,11.53,0.23,2.71,0.7,50.8,35.55,2025-01-21 09:35:00,NORMAL
120,31,230.72,9.55,9.95,0.4,2.3,0.84,25.6,85.89,2025-01-21 09:40:00,NORMAL
188,9,226.67,11.51,10.97,0.54,2.49,0.92,51.16,74.92,2025-01-21 09:45:00,NORMAL
183,20,224.51,16.28,16.52,0.24,3.71,0.98,55.56,78.46,2025-01-21 09:50:00,NORMAL
148,10,212.77,8.2,8.34,0.14,1.77,0.85,22.04,65.03,2025-01-21 09:55:00,NORMAL
185,37,222.58,10.65,10.7,0.05,2.38,0.95,40.96,67.86,2025-01-21 10:00:00,NORMAL
184,27,229.8,12.89,12.78,0.11,2.94,0.94,40.39,43.26,2025-01-21 10:05:00,NORMAL
161,13,202.94,9.02,8.17,0.85,1.66,0.79,45.64,84.6,2025-01-21 10:10:00,NORMAL
196,41,224.85,9.32,8.79,0.53,1.98,0.96,55.82,68.94,2025-01-21 10:15:00,NORMAL
137,2,239.21,11.06,11.41,0.35,2.73,0.89,57.27,55.06,2025-01-21 10:20:00,NORMAL
114,21,243.43,15.09,14.13,0.96,3.44,0.73,43.5,82.9,2025-01-21 10:25:00,NORMAL
151,33,224.73,11.27,10.54,0.73,2.37,0.98,59.34,81.83,2025-01-21 10:30:00,NORMAL
178,24,224.35,8.31,7.9,0.41,1.77,0.75,24.34,30.03,2025-01-21 10:35:00,NORMAL
145,44,222.8,8.56,9.52,0.96,2.12,0.84,48.92,85.49,2025-01-21 10:40:00,NORMAL
124,42,224.42,9.02,9.24,0.22,2.07,0.84,14.79,51.81,2025-01-21 10:45:00,NORMAL
120,34,241.43,6.36,6.16,0.2,1.49,0.89,37.53,55.33,2025-01-21 10:50:00,NORMAL
187,9,246.29,9.68,8.65,1.03,2.13,0.9,52.23,35.12,2025-01-21 10:55:00,LEAKAGE_WARNING
104,2,213.12,10.01,9.15,0.86,1.95,0.77,55.71,82.65,2025-01-21 11:00:00,NORMAL
169,30,221.89,10.09,10.37,0.28,2.3,0.81,49.41,62.35,2025-01-21 11:05:00,NORMAL
146,22,211.37,7.1,7.74,0.64,1.64,0.74,68.61,84.34,2025-01-21 11:10:00,NORMAL
186,46,229.71,10.69,10.58,0.11,2.43,0.74,46.63,76.85,2025-01-21 11:15:00,NORMAL
167,11,225.12,8.03,7.76,0.27,1.75,0.95,19.43,83.88,2025-01-21 11:20:00,NORMAL
190,43,233.59,9.52,9.94,0.42,2.32,0.93,10.89,86.9,2025-01-21 11:25:00,NORMAL
117,17,236.63,8.51,8.75,0.24,2.07,0.83,30.12,83.15,2025-01-21 11:30:00,NORMAL
120,36,235.52,12.31,11.05,1.26,2.6,0.73,30.02,42.59,2025-01-21 11:35:00,LEAKAGE_WARNING
191,13,213.54,8.63,8.62,0.01,1.84,0.83,45.56,34.21,2025-01-21 11:40:00,NORMAL
198,7,229.74,12.69,12.64,0.05,2.9,0.79,36.73,67.22,2025-01-21 11:45:00,NORMAL
185,16,213.04,10.27,8.66,1.61,1.84,0.93,30.72,39.3,2025-01-21 11:50:00,LEAKAGE_WARNING
122,33,247.37,10.84,10.81,0.03,2.67,0.73,36.26,81.79,2025-01-21 11:55:00,NORMAL
163,45,226.45,10.17,10.48,0.31,2.37,0.84,39.93,86.85,2025-01-21 12:00:00,NORMAL
166,1,216.34,8.3,8.45,0.15,1.83,0.88,32.46,37.28,2025-01-21 12:05:00,NORMAL
139,11,224.56,10.81,10.46,0.35,2.35,1.0,45.58,44.15,2025-01-21 12:10:00,NORMAL
109,6,232.08,9.14,9.18,0.04,2.13,0.73,59.21,67.51,2025-01-21 12:15:00,NORMAL
188,20,237.33,10.64,10.51,0.13,2.49,0.73,35.27,73.52,2025-01-21 12:20:00,NORMAL
151,35,243.0,11.21,11.03,0.18,2.68,1.0,46.24,60.74,2025-01-21 12:25:00,NORMAL
171,44,230.63,13.81,12.04,1.77,2.78,0.82,76.05,52.14,2025-01-21 12:30:00,CRITICAL_LEAKAGE
174,37,226.66,10.94,10.38,0.56,2.35,0.92,48.68,48.36,2025-01-21 12:35:00,NORMAL
160,41,236.85,11.91,12.19,0.28,2.89,0.94,61.36,69.96,2025-01-21 12:40:00,NORMAL
163,26,236.58,11.32,11.21,0.11,2.65,0.79,37.91,74.67,2025-01-21 12:45:00,NORMAL
104,12,231.19,9.55,8.95,0.6,2.07,0.76,62.54,47.33,2025-01-21 12:50:00,NORMAL
152,30,238.1,11.36,10.62,0.74,2.53,0.78,32.95,49.56,2025-01-21 12:55:00,NORMAL
154,28,223.9,9.75,10.35,0.6,2.32,0.93,54.02,57.6,2025-01-21 13:00:00,NORMAL
136,27,229.76,9.17,9.68,0.51,2.22,0.95,61.16,57.01,2025-01-21 13:05:00,NORMAL
155,42,209.67,7.82,7.39,0.43,1.55,0.91,68.13,80.56,2025-01-21 13:10:00,NORMAL
158,19,243.9,11.31,11.43,0.12,2.79,0.83,46.88,56.21,2025-01-21 13:15:00,NORMAL
192,5,225.08,8.86,9.05,0.19,2.04,0.78,40.95,88.7,2025-01-21 13:20:00,NORMAL
168,5,243.96,11.26,10.97,0.29,2.68,0.83,24.26,48.66,2025-01-21 13:25:00,NORMAL
172,41,223.44,10.01,9.41,0.6,2.1,0.97,43.9,71.57,2025-01-21 13:30:00,NORMAL
158,27,233.02,9.43,9.35,0.08,2.18,0.96,57.06,75.54,2025-01-21 13:35:00,NORMAL
101,28,230.55,8.27,9.04,0.77,2.08,0.8,55.47,67.82,2025-01-21 13:40:00,NORMAL
164,26,223.98,12.6,12.66,0.06,2.84,0.8,44.71,52.02,2025-01-21 13:45:00,NORMAL
159,27,234.8,9.21,9.59,0.38,2.25,0.93,50.56,45.44,2025-01-21 13:50:00,NORMAL
150,49,242.77,13.17,12.69,0.48,3.08,0.83,70.06,66.26,2025-01-21 13:55:00,NORMAL
129,42,247.9,8.36,7.13,1.23,1.77,0.87,55.22,69.52,2025-01-21 14:00:00,LEAKAGE_WARNING
110,21,237.43,13.02,12.68,0.34,3.01,0.83,41.49,45.46,2025-01-21 14:05:00,NORMAL
191,1,217.9,10.17,9.75,0.42,2.12,0.77,44.96,50.19,2025-01-21 14:10:00,NORMAL
175,28,215.94,11.72,11.11,0.61,2.4,0.76,55.13,81.72,2025-01-21 14:15:00,NORMAL
138,48,241.39,7.4,6.53,0.87,1.58,0.74,53.92,78.63,2025-01-21 14:20:00,NORMAL
189,15,220.03,7.39,7.48,0.09,1.65,0.7,78.86,41.03,2025-01-21 14:25:00,NORMAL
176,17,236.16,10.52,10.35,0.17,2.44,0.78,69.76,86.0,2025-01-21 14:30:00,NORMAL
171,26,231.34,7.97,7.3,0.67,1.69,0.75,29.62,67.68,2025-01-21 14:35:00,NORMAL
162,20,243.19,12.66,12.93,0.27,3.14,0.78,35.24,59.81,2025-01-21 14:40:00,NORMAL
163,25,235.1,10.73,11.28,0.55,2.65,0.72,64.17,42.05,2025-01-21 14:45:00,NORMAL
160,13,229.69,8.71,8.74,0.03,2.01,0.8,33.35,73.81,2025-01-21 14:50:00,NORMAL
153,33,250.61,8.16,7.33,0.83,1.84,0.86,47.53,85.25,2025-01-21 14:55:00,NORMAL
191,25,238.23,9.42,9.15,0.27,2.18,0.98,69.37,33.9,2025-01-21 15:00:00,NORMAL
193,8,235.55,8.86,8.89,0.03,2.09,0.8,49.68,61.24,2025-01-21 15:05:00,NORMAL
172,5,223.17,10.99,10.28,0.71,2.29,0.71,59.74,82.63,2025-01-21 15:10:00,NORMAL
194,6,218.53,9.85,9.37,0.48,2.05,0.81,48.32,87.15,2025-01-21 15:15:00,NORMAL
157,23,227.41,12.34,12.53,0.19,2.85,0.95,43.94,34.33,2025-01-21 15:20:00,NORMAL
184,30,215.01,11.26,11.15,0.11,2.4,0.8,17.38,77.46,2025-01-21 15:25:00,NORMAL
155,14,226.78,8.27,8.58,0.31,1.95,0.79,48.85,46.88,2025-01-21 15:30:00,NORMAL
133,23,238.01,9.15,8.88,0.27,2.11,0.98,37.05,62.49,2025-01-21 15:35:00,NORMAL
130,11,239.82,8.27,7.75,0.52,1.86,0.79,65.14,77.02,2025-01-21 15:40:00,NORMAL
151,31,226.58,8.27,9.3,1.03,2.11,0.99,7.12,62.71,2025-01-21 15:45:00,LEAKAGE_WARNING
188,6,259.36,6.41,6.72,0.31,1.74,0.95,37.39,36.6,2025-01-21 15:50:00,NORMAL
175,11,242.73,11.88,10.84,1.04,2.63,0.91,65.83,65.43,2025-01-21 15:55:00,LEAKAGE_WARNING
100,13,229.7,12.58,12.55,0.03,2.88,0.88,74.34,37.07,2025-01-21 16:00:00,NORMAL
154,12,241.41,8.02,6.99,1.03,1.69,0.77,62.29,50.85,2025-01-21 16:05:00,LEAKAGE_WARNING
121,2,224.21,7.82,8.26,0.44,1.85,0.92,55.04,63.49,2025-01-21 16:10:00,NORMAL
139,35,232.54,11.12,11.19,0.07,2.6,0.8,19.14,89.48,2025-01-21 16:15:00,NORMAL
100,36,226.39,8.36,8.05,0.31,1.82,0.85,29.11,73.62,2025-01-21 16:20:00,NORMAL
164,17,217.88,12.55,12.51,0.04,2.73,0.73,58.93,48.2,2025-01-21 16:25:00,NORMAL
162,28,235.33,8.57,7.74,0.83,1.82,0.79,25.65,82.59,2025-01-21 16:30:00,NORMAL
153,28,229.94,5.72,5.58,0.14,1.28,0.86,41.48,43.57,2025-01-21 16:35:00,NORMAL
141,22,230.68,9.74,9.18,0.56,2.12,0.84,40.33,53.04,2025-01-21 16:40:00,NORMAL
120,38,229.73,8.82,9.17,0.35,2.11,0.8,51.29,68.82,2025-01-21 16:45:00,NORMAL
178,7,221.02,10.29,9.96,0.33,2.2,0.84,55.06,54.63,2025-01-21 16:50:00,NORMAL
180,15,245.88,9.3,9.26,0.04,2.28,0.92,6.92,73.77,2025-01-21 16:55:00,NORMAL
121,32,232.49,11.15,11.45,0.3,2.66,0.84,49.27,69.04,2025-01-21 17:00:00,NORMAL
137,11,227.33,10.85,10.42,0.43,2.37,0.85,34.79,70.04,2025-01-21 17:05:00,NORMAL
198,24,216.91,10.65,9.77,0.88,2.12,0.91,53.34,55.22,2025-01-21 17:10:00,NORMAL
179,3,244.03,10.38,10.48,0.1,2.56,0.95,18.31,33.31,2025-01-21 17:15:00,NORMAL
107,30,239.17,10.0,9.59,0.41,2.29,0.86,60.24,82.36,2025-01-21 17:20:00,NORMAL
161,6,230.02,7.21,7.12,0.09,1.64,0.98,34.29,34.44,2025-01-21 17:25:00,NORMAL
146,2,217.16,10.78,10.53,0.25,2.29,0.81,39.2,57.84,2025-01-21 17:30:00,NORMAL
116,14,246.59,11.46,10.84,0.62,2.67,0.78,69.46,48.12,2025-01-21 17:35:00,NORMAL
116,41,226.35,10.7,9.78,0.92,2.21,0.91,42.95,47.78,2025-01-21 17:40:00,NORMAL
189,18,223.28,9.6,8.78,0.82,1.96,0.75,59.82,43.6,2025-01-21 17:45:00,NORMAL
112,44,229.51,11.18,11.35,0.17,2.6,0.97,44.63,46.3,2025-01-21 17:50:00,NORMAL
116,31,233.75,10.47,10.94,0.47,2.56,0.82,69.97,87.32,2025-01-21 17:55:00,NORMAL
137,13,228.31,11.42,12.23,0.81,2.79,0.91,50.1,88.32,2025-01-21 18:00:00,NORMAL
180,26,196.13,9.82,9.3,0.52,1.82,0.87,52.75,64.26,2025-01-21 18:05:00,VOLTAGE_FAULT
177,44,232.5,7.15,7.21,0.06,1.68,0.72,47.7,61.48,2025-01-21 18:10:00,NORMAL
144,12,239.23,9.64,8.91,0.73,2.13,0.91,40.56,32.9,2025-01-21 18:15:00,NORMAL
105,18,221.09,8.1,8.42,0.32,1.86,0.94,58.13,78.22,2025-01-21 18:20:00,NORMAL
134,9,245.61,9.07,8.65,0.42,2.12,0.99,33.79,40.23,2025-01-21 18:25:00,NORMAL
113,49,238.75,10.17,10.86,0.69,2.59,0.82,55.93,38.56,2025-01-21 18:30:00,NORMAL
171,21,234.69,11.98,11.53,0.45,2.71,0.85,59.42,55.44,2025-01-21 18:35:00,NORMAL
160,48,219.86,11.33,10.93,0.4,2.4,0.96,53.05,50.85,2025-01-21 18:40:00,NORMAL
114,49,232.79,10.42,10.77,0.35,2.51,0.78,30.87,35.8,2025-01-21 18:45:00,NORMAL
153,40,233.55,12.5,12.2,0.3,2.85,0.76,51.71,38.88,2025-01-21 18:50:00,NORMAL
126,43,229.18,10.09,8.86,1.23,2.03,0.74,60.73,89.54,2025-01-21 18:55:00,LEAKAGE_WARNING
112,24,238.91,10.4,9.86,0.54,2.36,0.99,25.99,74.09,2025-01-21 19:00:00,NORMAL
130,34,226.39,9.24,7.56,1.68,1.71,0.78,22.12,65.91,2025-01-21 19:05:00,LEAKAGE_WARNING
134,8,227.28,7.86,7.58,0.28,1.72,0.93,57.68,48.22,2025-01-21 19:10:00,NORMAL
159,44,223.34,11.11,10.62,0.49,2.37,0.83,35.3,55.71,2025-01-21 19:15:00,NORMAL
105,33,225.49,6.86,6.9,0.04,1.56,0.77,56.2,67.68,2025-01-21 19:20:00,NORMAL
168,23,228.5,8.14,7.82,0.32,1.79,0.97,70.67,77.06,2025-01-21 19:25:00,NORMAL
185,13,228.14,10.36,10.65,0.29,2.43,0.84,22.92,86.78,2025-01-21 19:30:00,NORMAL
157,49,227.69,8.3,7.65,0.65,1.74,0.87,21.62,37.36,2025-01-21 19:35:00,NORMAL
148,14,239.24,10.04,10.24,0.2,2.45,0.77,57.04,41.5,2025-01-21 19:40:00,NORMAL
122,14,245.03,10.29,9.26,1.03,2.27,0.8,64.69,64.05,2025-01-21 19:45:00,LEAKAGE_WARNING
188,16,217.18,8.88,9.35,0.47,2.03,0.92,70.72,86.31,2025-01-21 19:50:00,NORMAL
133,49,244.79,10.11,10.06,0.05,2.46,0.8,57.1,57.15,2025-01-21 19:55:00,NORMAL
125,38,236.74,10.08,10.0,0.08,2.37,0.85,42.99,68.04,2025-01-21 20:00:00,NORMAL
146,39,221.07,7.72,8.08,0.36,1.79,0.73,46.44,47.62,2025-01-21 20:05:00,NORMAL
104,26,226.7,11.09,10.77,0.32,2.44,0.96,50.04,78.7,2025-01-21 20:10:00,NORMAL
189,26,232.84,5.94,6.01,0.07,1.4,0.92,70.25,66.32,2025-01-21 20:15:00,NORMAL
119,1,213.45,13.76,12.86,0.9,2.74,0.93,49.39,52.91,2025-01-21 20:20:00,NORMAL
105,32,229.13,11.07,11.28,0.21,2.58,0.75,34.65,62.56,2025-01-21 20:25:00,NORMAL
169,15,235.26,12.04,11.63,0.41,2.74,0.85,48.35,71.69,2025-01-21 20:30:00,NORMAL
158,21,222.56,11.32,11.16,0.16,2.48,0.71,21.56,42.81,2025-01-21 20:35:00,NORMAL
163,18,215.2,9.91,9.82,0.09,2.11,0.79,36.67,50.49,2025-01-21 20:40:00,NORMAL
117,30,231.99,8.46,8.21,0.25,1.9,0.8,40.39,45.03,2025-01-21 20:45:00,NORMAL
103,13,252.08,9.95,9.4,0.55,2.37,0.97,39.15,87.61,2025-01-21 20:50:00,NORMAL
116,24,222.87,11.67,12.41,0.74,2.77,1.0,21.2,32.58,2025-01-21 20:55:00,NORMAL
113,30,223.13,8.35,8.13,0.22,1.81,0.89,27.2,33.39,2025-01-21 21:00:00,NORMAL
177,2,228.0,10.31,10.52,0.21,2.4,0.86,44.7,51.34,2025-01-21 21:05:00,NORMAL
112,19,245.7,6.38,6.55,0.17,1.61,0.83,57.58,62.28,2025-01-21 21:10:00,NORMAL
106,47,213.48,8.38,8.06,0.32,1.72,0.71,38.73,49.73,2025-01-21 21:15:00,NORMAL
143,44,237.7,8.28,7.53,0.75,1.79,0.94,46.13,81.42,2025-01-21 21:20:00,NORMAL
114,47,225.29,13.36,12.38,0.98,2.79,0.9,58.16,40.16,2025-01-21 21:25:00,NORMAL
118,25,226.15,7.33,7.42,0.09,1.68,0.89,85.06,51.88,2025-01-21 21:30:00,OVERHEAT
162,14,219.9,10.8,12.02,1.22,2.64,0.94,40.26,59.28,2025-01-21 21:35:00,LEAKAGE_WARNING
134,6,227.51,13.19,12.95,0.24,2.95,0.98,32.38,42.13,2025-01-21 21:40:00,NORMAL
180,12,220.19,12.01,12.72,0.71,2.8,0.82,56.85,47.41,2025-01-21 21:45:00,NORMAL
134,20,224.58,13.04,12.62,0.42,2.83,0.83,57.78,86.84,2025-01-21 21:50:00,NORMAL
118,23,205.35,13.34,13.59,0.25,2.79,0.99,25.38,61.21,2025-01-21 21:55:00,NORMAL
119,30,212.66,10.11,9.74,0.37,2.07,0.9,28.22,82.18,2025-01-21 22:00:00,NORMAL
199,30,233.37,10.95,11.18,0.23,2.61,0.96,24.45,46.16,2025-01-21 22:05:00,NORMAL
134,38,242.62,10.39,10.77,0.38,2.61,0.77,34.26,66.74,2025-01-21 22:10:00,NORMAL
131,30,262.3,10.96,11.33,0.37,2.97,0.8,57.95,75.79,2025-01-21 22:15:00,VOLTAGE_FAULT
147,41,239.25,10.84,10.44,0.4,2.5,0.82,50.36,55.3,2025-01-21 22:20:00,NORMAL
143,30,224.85,13.43,13.89,0.46,3.12,0.8,47.53,67.48,2025-01-21 22:25:00,NORMAL
123,36,210.16,10.58,10.11,0.47,2.12,0.97,30.27,81.79,2025-01-21 22:30:00,NORMAL
160,49,235.4,8.09,7.0,1.09,1.65,0.85,29.1,38.45,2025-01-21 22:35:00,LEAKAGE_WARNING
116,34,215.47,11.19,10.15,1.04,2.19,0.99,46.11,51.28,2025-01-21 22:40:00,LEAKAGE_WARNING
170,16,221.93,11.46,12.06,0.6,2.68,0.8,44.27,79.43,2025-01-21 22:45:00,NORMAL
149,24,238.86,8.36,8.83,0.47,2.11,0.71,52.34,43.85,2025-01-21 22:50:00,NORMAL
164,14,232.94,8.27,7.83,0.44,1.82,0.74,65.82,63.37,2025-01-21 22:55:00,NORMAL
198,26,220.71,11.9,12.23,0.33,2.7,0.77,27.92,56.28,2025-01-21 23:00:00,NORMAL
131,8,212.94,8.93,8.42,0.51,1.79,0.89,42.76,69.89,2025-01-21 23:05:00,NORMAL
135,14,232.12,9.17,9.83,0.66,2.28,0.75,46.7,70.08,2025-01-21 23:10:00,NORMAL
112,31,233.36,9.08,8.92,0.16,2.08,0.81,47.9,64.71,2025-01-21 23:15:00,NORMAL
169,2,245.04,10.49,9.82,0.67,2.41,0.94,46.11,86.81,2025-01-21 23:20:00,NORMAL
157,48,205.08,12.21,12.79,0.58,2.62,0.74,44.45,40.52,2025-01-21 23:25:00,NORMAL
113,4,231.18,11.34,11.2,0.14,2.59,0.72,47.84,80.11,2025-01-21 23:30:00,NORMAL
136,1,239.17,9.08,8.95,0.13,2.14,0.86,52.75,59.37,2025-01-21 23:35:00,NORMAL
178,20,225.8,12.68,12.18,0.5,2.75,0.91,34.41,69.71,2025-01-21 23:40:00,NORMAL
167,14,214.03,11.74,11.87,0.13,2.54,0.97,52.04,46.42,2025-01-21 23:45:00,NORMAL
139,40,220.75,11.98,12.49,0.51,2.76,0.9,52.72,35.68,2025-01-21 23:50:00,NORMAL
158,25,230.37,11.92,12.98,1.06,2.99,0.98,48.52,76.66,2025-01-21 23:55:00,LEAKAGE_WARNING
179,25,225.13,8.97,8.11,0.86,1.83,0.77,68.64,45.11,2025-01-22 00:00:00,NORMAL
191,3,233.04,8.16,7.54,0.62,1.76,0.8,48.24,53.42,2025-01-22 00:05:00,NORMAL
115,5,242.79,9.32,9.13,0.19,2.22,0.95,50.47,32.85,2025-01-22 00:10:00,NORMAL
161,38,226.01,11.98,11.81,0.17,2.67,0.94,30.34,69.01,2025-01-22 00:15:00,NORMAL
103,26,242.2,7.64,7.23,0.41,1.75,0.9,60.6,71.25,2025-01-22 00:20:00,NORMAL
144,40,228.84,7.37,6.69,0.68,1.53,0.85,73.72,84.1,2025-01-22 00:25:00,NORMAL
189,38,233.39,6.37,7.18,0.81,1.68,0.71,47.34,83.46,2025-01-22 00:30:00,NORMAL
127,38,228.83,7.49,8.18,0.69,1.87,0.78,14.03,72.31,2025-01-22 00:35:00,NORMAL
195,4,233.65,8.42,9.18,0.76,2.14,0.75,61.13,49.33,2025-01-22 00:40:00,NORMAL
165,7,235.39,10.25,10.22,0.03,2.41,0.72,65.54,52.48,2025-01-22 00:45:00,NORMAL
130,30,236.42,7.7,7.41,0.29,1.75,0.93,48.25,52.9,2025-01-22 00:50:00,NORMAL
102,30,230.03,11.32,10.61,0.71,2.44,0.74,37.23,37.78,2025-01-22 00:55:00,NORMAL
107,19,196.69,10.09,11.35,1.26,2.23,0.81,64.1,86.84,2025-01-22 01:00:00,LEAKAGE_WARNING
123,39,235.96,5.91,6.38,0.47,1.51,0.99,62.97,79.09,2025-01-22 01:05:00,NORMAL
114,35,210.3,9.96,9.69,0.27,2.04,0.82,48.77,38.72,2025-01-22 01:10:00,NORMAL
142,40,223.93,10.28,9.95,0.33,2.23,0.74,62.09,86.79,2025-01-22 01:15:00,NORMAL
130,33,206.09,13.83,13.73,0.1,2.83,0.91,34.12,80.59,2025-01-22 01:20:00,NORMAL
172,33,246.99,10.48,10.84,0.36,2.68,0.94,64.38,85.13,2025-01-22 01:25:00,NORMAL
144,14,234.17,6.46,6.61,0.15,1.55,0.78,49.1,47.14,2025-01-22 01:30:00,NORMAL
165,38,226.74,10.46,10.33,0.13,2.34,0.94,40.42,50.13,2025-01-22 01:35:00,NORMAL
107,10,244.19,10.35,11.01,0.66,2.69,0.78,46.73,58.2,2025-01-22 01:40:00,NORMAL
170,28,235.32,11.21,11.44,0.23,2.69,0.91,57.12,43.45,2025-01-22 01:45:00,NORMAL
156,14,231.25,15.27,15.76,0.49,3.64,0.74,49.63,57.93,2025-01-22 01:50:00,NORMAL
179,36,233.95,8.93,8.48,0.45,1.98,0.83,72.54,30.55,2025-01-22 01:55:00,NORMAL
198,38,226.18,8.69,8.95,0.26,2.02,0.86,63.2,82.65,2025-01-22 02:00:00,NORMAL
129,16,217.6,10.94,11.39,0.45,2.48,0.92,27.43,39.74,2025-01-22 02:05:00,NORMAL
173,21,239.61,13.65,13.71,0.06,3.29,0.9,58.86,60.05,2025-01-22 02:10:00,NORMAL
117,28,229.29,11.34,10.76,0.58,2.47,0.96,60.09,85.73,2025-01-22 02:15:00,NORMAL
168,33,212.41,9.31,9.12,0.19,1.94,0.76,54.23,79.26,2025-01-22 02:20:00,NORMAL
192,6,235.07,11.97,11.22,0.75,2.64,0.9,30.75,76.57,2025-01-22 02:25:00,NORMAL
138,41,230.41,13.59,12.92,0.67,2.98,0.74,61.79,66.33,2025-01-22 02:30:00,NORMAL
159,15,247.0,8.46,8.63,0.17,2.13,0.84,48.91,56.18,2025-01-22 02:35:00,NORMAL
197,44,232.69,8.0,7.73,0.27,1.8,0.86,29.83,56.76,2025-01-22 02:40:00,NORMAL
142,3,218.19,10.11,9.36,0.75,2.04,0.71,50.35,35.22,2025-01-22 02:45:00,NORMAL
144,43,212.1,10.6,10.64,0.04,2.26,0.72,61.98,33.89,2025-01-22 02:50:00,NORMAL
122,47,242.64,12.77,12.45,0.32,3.02,0.95,32.36,80.61,2025-01-22 02:55:00,NORMAL
168,35,229.36,9.06,9.31,0.25,2.14,0.79,32.37,54.52,2025-01-22 03:00:00,NORMAL
193,14,221.34,10.8,10.71,0.09,2.37,0.8,55.93,33.24,2025-01-22 03:05:00,NORMAL
105,2,222.8,13.11,13.04,0.07,2.91,0.89,50.51,69.78,2025-01-22 03:10:00,NORMAL
155,29,242.98,10.45,9.94,0.51,2.42,0.77,57.32,71.0,2025-01-22 03:15:00,NORMAL
103,4,234.72,9.21,9.2,0.01,2.16,0.76,46.07,43.65,2025-01-22 03:20:00,NORMAL
192,26,240.97,11.14,10.83,0.31,2.61,0.83,82.63,54.64,2025-01-22 03:25:00,OVERHEAT
122,12,232.45,9.34,8.95,0.39,2.08,0.72,39.73,64.41,2025-01-22 03:30:00,NORMAL
105,2,221.63,10.68,10.87,0.19,2.41,0.98,55.04,65.78,2025-01-22 03:35:00,NORMAL
131,17,247.87,9.63,9.63,0.0,2.39,0.98,38.16,60.67,2025-01-22 03:40:00,NORMAL
117,35,226.09,9.71,9.28,0.43,2.1,0.83,24.0,51.85,2025-01-22 03:45:00,NORMAL
114,10,238.04,9.19,8.07,1.12,1.92,0.76,43.16,34.13,2025-01-22 03:50:00,LEAKAGE_WARNING
139,48,240.84,8.85,9.28,0.43,2.23,0.84,40.86,31.34,2025-01-22 03:55:00,NORMAL
195,22,230.06,11.99,11.53,0.46,2.65,0.73,71.8,57.57,2025-01-22 04:00:00,NORMAL
172,41,218.87,10.38,9.57,0.81,2.09,0.82,51.61,42.18,2025-01-22 04:05:00,NORMAL
173,43,223.22,12.55,12.3,0.25,2.75,0.72,33.48,86.31,2025-01-22 04:10:00,NORMAL
183,21,236.77,5.5,5.75,0.25,1.36,0.91,45.98,68.43,2025-01-22 04:15:00,NORMAL
105,15,235.34,8.96,8.79,0.17,2.07,0.78,31.55,65.13,2025-01-22 04:20:00,NORMAL
162,35,243.01,8.52,8.8,0.28,2.14,0.86,41.37,54.39,2025-01-22 04:25:00,NORMAL
166,48,241.39,9.49,9.54,0.05,2.3,0.7,60.67,49.77,2025-01-22 04:30:00,NORMAL
110,21,220.47,7.94,7.55,0.39,1.66,0.86,52.21,40.79,2025-01-22 04:35:00,NORMAL
142,21,244.44,6.79,6.62,0.17,1.62,0.7,20.34,33.61,2025-01-22 04:40:00,NORMAL
116,21,219.74,11.34,11.04,0.3,2.43,0.98,33.2,68.07,2025-01-22 04:45:00,NORMAL
195,44,235.95,8.81,9.19,0.38,2.17,0.85,32.61,76.75,2025-01-22 04:50:00,NORMAL
103,32,254.21,11.11,11.22,0.11,2.85,0.73,34.73,81.47,2025-01-22 04:55:00,NORMAL
162,5,233.12,7.64,7.13,0.51,1.66,0.8,49.45,73.46,2025-01-22 05:00:00,NORMAL
167,39,212.21,6.73,7.37,0.64,1.56,0.71,60.71,83.82,2025-01-22 05:05:00,NORMAL
180,9,226.74,10.48,10.94,0.46,2.48,0.86,39.97,88.97,2025-01-22 05:10:00,NORMAL
140,18,251.75,11.27,11.22,0.05,2.82,0.74,35.58,87.7,2025-01-22 05:15:00,NORMAL
182,21,227.93,8.77,8.83,0.06,2.01,0.84,57.55,65.53,2025-01-22 05:20:00,NORMAL
104,8,243.27,7.97,7.39,0.58,1.8,0.79,49.71,43.45,2025-01-22 05:25:00,NORMAL
131,44,220.43,12.5,13.5,1.0,2.98,0.93,37.19,36.38,2025-01-22 05:30:00,NORMAL
185,34,226.44,9.89,9.73,0.16,2.2,0.84,39.18,89.64,2025-01-22 05:35:00,NORMAL
169,10,227.84,8.0,7.11,0.89,1.62,0.95,40.65,48.5,2025-01-22 05:40:00,NORMAL
134,41,249.51,7.01,6.65,0.36,1.66,0.98,61.67,32.04,2025-01-22 05:45:00,NORMAL
121,24,226.94,8.62,9.19,0.57,2.09,0.99,51.63,53.46,2025-01-22 05:50:00,NORMAL
164,40,211.15,9.21,7.8,1.41,1.65,0.78,72.52,74.89,2025-01-22 05:55:00,LEAKAGE_WARNING
183,24,253.82,11.53,11.6,0.07,2.94,0.93,53.23,83.45,2025-01-22 06:00:00,NORMAL
121,32,232.27,9.97,10.99,1.02,2.55,0.83,31.71,58.65,2025-01-22 06:05:00,LEAKAGE_WARNING
110,33,236.55,9.73,9.12,0.61,2.16,0.83,19.99,47.64,2025-01-22 06:10:00,NORMAL
176,38,213.93,8.17,8.37,0.2,1.79,0.96,35.67,76.7,2025-01-22 06:15:00,NORMAL
102,44,232.58,12.76,11.62,1.14,2.7,0.74,20.53,60.23,2025-01-22 06:20:00,LEAKAGE_WARNING
108,49,230.19,11.95,11.39,0.56,2.62,0.84,33.33,35.16,2025-01-22 06:25:00,NORMAL
159,34,220.34,11.79,10.52,1.27,2.32,0.88,45.3,83.26,2025-01-22 06:30:00,LEAKAGE_WARNING
175,11,236.68,9.88,10.21,0.33,2.42,0.72,25.51,69.35,2025-01-22 06:35:00,NORMAL
186,31,212.94,10.8,9.96,0.84,2.12,0.96,56.8,32.21,2025-01-22 06:40:00,NORMAL
113,18,220.27,4.85,5.06,0.21,1.11,0.79,37.41,30.54,2025-01-22 06:45:00,NORMAL
196,23,242.12,10.4,10.03,0.37,2.43,0.9,57.01,35.26,2025-01-22 06:50:00,NORMAL
117,22,222.74,13.85,13.56,0.29,3.02,0.98,30.82,79.32,2025-01-22 06:55:00,NORMAL
172,43,225.07,8.84,7.95,0.89,1.79,0.92,55.86,58.88,2025-01-22 07:00:00,NORMAL
122,18,230.9,8.03,7.43,0.6,1.72,0.97,37.43,50.12,2025-01-22 07:05:00,NORMAL
173,40,226.28,9.72,9.75,0.03,2.21,0.72,41.45,44.96,2025-01-22 07:10:00,NORMAL
182,47,236.91,8.28,7.54,0.74,1.79,0.85,35.47,60.41,2025-01-22 07:15:00,NORMAL
146,41,231.76,8.15,8.0,0.15,1.85,0.87,42.74,34.98,2025-01-22 07:20:00,NORMAL
168,47,214.93,10.53,9.98,0.55,2.15,0.91,53.64,67.03,2025-01-22 07:25:00,NORMAL
146,39,222.65,11.65,11.3,0.35,2.52,0.74,24.33,52.83,2025-01-22 07:30:00,NORMAL
186,20,221.57,10.55,10.46,0.09,2.32,0.9,78.33,81.51,2025-01-22 07:35:00,NORMAL
129,13,225.37,7.71,8.17,0.46,1.84,0.74,78.5,75.27,2025-01-22 07:40:00,NORMAL
124,45,231.12,8.66,8.36,0.3,1.93,0.72,37.49,31.1,2025-01-22 07:45:00,NORMAL
127,1,233.06,10.64,10.78,0.14,2.51,0.84,59.95,39.99,2025-01-22 07:50:00,NORMAL
197,4,206.32,11.31,11.73,0.42,2.42,0.88,27.06,58.44,2025-01-22 07:55:00,NORMAL
124,24,240.25,9.58,8.96,0.62,2.15,0.99,20.41,69.52,2025-01-22 08:00:00,NORMAL
173,36,229.09,8.21,8.33,0.12,1.91,0.91,73.99,72.91,2025-01-22 08:05:00,NORMAL
177,36,218.8,11.55,12.25,0.7,2.68,0.88,56.91,78.97,2025-01-22 08:10:00,NORMAL
157,45,239.52,13.62,13.42,0.2,3.21,0.76,47.35,32.95,2025-01-22 08:15:00,NORMAL
193,2,208.94,12.25,12.13,0.12,2.53,0.75,56.32,31.11,2025-01-22 08:20:00,NORMAL
140,28,214.24,13.97,13.8,0.17,2.96,0.88,35.02,66.03,2025-01-22 08:25:00,NORMAL
124,26,251.29,8.76,8.59,0.17,2.16,0.77,46.61,73.43,2025-01-22 08:30:00,NORMAL
177,23,231.46,12.06,12.36,0.3,2.86,0.91,48.65,77.2,2025-01-22 08:35:00,NORMAL
198,15,222.63,12.58,12.58,0.0,2.8,0.73,23.39,39.34,2025-01-22 08:40:00,NORMAL
147,36,231.08,9.03,8.31,0.72,1.92,0.8,62.36,88.12,2025-01-22 08:45:00,NORMAL
197,27,228.18,8.35,7.72,0.63,1.76,0.93,38.32,43.77,2025-01-22 08:50:00,NORMAL
109,6,230.36,8.08,8.06,0.02,1.86,0.95,27.44,45.02,2025-01-22 08:55:00,NORMAL
198,35,234.89,9.82,9.33,0.49,2.19,0.8,70.38,39.26,2025-01-22 09:00:00,NORMAL
174,39,228.02,6.99,6.74,0.25,1.54,0.76,63.58,32.59,2025-01-22 09:05:00,NORMAL
110,38,233.55,13.38,13.34,0.04,3.12,0.99,41.91,78.58,2025-01-22 09:10:00,NORMAL
184,35,228.42,7.43,6.61,0.82,1.51,0.93,26.26,30.34,2025-01-22 09:15:00,NORMAL
120,36,221.79,10.84,11.09,0.25,2.46,0.94,53.02,57.83,2025-01-22 09:20:00,NORMAL
185,10,218.94,5.47,5.12,0.35,1.12,0.77,46.16,35.52,2025-01-22 09:25:00,NORMAL
144,30,243.19,14.09,14.72,0.63,3.58,0.83,78.01,32.69,2025-01-22 09:30:00,NORMAL
106,41,236.47,12.5,12.12,0.38,2.87,0.72,65.24,86.08,2025-01-22 09:35:00,NORMAL
180,38,240.37,6.81,6.94,0.13,1.67,0.73,38.26,79.52,2025-01-22 09:40:00,NORMAL
163,29,230.04,10.61,10.6,0.01,2.44,0.77,67.03,53.69,2025-01-22 09:45:00,NORMAL
163,43,232.26,9.52,9.47,0.05,2.2,0.79,65.43,57.52,2025-01-22 09:50:00,NORMAL
101,39,228.22,10.31,11.22,0.91,2.56,1.0,18.9,82.09,2025-01-22 09:55:00,NORMAL
175,4,241.57,11.27,11.88,0.61,2.87,0.83,53.91,77.81,2025-01-22 10:00:00,NORMAL
141,5,226.55,8.4,7.78,0.62,1.76,0.91,63.35,71.5,2025-01-22 10:05:00,NORMAL
181,4,220.16,9.89,9.64,0.25,2.12,0.97,39.01,62.19,2025-01-22 10:10:00,NORMAL
153,36,235.21,6.38,5.45,0.93,1.28,0.77,26.62,66.47,2025-01-22 10:15:00,NORMAL
174,45,228.48,10.17,10.65,0.48,2.43,0.74,90.31,53.6,2025-01-22 10:20:00,OVERHEAT
115,16,232.5,5.88,5.25,0.63,1.22,0.77,69.04,61.69,2025-01-22 10:25:00,NORMAL
117,25,237.11,12.61,12.18,0.43,2.89,0.96,49.41,62.38,2025-01-22 10:30:00,NORMAL
198,14,224.21,7.07,6.29,0.78,1.41,0.9,13.46,81.89,2025-01-22 10:35:00,NORMAL
158,11,227.81,10.59,10.44,0.15,2.38,0.84,39.42,43.12,2025-01-22 10:40:00,NORMAL
189,29,226.9,11.66,11.4,0.26,2.59,0.95,75.15,44.8,2025-01-22 10:45:00,NORMAL
115,34,242.87,13.73,13.97,0.24,3.39,0.77,65.79,42.66,2025-01-22 10:50:00,NORMAL
105,22,230.14,13.55,13.49,0.06,3.1,0.77,41.65,64.75,2025-01-22 10:55:00,NORMAL
156,14,231.56,12.79,12.84,0.05,2.97,0.87,38.15,71.71,2025-01-22 11:00:00,NORMAL
146,24,218.44,9.97,10.43,0.46,2.28,0.94,67.66,44.31,2025-01-22 11:05:00,NORMAL
147,39,237.31,12.23,11.96,0.27,2.84,0.78,42.12,70.62,2025-01-22 11:10:00,NORMAL
141,26,234.28,10.55,9.88,0.67,2.31,0.76,43.92,67.69,2025-01-22 11:15:00,NORMAL
175,43,221.65,10.72,9.93,0.79,2.2,0.84,52.28,49.26,2025-01-22 11:20:00,NORMAL
159,36,249.23,8.76,8.97,0.21,2.24,0.74,54.66,43.79,2025-01-22 11:25:00,NORMAL
176,39,233.37,13.48,13.3,0.18,3.1,0.92,29.3,82.91,2025-01-22 11:30:00,NORMAL
103,16,223.76,8.39,8.26,0.13,1.85,0.87,55.1,64.18,2025-01-22 11:35:00,NORMAL
101,38,229.97,7.86,6.92,0.94,1.59,0.85,30.85,72.23,2025-01-22 11:40:00,NORMAL
189,32,226.31,10.82,9.73,1.09,2.2,0.96,65.31,85.52,2025-01-22 11:45:00,LEAKAGE_WARNING
158,6,245.44,6.42,6.87,0.45,1.69,0.92,40.75,42.32,2025-01-22 11:50:00,NORMAL
126,34,239.33,10.24,9.8,0.44,2.35,0.74,50.21,51.03,2025-01-22 11:55:00,NORMAL
126,8,234.54,13.27,12.8,0.47,3.0,0.83,2.74,56.07,2025-01-22 12:00:00,NORMAL
178,30,247.17,10.83,10.73,0.1,2.65,0.8,58.42,43.97,2025-01-22 12:05:00,NORMAL
171,27,219.62,10.06,10.49,0.43,2.3,0.94,60.5,80.43,2025-01-22 12:10:00,NORMAL
106,7,237.76,8.32,7.77,0.55,1.85,0.92,38.06,35.0,2025-01-22 12:15:00,NORMAL
162,27,235.47,7.0,6.19,0.81,1.46,0.84,25.26,44.35,2025-01-22 12:20:00,NORMAL
145,25,227.7,11.73,11.8,0.07,2.69,0.95,24.78,41.46,2025-01-22 12:25:00,NORMAL
162,46,227.74,10.06,9.26,0.8,2.11,0.82,45.87,87.2,2025-01-22 12:30:00,NORMAL
111,41,239.23,11.25,11.05,0.2,2.64,0.94,29.1,67.64,2025-01-22 12:35:00,NORMAL
112,15,238.5,5.62,4.71,0.91,1.12,0.71,44.86,72.97,2025-01-22 12:40:00,NORMAL
142,25,215.78,11.46,10.55,0.91,2.28,0.74,47.6,36.51,2025-01-22 12:45:00,NORMAL
116,22,248.16,13.97,13.78,0.19,3.42,0.93,49.29,41.64,2025-01-22 12:50:00,NORMAL
162,18,241.43,12.68,12.27,0.41,2.96,0.73,67.44,78.59,2025-01-22 12:55:00,NORMAL
180,12,227.18,10.59,10.74,0.15,2.44,0.91,65.49,64.06,2025-01-22 13:00:00,NORMAL
135,23,222.09,7.91,8.52,0.61,1.89,0.92,48.21,32.71,2025-01-22 13:05:00,NORMAL
184,45,241.1,10.24,9.91,0.33,2.39,0.9,55.92,63.94,2025-01-22 13:10:00,NORMAL
107,39,234.96,10.31,10.84,0.53,2.55,0.95,51.86,58.52,2025-01-22 13:15:00,NORMAL
168,25,237.16,9.01,7.76,1.25,1.84,0.85,67.93,39.22,2025-01-22 13:20:00,LEAKAGE_WARNING
189,10,235.71,9.16,8.39,0.77,1.98,0.97,48.13,65.58,2025-01-22 13:25:00,NORMAL
179,30,242.15,14.2,14.08,0.12,3.41,0.87,59.84,40.43,2025-01-22 13:30:00,NORMAL
135,10,238.56,8.07,6.54,1.53,1.56,0.85,79.1,78.69,2025-01-22 13:35:00,CRITICAL_LEAKAGE
127,34,224.66,9.14,9.26,0.12,2.08,0.85,52.37,67.11,2025-01-22 13:40:00,NORMAL
192,46,224.08,11.12,11.12,0.0,2.49,0.97,38.88,82.28,2025-01-22 13:45:00,NORMAL
146,13,233.56,14.36,14.36,0.0,3.35,0.77,39.52,55.48,2025-01-22 13:50:00,NORMAL
175,29,252.9,9.4,9.23,0.17,2.33,0.91,35.03,60.72,2025-01-22 13:55:00,NORMAL
129,38,228.5,6.4,6.36,0.04,1.45,0.77,57.51,75.64,2025-01-22 14:00:00,NORMAL
122,41,233.63,5.73,5.3,0.43,1.24,0.73,51.53,62.78,2025-01-22 14:05:00,NORMAL
115,45,238.95,15.04,15.34,0.3,3.67,0.99,40.72,64.32,2025-01-22 14:10:00,NORMAL
113,9,225.81,6.18,5.92,0.26,1.34,0.74,69.23,63.2,2025-01-22 14:15:00,NORMAL
173,13,237.97,10.15,10.22,0.07,2.43,0.91,40.2,59.48,2025-01-22 14:20:00,NORMAL
170,37,230.14,6.97,6.74,0.23,1.55,0.83,47.54,78.34,2025-01-22 14:25:00,NORMAL
151,14,242.5,8.42,8.76,0.34,2.12,0.95,34.38,59.11,2025-01-22 14:30:00,NORMAL
136,37,220.55,8.7,8.93,0.23,1.97,0.93,44.46,84.05,2025-01-22 14:35:00,NORMAL
128,9,253.14,6.09,4.83,1.26,1.22,0.74,34.06,78.52,2025-01-22 14:40:00,LEAKAGE_WARNING
166,8,226.88,12.44,12.7,0.26,2.88,0.84,44.55,71.55,2025-01-22 14:45:00,NORMAL
114,39,235.21,10.86,10.4,0.46,2.45,0.71,30.37,83.92,2025-01-22 14:50:00,NORMAL
199,40,230.05,9.15,9.22,0.07,2.12,0.83,38.42,62.23,2025-01-22 14:55:00,NORMAL
146,3,219.21,8.85,9.16,0.31,2.01,0.91,35.42,79.31,2025-01-22 15:00:00,NORMAL
145,47,238.33,12.18,11.95,0.23,2.85,0.77,36.17,44.51,2025-01-22 15:05:00,NORMAL
151,40,227.36,10.18,10.41,0.23,2.37,0.94,32.5,34.38,2025-01-22 15:10:00,NORMAL
118,33,235.26,14.17,13.71,0.46,3.23,0.72,40.91,71.1,2025-01-22 15:15:00,NORMAL
176,32,221.95,9.1,8.96,0.14,1.99,0.71,8.18,48.1,2025-01-22 15:20:00,NORMAL
120,7,227.4,10.85,9.98,0.87,2.27,0.71,55.99,68.08,2025-01-22 15:25:00,NORMAL
163,19,227.06,7.54,7.99,0.45,1.81,0.78,50.09,34.64,2025-01-22 15:30:00,NORMAL
136,34,235.51,9.13,8.79,0.34,2.07,0.84,50.3,87.34,2025-01-22 15:35:00,NORMAL
126,14,233.08,12.08,11.69,0.39,2.72,0.73,43.17,60.91,2025-01-22 15:40:00,NORMAL
154,47,228.23,12.36,12.66,0.3,2.89,1.0,64.56,30.57,2025-01-22 15:45:00,NORMAL
128,46,226.3,13.68,13.81,0.13,3.13,1.0,34.97,58.56,2025-01-22 15:50:00,NORMAL
119,19,233.15,10.89,11.4,0.51,2.66,0.86,20.19,77.38,2025-01-22 15:55:00,NORMAL
124,26,231.98,12.47,13.05,0.58,3.03,0.87,49.64,81.91,2025-01-22 16:00:00,NORMAL
169,17,231.29,11.25,11.11,0.14,2.57,0.98,74.17,57.68,2025-01-22 16:05:00,NORMAL
162,28,249.69,9.17,8.57,0.6,2.14,0.93,67.24,37.56,2025-01-22 16:10:00,NORMAL
135,19,235.52,6.97,6.84,0.13,1.61,0.75,59.27,84.37,2025-01-22 16:15:00,NORMAL
101,27,249.24,9.54,9.38,0.16,2.34,0.94,79.55,88.87,2025-01-22 16:20:00,NORMAL
121,48,229.3,7.71,8.16,0.45,1.87,0.77,39.37,33.79,2025-01-22 16:25:00,NORMAL
195,19,229.52,12.11,12.96,0.85,2.97,0.83,38.64,34.68,2025-01-22 16:30:00,NORMAL
115,33,224.95,12.22,11.85,0.37,2.67,0.86,41.62,63.94,2025-01-22 16:35:00,NORMAL
117,7,233.02,7.97,8.1,0.13,1.89,0.92,8.01,62.03,2025-01-22 16:40:00,NORMAL
168,29,226.74,12.22,12.92,0.7,2.93,0.75,67.35,65.32,2025-01-22 16:45:00,NORMAL
153,43,225.32,7.64,7.71,0.07,1.74,0.72,45.39,49.03,2025-01-22 16:50:00,NORMAL
199,5,211.0,12.89,12.57,0.32,2.65,0.96,35.94,33.02,2025-01-22 16:55:00,NORMAL
129,30,244.66,9.68,9.28,0.4,2.27,0.95,42.32,64.82,2025-01-22 17:00:00,NORMAL
144,49,226.17,10.92,10.62,0.3,2.4,0.86,31.04,39.09,2025-01-22 17:05:00,NORMAL
118,43,244.75,12.9,13.05,0.15,3.19,0.9,45.97,50.48,2025-01-22 17:10:00,NORMAL
186,8,229.04,11.19,10.69,0.5,2.45,0.92,37.49,64.95,2025-01-22 17:15:00,NORMAL
133,42,236.45,9.73,9.54,0.19,2.26,0.84,38.19,42.51,2025-01-22 17:20:00,NORMAL
112,12,230.74,11.75,11.99,0.24,2.77,0.78,31.88,62.55,2025-01-22 17:25:00,NORMAL
142,42,234.15,8.07,8.43,0.36,1.97,0.84,45.66,72.88,2025-01-22 17:30:00,NORMAL
161,13,219.91,6.14,5.84,0.3,1.28,0.99,37.5,33.95,2025-01-22 17:35:00,NORMAL
192,26,241.82,12.29,11.66,0.63,2.82,0.95,65.4,67.17,2025-01-22 17:40:00,NORMAL
199,18,226.33,7.37,6.87,0.5,1.55,0.84,53.1,60.57,2025-01-22 17:45:00,NORMAL
121,42,239.26,11.84,11.56,0.28,2.77,0.77,25.38,35.85,2025-01-22 17:50:00,NORMAL
151,49,215.39,10.28,9.76,0.52,2.1,0.97,54.2,72.38,2025-01-22 17:55:00,NORMAL
151,20,222.45,9.97,8.58,1.39,1.91,0.89,50.13,48.65,2025-01-22 18:00:00,LEAKAGE_WARNING
135,16,233.72,8.11,7.77,0.34,1.82,0.82,46.06,40.94,2025-01-22 18:05:00,NORMAL
172,37,228.36,9.1,8.82,0.28,2.01,0.73,42.64,46.95,2025-01-22 18:10:00,NORMAL
118,3,234.57,10.03,9.56,0.47,2.24,0.93,62.65,62.77,2025-01-22 18:15:00,NORMAL
137,27,232.08,10.4,9.82,0.58,2.28,0.8,28.41,64.8,2025-01-22 18:20:00,NORMAL
169,15,248.28,8.19,8.66,0.47,2.15,0.88,43.98,40.18,2025-01-22 18:25:00,NORMAL
178,34,235.4,11.49,11.2,0.29,2.64,0.87,19.85,86.2,2025-01-22 18:30:00,NORMAL
156,45,225.67,11.61,10.91,0.7,2.46,0.91,53.0,49.74,2025-01-22 18:35:00,NORMAL
119,22,226.07,10.97,9.9,1.07,2.24,0.86,44.03,46.1,2025-01-22 18:40:00,LEAKAGE_WARNING
108,40,242.04,9.12,8.91,0.21,2.16,0.89,30.29,41.2,2025-01-22 18:45:00,NORMAL
131,23,214.72,11.72,11.75,0.03,2.52,0.72,47.77,37.23,2025-01-22 18:50:00,NORMAL
103,49,235.59,11.24,10.96,0.28,2.58,0.9,65.46,88.92,2025-01-22 18:55:00,NORMAL
149,4,218.84,6.09,6.21,0.12,1.36,0.76,46.67,70.48,2025-01-22 19:00:00,NORMAL
181,41,241.09,10.42,9.44,0.98,2.28,0.82,21.38,77.22,2025-01-22 19:05:00,NORMAL
104,23,225.68,13.87,13.43,0.44,3.03,0.85,44.72,54.09,2025-01-22 19:10:00,NORMAL
119,47,235.26,11.94,11.77,0.17,2.77,0.91,49.42,54.88,2025-01-22 19:15:00,NORMAL
186,9,230.37,12.31,11.55,0.76,2.66,0.92,34.61,89.21,2025-01-22 19:20:00,NORMAL
174,24,216.13,8.6,8.98,0.38,1.94,0.91,78.3,42.04,2025-01-22 19:25:00,NORMAL
136,21,236.4,10.25,11.09,0.84,2.62,0.73,23.26,49.62,2025-01-22 19:30:00,NORMAL
121,41,222.79,9.63,9.22,0.41,2.05,0.82,6.85,41.71,2025-01-22 19:35:00,NORMAL
157,46,238.02,10.0,9.26,0.74,2.2,0.78,30.94,46.96,2025-01-22 19:40:00,NORMAL
167,16,219.98,8.97,8.84,0.13,1.94,0.82,15.77,69.81,2025-01-22 19:45:00,NORMAL
192,25,232.42,7.53,7.67,0.14,1.78,0.89,59.16,48.54,2025-01-22 19:50:00,NORMAL
143,26,230.39,10.13,10.41,0.28,2.4,0.76,60.92,82.53,2025-01-22 19:55:00,NORMAL
133,49,223.97,8.44,8.86,0.42,1.98,0.85,20.84,32.92,2025-01-22 20:00:00,NORMAL
176,45,243.8,11.17,10.64,0.53,2.59,0.97,28.67,51.28,2025-01-22 20:05:00,NORMAL
141,9,230.34,9.94,9.33,0.61,2.15,0.92,26.78,81.64,2025-01-22 20:10:00,NORMAL
108,15,225.78,6.15,5.49,0.66,1.24,0.92,44.66,67.28,2025-01-22 20:15:00,NORMAL
194,39,232.99,12.76,12.56,0.2,2.93,0.95,52.05,76.26,2025-01-22 20:20:00,NORMAL
106,33,215.44,10.87,11.25,0.38,2.42,0.82,67.43,49.42,2025-01-22 20:25:00,NORMAL
167,1,254.52,9.08,9.24,0.16,2.35,0.93,51.37,52.16,2025-01-22 20:30:00,NORMAL
118,5,219.14,9.33,8.83,0.5,1.94,0.72,39.95,83.29,2025-01-22 20:35:00,NORMAL
193,9,235.52,7.54,7.86,0.32,1.85,0.72,39.27,74.97,2025-01-22 20:40:00,NORMAL
130,44,230.61,9.88,9.73,0.15,2.24,0.8,46.46,53.06,2025-01-22 20:45:00,NORMAL
134,6,241.8,11.36,11.67,0.31,2.82,0.76,47.37,42.92,2025-01-22 20:50:00,NORMAL
156,28,231.78,13.49,13.64,0.15,3.16,0.86,43.16,36.38,2025-01-22 20:55:00,NORMAL
184,45,223.62,9.82,10.2,0.38,2.28,0.75,46.46,81.71,2025-01-22 21:00:00,NORMAL
160,26,211.42,10.1,9.89,0.21,2.09,0.99,44.64,71.86,2025-01-22 21:05:00,NORMAL
130,28,212.2,12.39,12.92,0.53,2.74,0.96,23.22,66.44,2025-01-22 21:10:00,NORMAL
182,40,227.62,7.68,7.86,0.18,1.79,0.99,47.22,76.6,2025-01-22 21:15:00,NORMAL
194,15,243.7,10.29,9.66,0.63,2.35,0.94,31.88,84.9,2025-01-22 21:20:00,NORMAL
152,6,213.28,8.49,7.77,0.72,1.66,0.99,48.1,75.7,2025-01-22 21:25:00,NORMAL
131,27,248.49,10.26,9.72,0.54,2.42,0.81,52.34,55.24,2025-01-22 21:30:00,NORMAL
165,38,240.87,11.87,10.96,0.91,2.64,0.85,62.66,40.59,2025-01-22 21:35:00,NORMAL
158,4,216.51,6.7,7.16,0.46,1.55,0.77,44.5,72.83,2025-01-22 21:40:00,NORMAL
109,11,219.15,12.22,12.07,0.15,2.65,0.89,35.43,44.8,2025-01-22 21:45:00,NORMAL
101,21,220.16,10.72,10.48,0.24,2.31,0.94,57.67,76.96,2025-01-22 21:50:00,NORMAL
165,30,232.99,10.28,9.1,1.18,2.12,0.85,45.95,50.32,2025-01-22 21:55:00,LEAKAGE_WARNING
159,18,229.44,12.69,12.61,0.08,2.89,0.79,74.45,39.41,2025-01-22 22:00:00,NORMAL
187,35,229.06,8.42,7.82,0.6,1.79,0.85,23.73,45.28,2025-01-22 22:05:00,NORMAL
116,3,224.95,7.32,6.27,1.05,1.41,0.72,36.3,46.0,2025-01-22 22:10:00,LEAKAGE_WARNING
195,12,231.78,7.95,7.68,0.27,1.78,0.92,34.3,52.73,2025-01-22 22:15:00,NORMAL
115,27,238.37,11.07,11.1,0.03,2.65,0.84,72.66,45.44,2025-01-22 22:20:00,NORMAL
115,30,228.72,9.01,9.0,0.01,2.06,0.97,51.82,43.53,2025-01-22 22:25:00,NORMAL
145,21,223.37,8.25,8.91,0.66,1.99,0.98,16.94,53.5,2025-01-22 22:30:00,NORMAL
138,38,239.92,8.05,8.08,0.03,1.94,0.74,18.1,82.09,2025-01-22 22:35:00,NORMAL
130,21,227.79,10.35,10.86,0.51,2.47,1.0,57.88,34.23,2025-01-22 22:40:00,NORMAL
187,38,235.52,9.94,9.35,0.59,2.2,0.99,29.13,47.77,2025-01-22 22:45:00,NORMAL
100,40,229.0,7.16,7.74,0.58,1.77,0.89,45.08,63.74,2025-01-22 22:50:00,NORMAL
110,15,240.85,7.23,6.83,0.4,1.65,0.95,41.9,82.47,2025-01-22 22:55:00,NORMAL
184,18,242.33,8.95,8.18,0.77,1.98,0.71,74.67,47.05,2025-01-22 23:00:00,NORMAL
103,29,241.98,11.84,11.28,0.56,2.73,0.99,41.45,50.92,2025-01-22 23:05:00,NORMAL
170,48,224.48,9.15,9.19,0.04,2.06,0.84,38.67,77.88,2025-01-22 23:10:00,NORMAL
125,38,224.38,7.05,6.47,0.58,1.45,0.97,53.46,52.35,2025-01-22 23:15:00,NORMAL
149,21,238.74,9.83,9.63,0.2,2.3,0.82,61.68,81.09,2025-01-22 23:20:00,NORMAL
111,17,229.35,10.08,10.11,0.03,2.32,0.94,46.84,57.32,2025-01-22 23:25:00,NORMAL
194,41,229.66,7.03,7.01,0.02,1.61,0.83,10.56,64.15,2025-01-22 23:30:00,NORMAL
180,18,223.05,7.56,7.14,0.42,1.59,0.81,57.13,63.65,2025-01-22 23:35:00,NORMAL
196,37,244.09,11.49,12.07,0.58,2.95,0.98,24.64,37.16,2025-01-22 23:40:00,NORMAL
174,38,240.4,7.54,7.59,0.05,1.82,0.91,21.97,51.3,2025-01-22 23:45:00,NORMAL
191,12,228.81,11.57,11.18,0.39,2.56,0.95,37.62,44.5,2025-01-22 23:50:00,NORMAL
195,11,223.55,6.91,6.97,0.06,1.56,0.86,46.88,70.98,2025-01-22 23:55:00,NORMAL
164,48,223.1,6.98,7.43,0.45,1.66,0.98,66.88,86.02,2025-01-23 00:00:00,NORMAL
146,49,231.33,10.05,10.3,0.25,2.38,0.92,14.44,42.75,2025-01-23 00:05:00,NORMAL
191,20,233.87,8.49,8.2,0.29,1.92,0.72,47.32,35.48,2025-01-23 00:10:00,NORMAL
152,9,221.38,8.93,8.49,0.44,1.88,0.93,67.16,60.4,2025-01-23 00:15:00,NORMAL
170,1,217.55,10.3,9.56,0.74,2.08,0.71,43.47,53.45,2025-01-23 00:20:00,NORMAL
101,3,230.8,8.87,8.28,0.59,1.91,0.95,56.56,32.14,2025-01-23 00:25:00,NORMAL
123,21,238.65,8.1,7.52,0.58,1.79,0.8,55.3,85.3,2025-01-23 00:30:00,NORMAL
103,23,230.74,10.98,11.74,0.76,2.71,0.88,36.46,86.41,2025-01-23 00:35:00,NORMAL
118,9,227.51,10.36,9.78,0.58,2.23,0.92,54.11,81.02,2025-01-23 00:40:00,NORMAL
125,19,218.7,10.09,10.15,0.06,2.22,0.89,46.76,46.83,2025-01-23 00:45:00,NORMAL
174,45,223.66,9.96,10.48,0.52,2.34,0.9,40.23,37.35,2025-01-23 00:50:00,NORMAL
139,46,238.78,8.4,7.92,0.48,1.89,0.97,68.94,65.55,2025-01-23 00:55:00,NORMAL
149,19,217.47,7.98,7.69,0.29,1.67,0.81,42.38,46.89,2025-01-23 01:00:00,NORMAL
142,23,247.73,9.31,8.67,0.64,2.15,0.86,67.65,42.1,2025-01-23 01:05:00,NORMAL
174,27,230.85,8.43,8.5,0.07,1.96,0.75,39.89,68.48,2025-01-23 01:10:00,NORMAL
166,27,214.14,9.98,9.78,0.2,2.09,0.84,43.08,75.02,2025-01-23 01:15:00,NORMAL
111,39,235.03,9.22,9.92,0.7,2.33,0.75,41.51,61.64,2025-01-23 01:20:00,NORMAL
166,36,234.5,10.04,8.86,1.18,2.08,0.89,60.75,49.2,2025-01-23 01:25:00,LEAKAGE_WARNING
126,12,225.62,9.81,10.28,0.47,2.32,0.8,32.03,60.75,2025-01-23 01:30:00,NORMAL
153,27,239.39,13.53,13.74,0.21,3.29,0.96,51.92,65.98,2025-01-23 01:35:00,NORMAL
165,46,223.8,7.23,7.55,0.32,1.69,0.8,50.93,33.11,2025-01-23 01:40:00,NORMAL
148,34,236.32,9.63,9.33,0.3,2.2,0.79,51.02,56.63,2025-01-23 01:45:00,NORMAL
115,33,229.65,7.78,8.0,0.22,1.84,0.85,75.74,65.9,2025-01-23 01:50:00,NORMAL
101,28,227.16,9.03,8.29,0.74,1.88,0.75,41.81,37.77,2025-01-23 01:55:00,NORMAL
159,31,243.43,8.37,8.01,0.36,1.95,0.76,85.98,56.93,2025-01-23 02:00:00,OVERHEAT
153,32,239.84,11.28,11.83,0.55,2.84,0.93,61.82,50.8,2025-01-23 02:05:00,NORMAL
129,20,218.93,7.05,6.46,0.59,1.41,0.85,23.3,82.07,2025-01-23 02:10:00,NORMAL
183,40,233.8,11.56,10.9,0.66,2.55,0.76,27.91,59.36,2025-01-23 02:15:00,NORMAL
137,35,248.93,11.06,11.22,0.16,2.79,0.71,60.41,55.58,2025-01-23 02:20:00,NORMAL
127,31,243.69,14.11,14.48,0.37,3.53,0.84,33.83,44.63,2025-01-23 02:25:00,NORMAL
124,31,220.91,13.61,13.21,0.4,2.92,0.92,48.69,87.45,2025-01-23 02:30:00,NORMAL
195,38,245.96,8.4,7.87,0.53,1.94,0.81,34.6,87.67,2025-01-23 02:35:00,NORMAL
109,22,239.3,12.47,12.77,0.3,3.06,0.77,38.06,52.01,2025-01-23 02:40:00,NORMAL
159,45,219.51,9.35,8.69,0.66,1.91,0.82,41.18,85.74,2025-01-23 02:45:00,NORMAL
141,41,232.08,10.61,10.7,0.09,2.48,0.99,59.78,67.12,2025-01-23 02:50:00,NORMAL
139,9,234.78,13.44,12.65,0.79,2.97,0.83,41.62,76.86,2025-01-23 02:55:00,NORMAL
196,9,219.23,8.48,9.07,0.59,1.99,0.78,66.4,35.39,2025-01-23 03:00:00,NORMAL
176,15,237.06,10.11,10.28,0.17,2.44,0.87,30.37,31.28,2025-01-23 03:05:00,NORMAL
141,13,254.3,6.11,6.01,0.1,1.53,0.94,56.92,60.84,2025-01-23 03:10:00,NORMAL
146,22,243.65,11.78,12.08,0.3,2.94,0.71,48.21,34.55,2025-01-23 03:15:00,NORMAL
136,16,231.62,14.21,14.03,0.18,3.25,0.87,26.48,83.5,2025-01-23 03:20:00,NORMAL
179,32,227.19,11.15,11.12,0.03,2.53,0.95,36.15,79.21,2025-01-23 03:25:00,NORMAL
121,2,233.28,12.74,12.64,0.1,2.95,0.76,43.23,72.89,2025-01-23 03:30:00,NORMAL
156,26,220.25,12.28,12.28,0.0,2.7,0.98,63.59,31.88,2025-01-23 03:35:00,NORMAL
183,14,225.22,8.59,9.04,0.45,2.04,0.87,43.11,57.5,2025-01-23 03:40:00,NORMAL
126,38,210.38,10.65,10.46,0.19,2.2,0.86,76.02,34.69,2025-01-23 03:45:00,NORMAL
140,34,234.35,10.99,10.85,0.14,2.54,0.99,40.22,85.72,2025-01-23 03:50:00,NORMAL
179,8,226.62,7.67,7.97,0.3,1.81,0.74,46.48,66.76,2025-01-23 03:55:00,NORMAL
133,36,236.18,12.89,12.07,0.82,2.85,0.92,64.83,39.39,2025-01-23 04:00:00,NORMAL
131,21,231.2,8.99,8.63,0.36,2.0,0.95,26.11,63.64,2025-01-23 04:05:00,NORMAL
189,46,219.89,9.57,9.01,0.56,1.98,0.85,63.02,37.11,2025-01-23 04:10:00,NORMAL
188,43,232.0,9.47,9.67,0.2,2.24,0.7,35.25,38.74,2025-01-23 04:15:00,NORMAL
165,28,222.87,10.07,11.02,0.95,2.46,0.86,41.5,34.86,2025-01-23 04:20:00,NORMAL
111,46,246.55,15.86,14.79,1.07,3.65,0.75,48.76,82.3,2025-01-23 04:25:00,LEAKAGE_WARNING
139,44,221.57,8.79,8.51,0.28,1.89,0.87,32.89,62.74,2025-01-23 04:30:00,NORMAL
172,48,225.3,6.91,6.53,0.38,1.47,0.92,84.92,49.67,2025-01-23 04:35:00,OVERHEAT
175,6,219.86,10.33,9.97,0.36,2.19,0.86,48.34,30.04,2025-01-23 04:40:00,NORMAL
189,20,219.0,8.27,7.87,0.4,1.72,0.89,47.07,58.32,2025-01-23 04:45:00,NORMAL
172,31,230.3,9.18,9.51,0.33,2.19,0.73,36.16,60.77,2025-01-23 04:50:00,NORMAL
109,33,217.55,11.24,11.55,0.31,2.51,0.73,24.87,50.19,2025-01-23 04:55:00,NORMAL
195,44,228.12,7.82,8.13,0.31,1.85,0.96,62.04,59.06,2025-01-23 05:00:00,NORMAL
197,7,234.3,9.27,8.79,0.48,2.06,0.71,40.94,36.04,2025-01-23 05:05:00,NORMAL
147,8,225.76,10.59,11.0,0.41,2.48,0.79,49.96,85.32,2025-01-23 05:10:00,NORMAL
119,9,207.97,8.44,9.0,0.56,1.87,0.98,30.36,45.5,2025-01-23 05:15:00,NORMAL
138,2,243.34,9.92,10.04,0.12,2.44,0.84,57.21,86.91,2025-01-23 05:20:00,NORMAL
159,17,232.67,10.58,10.52,0.06,2.45,0.9,40.28,59.57,2025-01-23 05:25:00,NORMAL
165,45,232.79,9.77,9.59,0.18,2.23,0.77,20.21,81.4,2025-01-23 05:30:00,NORMAL
164,37,227.68,10.31,10.35,0.04,2.36,0.78,40.66,64.63,2025-01-23 05:35:00,NORMAL
150,42,238.11,10.71,10.27,0.44,2.45,0.85,56.68,80.66,2025-01-23 05:40:00,NORMAL
135,44,239.38,8.65,7.87,0.78,1.88,0.89,53.82,30.61,2025-01-23 05:45:00,NORMAL
123,17,240.38,7.06,6.84,0.22,1.64,0.99,50.76,41.19,2025-01-23 05:50:00,NORMAL
126,38,232.69,7.93,7.15,0.78,1.66,0.87,44.47,51.23,2025-01-23 05:55:00,NORMAL
101,35,216.24,7.6,7.13,0.47,1.54,0.73,45.58,47.77,2025-01-23 06:00:00,NORMAL
130,47,234.05,12.46,12.74,0.28,2.98,0.81,36.66,86.8,2025-01-23 06:05:00,NORMAL
156,39,232.67,6.53,6.75,0.22,1.57,0.77,62.42,53.68,2025-01-23 06:10:00,NORMAL
177,30,224.51,11.26,11.51,0.25,2.58,0.78,44.24,88.33,2025-01-23 06:15:00,NORMAL
165,6,221.98,8.63,8.53,0.1,1.89,0.85,37.11,69.06,2025-01-23 06:20:00,NORMAL
128,4,235.43,12.07,12.01,0.06,2.83,0.79,71.87,80.13,2025-01-23 06:25:00,NORMAL
114,37,229.24,9.16,8.66,0.5,1.99,0.79,63.57,53.63,2025-01-23 06:30:00,NORMAL
111,35,226.1,10.06,9.94,0.12,2.25,0.99,46.46,41.4,2025-01-23 06:35:00,NORMAL
127,9,246.72,11.03,10.71,0.32,2.64,0.88,39.73,33.03,2025-01-23 06:40:00,NORMAL
183,6,236.72,12.51,12.89,0.38,3.05,0.78,40.19,69.38,2025-01-23 06:45:00,NORMAL
123,13,234.35,8.86,8.54,0.32,2.0,0.78,30.55,88.31,2025-01-23 06:50:00,NORMAL
120,22,242.18,8.77,8.81,0.04,2.13,0.94,59.29,37.1,2025-01-23 06:55:00,NORMAL
109,28,233.3,11.02,11.1,0.08,2.59,0.97,72.58,76.31,2025-01-23 07:00:00,NORMAL
177,30,222.96,6.83,6.95,0.12,1.55,0.9,53.6,51.88,2025-01-23 07:05:00,NORMAL
117,36,226.1,6.56,5.6,0.96,1.27,0.83,68.27,89.61,2025-01-23 07:10:00,NORMAL
187,2,237.32,10.73,11.12,0.39,2.64,0.93,57.92,82.2,2025-01-23 07:15:00,NORMAL
113,36,236.25,11.34,10.8,0.54,2.55,0.98,22.95,43.85,2025-01-23 07:20:00,NORMAL
133,8,234.46,10.67,10.49,0.18,2.46,0.75,66.95,75.95,2025-01-23 07:25:00,NORMAL
157,45,218.62,9.8,10.28,0.48,2.25,0.96,41.63,74.05,2025-01-23 07:30:00,NORMAL
175,42,238.13,8.92,8.87,0.05,2.11,0.95,48.29,75.8,2025-01-23 07:35:00,NORMAL
121,9,229.35,13.18,14.15,0.97,3.25,0.81,31.35,34.97,2025-01-23 07:40:00,NORMAL
169,1,236.0,13.44,12.38,1.06,2.92,0.79,18.68,78.56,2025-01-23 07:45:00,LEAKAGE_WARNING
135,13,221.7,10.22,10.2,0.02,2.26,0.87,35.67,45.69,2025-01-23 07:50:00,NORMAL
144,15,249.66,8.63,7.87,0.76,1.96,0.78,49.11,65.43,2025-01-23 07:55:00,NORMAL
135,32,232.47,7.98,7.11,0.87,1.65,0.74,46.93,36.92,2025-01-23 08:00:00,NORMAL
121,34,225.82,10.86,10.94,0.08,2.47,0.99,56.95,63.49,2025-01-23 08:05:00,NORMAL
177,43,236.46,7.54,7.33,0.21,1.73,0.85,49.35,84.39,2025-01-23 08:10:00,NORMAL
179,31,238.58,7.59,7.3,0.29,1.74,0.84,47.29,40.63,2025-01-23 08:15:00,NORMAL
160,14,236.34,9.03,7.88,1.15,1.86,0.74,36.84,81.3,2025-01-23 08:20:00,LEAKAGE_WARNING
199,47,220.05,11.01,10.91,0.1,2.4,0.85,75.36,56.13,2025-01-23 08:25:00,NORMAL
155,14,241.43,12.94,12.77,0.17,3.08,0.92,74.54,49.34,2025-01-23 08:30:00,NORMAL
188,48,226.55,10.5,11.0,0.5,2.49,0.77,49.02,33.43,2025-01-23 08:35:00,NORMAL
195,29,229.84,10.99,11.24,0.25,2.58,0.81,24.22,61.71,2025-01-23 08:40:00,NORMAL
132,47,207.91,11.97,12.02,0.05,2.5,0.75,50.54,42.0,2025-01-23 08:45:00,NORMAL
144,19,225.36,11.78,10.93,0.85,2.46,0.81,26.1,86.41,2025-01-23 08:50:00,NORMAL
135,27,225.3,8.9,7.75,1.15,1.75,0.96,24.04,44.29,2025-01-23 08:55:00,LEAKAGE_WARNING
119,9,234.51,11.74,11.29,0.45,2.65,0.77,59.99,65.21,2025-01-23 09:00:00,NORMAL
117,37,224.75,12.06,11.68,0.38,2.63,0.71,32.19,63.51,2025-01-23 09:05:00,NORMAL
137,37,213.78,10.62,10.08,0.54,2.15,0.86,37.62,50.21,2025-01-23 09:10:00,NORMAL
166,43,232.44,10.27,10.41,0.14,2.42,0.87,58.77,81.12,2025-01-23 09:15:00,NORMAL
122,28,227.5,11.2,10.31,0.89,2.35,0.8,52.12,40.99,2025-01-23 09:20:00,NORMAL
195,24,222.71,10.99,11.51,0.52,2.56,0.89,55.51,79.02,2025-01-23 09:25:00,NORMAL
115,28,230.88,6.27,6.3,0.03,1.45,0.71,72.0,42.45,2025-01-23 09:30:00,NORMAL
158,36,212.2,10.86,10.33,0.53,2.19,0.8,37.0,32.35,2025-01-23 09:35:00,NORMAL
168,18,236.2,12.36,12.4,0.04,2.93,0.74,50.11,86.63,2025-01-23 09:40:00,NORMAL
167,25,228.17,11.98,10.55,1.43,2.41,0.77,67.54,68.24,2025-01-23 09:45:00,LEAKAGE_WARNING
120,35,227.33,10.75,10.22,0.53,2.32,0.81,31.15,67.83,2025-01-23 09:50:00,NORMAL
177,4,239.53,10.3,9.61,0.69,2.3,0.85,43.02,45.9,2025-01-23 09:55:00,NORMAL
194,14,224.64,9.21,9.39,0.18,2.11,0.73,57.95,38.35,2025-01-23 10:00:00,NORMAL
177,39,232.59,9.77,9.09,0.68,2.11,0.73,26.52,72.36,2025-01-23 10:05:00,NORMAL
169,26,228.7,11.45,10.84,0.61,2.48,0.9,48.45,61.12,2025-01-23 10:10:00,NORMAL
111,8,262.16,10.77,9.79,0.98,2.57,0.82,40.68,49.07,2025-01-23 10:15:00,VOLTAGE_FAULT
115,24,234.88,11.81,12.71,0.9,2.99,0.75,31.4,49.01,2025-01-23 10:20:00,NORMAL
180,16,218.59,8.96,9.15,0.19,2.0,0.77,63.05,83.36,2025-01-23 10:25:00,NORMAL
186,20,247.52,12.17,11.8,0.37,2.92,0.92,58.78,83.38,2025-01-23 10:30:00,NORMAL
113,15,240.43,8.76,8.38,0.38,2.01,0.72,53.02,46.48,2025-01-23 10:35:00,NORMAL
160,7,230.45,10.41,10.23,0.18,2.36,0.85,55.61,77.65,2025-01-23 10:40:00,NORMAL
170,17,225.63,8.88,9.44,0.56,2.13,0.81,39.0,43.6,2025-01-23 10:45:00,NORMAL
145,22,216.74,9.8,9.5,0.3,2.06,0.94,45.8,78.48,2025-01-23 10:50:00,NORMAL
131,22,234.31,14.07,13.72,0.35,3.21,0.94,32.68,37.58,2025-01-23 10:55:00,NORMAL
114,12,223.25,11.02,10.82,0.2,2.42,0.91,56.6,75.49,2025-01-23 11:00:00,NORMAL
143,18,221.2,10.45,10.27,0.18,2.27,0.82,31.43,63.34,2025-01-23 11:05:00,NORMAL
116,46,237.75,12.82,12.15,0.67,2.89,0.89,37.52,37.06,2025-01-23 11:10:00,NORMAL
140,47,245.45,4.87,4.75,0.12,1.17,0.89,29.66,66.95,2025-01-23 11:15:00,NORMAL
153,15,225.24,9.68,10.11,0.43,2.28,0.8,48.25,41.54,2025-01-23 11:20:00,NORMAL
143,37,238.06,9.0,8.1,0.9,1.93,0.96,41.11,41.65,2025-01-23 11:25:00,NORMAL
197,16,232.12,8.28,7.41,0.87,1.72,1.0,51.04,56.84,2025-01-23 11:30:00,NORMAL
104,5,233.59,6.94,6.76,0.18,1.58,0.79,35.05,87.86,2025-01-23 11:35:00,NORMAL
126,2,221.81,9.56,8.92,0.64,1.98,0.94,33.68,83.53,2025-01-23 11:40:00,NORMAL
186,28,227.88,11.39,11.95,0.56,2.72,0.85,51.56,79.59,2025-01-23 11:45:00,NORMAL
177,41,219.03,9.71,9.58,0.13,2.1,0.84,42.99,81.07,2025-01-23 11:50:00,NORMAL
178,27,217.77,11.6,12.26,0.66,2.67,0.82,87.62,59.84,2025-01-23 11:55:00,OVERHEAT
142,31,235.18,10.14,9.38,0.76,2.21,0.79,54.78,52.48,2025-01-23 12:00:00,NORMAL
196,41,224.76,12.33,12.88,0.55,2.89,0.98,47.11,83.04,2025-01-23 12:05:00,NORMAL
130,36,220.85,8.99,9.0,0.01,1.99,0.92,64.46,34.85,2025-01-23 12:10:00,NORMAL
198,47,217.9,6.25,5.94,0.31,1.29,0.83,60.03,89.77,2025-01-23 12:15:00,NORMAL
116,43,214.86,6.84,6.23,0.61,1.34,0.93,47.75,63.18,2025-01-23 12:20:00,NORMAL
191,1,210.44,9.0,8.54,0.46,1.8,0.92,90.69,62.43,2025-01-23 12:25:00,OVERHEAT
182,29,231.11,8.24,7.47,0.77,1.73,0.78,62.34,47.52,2025-01-23 12:30:00,NORMAL
153,1,203.73,8.82,8.22,0.6,1.67,0.75,28.29,40.22,2025-01-23 12:35:00,NORMAL
161,8,234.71,12.28,11.43,0.85,2.68,0.95,39.99,70.82,2025-01-23 12:40:00,NORMAL
186,16,234.64,7.0,7.68,0.68,1.8,0.94,18.14,51.7,2025-01-23 12:45:00,NORMAL
131,28,229.01,13.02,13.06,0.04,2.99,1.0,23.03,48.15,2025-01-23 12:50:00,NORMAL
139,22,230.74,8.39,7.96,0.43,1.84,0.71,89.75,39.74,2025-01-23 12:55:00,OVERHEAT
112,18,227.15,7.51,6.52,0.99,1.48,0.86,65.28,62.11,2025-01-23 13:00:00,NORMAL
183,22,232.25,9.72,9.77,0.05,2.27,0.91,19.74,65.3,2025-01-23 13:05:00,NORMAL
134,41,232.14,13.0,11.82,1.18,2.74,0.87,44.92,56.58,2025-01-23 13:10:00,LEAKAGE_WARNING
104,12,243.02,8.58,8.2,0.38,1.99,0.91,39.67,30.72,2025-01-23 13:15:00,NORMAL
172,19,245.33,8.8,8.96,0.16,2.2,0.74,84.77,59.5,2025-01-23 13:20:00,OVERHEAT
128,25,245.02,8.93,9.31,0.38,2.28,0.7,9.68,46.32,2025-01-23 13:25:00,NORMAL
169,5,222.02,12.3,11.73,0.57,2.6,0.73,35.48,38.32,2025-01-23 13:30:00,NORMAL
124,34,237.58,9.11,9.23,0.12,2.19,0.81,35.64,64.65,2025-01-23 13:35:00,NORMAL
194,39,235.06,10.89,10.83,0.06,2.55,0.8,34.3,70.27,2025-01-23 13:40:00,NORMAL
121,10,223.51,10.24,9.96,0.28,2.23,0.96,48.87,61.13,2025-01-23 13:45:00,NORMAL
165,47,221.14,9.78,9.48,0.3,2.1,0.73,58.32,66.86,2025-01-23 13:50:00,NORMAL
144,7,226.23,9.0,7.84,1.16,1.77,0.83,37.18,66.39,2025-01-23 13:55:00,LEAKAGE_WARNING
168,37,219.39,13.94,13.54,0.4,2.97,0.99,43.85,37.45,2025-01-23 14:00:00,NORMAL
190,47,216.11,15.58,15.68,0.1,3.39,0.85,30.68,42.95,2025-01-23 14:05:00,NORMAL
188,15,234.97,8.23,8.4,0.17,1.97,0.74,31.9,30.57,2025-01-23 14:10:00,NORMAL
171,42,230.33,7.86,6.83,1.03,1.57,0.79,51.17,88.91,2025-01-23 14:15:00,LEAKAGE_WARNING
100,24,230.28,10.08,10.14,0.06,2.34,0.89,53.67,42.67,2025-01-23 14:20:00,NORMAL
183,26,239.27,5.45,4.96,0.49,1.19,0.7,17.34,78.88,2025-01-23 14:25:00,NORMAL
143,26,228.04,10.1,9.8,0.3,2.23,0.99,34.07,76.87,2025-01-23 14:30:00,NORMAL
186,46,238.3,14.01,13.6,0.41,3.24,0.87,40.16,72.3,2025-01-23 14:35:00,NORMAL
195,26,222.61,8.8,7.9,0.9,1.76,0.91,39.22,56.98,2025-01-23 14:40:00,NORMAL
174,10,222.55,12.16,11.82,0.34,2.63,0.85,41.04,65.03,2025-01-23 14:45:00,NORMAL
138,17,230.14,12.94,12.33,0.61,2.84,0.99,7.37,41.18,2025-01-23 14:50:00,NORMAL
153,14,251.21,8.28,7.93,0.35,1.99,0.88,61.09,36.37,2025-01-23 14:55:00,NORMAL
187,2,242.85,10.36,10.39,0.03,2.52,0.9,43.84,51.11,2025-01-23 15:00:00,NORMAL
174,48,240.98,10.71,10.26,0.45,2.47,0.96,87.12,79.54,2025-01-23 15:05:00,OVERHEAT
128,13,216.28,11.46,11.59,0.13,2.51,0.96,54.42,63.84,2025-01-23 15:10:00,NORMAL
153,27,231.45,11.6,11.98,0.38,2.77,0.71,50.74,75.83,2025-01-23 15:15:00,NORMAL
189,9,238.21,12.24,11.75,0.49,2.8,0.78,32.14,83.42,2025-01-23 15:20:00,NORMAL
115,7,250.85,8.44,8.01,0.43,2.01,0.77,36.28,63.63,2025-01-23 15:25:00,NORMAL
198,48,213.16,10.35,9.97,0.38,2.13,0.7,57.04,52.04,2025-01-23 15:30:00,NORMAL
119,10,237.31,12.96,12.77,0.19,3.03,0.96,40.85,81.34,2025-01-23 15:35:00,NORMAL
145,9,240.64,13.18,13.02,0.16,3.13,0.8,34.6,43.78,2025-01-23 15:40:00,NORMAL
166,22,234.52,10.45,10.79,0.34,2.53,0.8,73.34,31.49,2025-01-23 15:45:00,NORMAL
164,23,216.5,8.94,9.67,0.73,2.09,0.73,50.59,33.04,2025-01-23 15:50:00,NORMAL
157,7,232.53,12.07,11.43,0.64,2.66,1.0,56.91,64.93,2025-01-23 15:55:00,NORMAL
152,48,234.29,11.07,10.43,0.64,2.44,0.95,40.39,83.54,2025-01-23 16:00:00,NORMAL
100,9,231.78,11.03,10.96,0.07,2.54,0.87,63.3,63.86,2025-01-23 16:05:00,NORMAL
180,27,223.15,11.55,10.61,0.94,2.37,0.93,37.05,54.55,2025-01-23 16:10:00,NORMAL
165,24,221.91,8.1,7.65,0.45,1.7,0.93,62.86,64.62,2025-01-23 16:15:00,NORMAL
128,29,234.56,11.69,11.32,0.37,2.66,0.9,38.27,70.27,2025-01-23 16:20:00,NORMAL
183,17,223.24,10.31,9.1,1.21,2.03,0.75,69.52,75.51,2025-01-23 16:25:00,LEAKAGE_WARNING
169,20,223.46,12.28,12.71,0.43,2.84,0.92,64.66,50.84,2025-01-23 16:30:00,NORMAL
107,7,228.6,10.04,9.86,0.18,2.25,0.87,38.72,53.21,2025-01-23 16:35:00,NORMAL
128,43,231.6,11.17,11.4,0.23,2.64,0.92,79.13,31.42,2025-01-23 16:40:00,NORMAL
150,40,240.39,10.91,10.89,0.02,2.62,0.86,47.18,68.98,2025-01-23 16:45:00,NORMAL
132,7,218.04,8.91,8.74,0.17,1.91,0.99,70.85,76.6,2025-01-23 16:50:00,NORMAL
102,28,217.05,8.2,8.02,0.18,1.74,0.89,28.21,60.65,2025-01-23 16:55:00,NORMAL
159,19,226.18,11.61,11.95,0.34,2.7,0.87,55.58,52.59,2025-01-23 17:00:00,NORMAL
134,20,212.0,8.29,8.06,0.23,1.71,0.95,51.03,49.99,2025-01-23 17:05:00,NORMAL
168,44,235.87,9.33,9.54,0.21,2.25,0.81,39.2,68.7,2025-01-23 17:10:00,NORMAL
190,39,210.06,9.27,8.47,0.8,1.78,0.79,59.46,49.84,2025-01-23 17:15:00,NORMAL
175,40,237.07,10.73,10.15,0.58,2.41,0.85,64.59,65.94,2025-01-23 17:20:00,NORMAL
183,7,241.09,11.35,10.98,0.37,2.65,0.88,53.09,85.62,2025-01-23 17:25:00,NORMAL
119,6,232.6,6.89,6.93,0.04,1.61,0.77,50.94,49.84,2025-01-23 17:30:00,NORMAL
172,25,211.43,8.55,8.27,0.28,1.75,0.9,49.02,34.1,2025-01-23 17:35:00,NORMAL
138,41,231.06,8.46,7.91,0.55,1.83,0.94,52.9,82.44,2025-01-23 17:40:00,NORMAL
103,13,222.03,9.54,9.51,0.03,2.11,0.87,57.04,46.41,2025-01-23 17:45:00,NORMAL
118,39,217.98,6.02,6.62,0.6,1.44,0.86,56.29,89.31,2025-01-23 17:50:00,NORMAL
190,40,235.79,12.27,11.71,0.56,2.76,0.79,54.14,80.41,2025-01-23 17:55:00,NORMAL
144,22,237.67,10.12,9.66,0.46,2.3,0.97,38.38,55.61,2025-01-23 18:00:00,NORMAL
142,49,242.86,9.73,9.37,0.36,2.28,0.93,60.18,67.69,2025-01-23 18:05:00,NORMAL
112,17,227.15,11.51,11.69,0.18,2.66,0.84,53.67,46.65,2025-01-23 18:10:00,NORMAL
112,48,231.72,11.04,10.36,0.68,2.4,0.9,50.85,35.05,2025-01-23 18:15:00,NORMAL
159,22,246.65,11.01,10.24,0.77,2.53,0.8,41.72,61.55,2025-01-23 18:20:00,NORMAL
156,34,250.95,9.97,9.63,0.34,2.42,0.72,59.86,55.48,2025-01-23 18:25:00,NORMAL
185,8,240.8,10.21,10.21,0.0,2.46,0.76,14.42,88.2,2025-01-23 18:30:00,NORMAL
191,49,226.5,11.69,11.68,0.01,2.65,0.72,44.18,65.85,2025-01-23 18:35:00,NORMAL
151,45,230.07,11.06,11.06,0.0,2.54,0.85,39.19,74.83,2025-01-23 18:40:00,NORMAL
152,18,228.22,13.46,13.48,0.02,3.08,0.89,37.88,38.11,2025-01-23 18:45:00,NORMAL
185,24,237.06,10.28,10.26,0.02,2.43,0.81,41.08,73.42,2025-01-23 18:50:00,NORMAL
142,42,221.8,11.3,10.94,0.36,2.43,0.86,29.53,33.38,2025-01-23 18:55:00,NORMAL
182,2,233.21,9.75,9.1,0.65,2.12,0.73,39.83,66.78,2025-01-23 19:00:00,NORMAL
171,2,233.26,10.65,9.72,0.93,2.27,0.93,27.36,80.31,2025-01-23 19:05:00,NORMAL
171,27,233.84,10.75,11.01,0.26,2.57,0.71,51.22,58.98,2025-01-23 19:10:00,NORMAL
141,14,219.78,9.11,9.28,0.17,2.04,0.89,59.13,42.9,2025-01-23 19:15:00,NORMAL
189,48,232.47,8.71,8.09,0.62,1.88,0.83,60.77,56.62,2025-01-23 19:20:00,NORMAL
125,39,247.69,11.28,11.54,0.26,2.86,0.76,53.23,80.47,2025-01-23 19:25:00,NORMAL
122,12,225.43,10.91,11.29,0.38,2.55,0.86,36.59,72.86,2025-01-23 19:30:00,NORMAL
142,32,232.6,12.94,13.21,0.27,3.07,0.93,28.42,66.33,2025-01-23 19:35:00,NORMAL
176,28,211.58,10.01,9.9,0.11,2.09,0.82,35.23,71.63,2025-01-23 19:40:00,NORMAL
127,28,232.53,8.01,6.99,1.02,1.63,0.81,40.25,80.05,2025-01-23 19:45:00,LEAKAGE_WARNING
108,46,232.17,10.02,9.88,0.14,2.29,0.74,35.54,39.11,2025-01-23 19:50:00,NORMAL
119,25,231.16,11.54,11.2,0.34,2.59,0.88,81.43,80.52,2025-01-23 19:55:00,OVERHEAT
155,4,237.3,5.76,6.16,0.4,1.46,0.95,55.57,78.4,2025-01-23 20:00:00,NORMAL
182,26,227.21,9.99,9.25,0.74,2.1,0.87,53.69,58.65,2025-01-23 20:05:00,NORMAL
138,36,241.76,11.33,10.69,0.64,2.58,0.75,49.66,54.17,2025-01-23 20:10:00,NORMAL
150,3,221.17,10.47,10.5,0.03,2.32,0.9,37.46,85.95,2025-01-23 20:15:00,NORMAL
111,1,244.43,9.28,9.42,0.14,2.3,0.71,47.07,79.17,2025-01-23 20:20:00,NORMAL
178,17,232.13,7.59,6.91,0.68,1.6,0.95,55.45,89.32,2025-01-23 20:25:00,NORMAL
194,7,229.28,9.98,9.89,0.09,2.27,0.98,59.47,68.51,2025-01-23 20:30:00,NORMAL
154,48,215.68,7.55,7.68,0.13,1.66,0.88,49.46,31.89,2025-01-23 20:35:00,NORMAL
177,5,218.9,11.35,11.33,0.02,2.48,0.96,56.44,39.23,2025-01-23 20:40:00,NORMAL
110,19,233.51,10.12,9.8,0.32,2.29,0.73,37.8,79.22,2025-01-23 20:45:00,NORMAL
125,39,222.83,12.99,12.42,0.57,2.77,0.77,21.44,68.34,2025-01-23 20:50:00,NORMAL
141,46,239.95,6.09,5.73,0.36,1.37,0.8,64.73,41.88,2025-01-23 20:55:00,NORMAL
126,34,232.87,9.32,8.98,0.34,2.09,0.93,36.08,30.72,2025-01-23 21:00:00,NORMAL
110,35,215.75,11.47,11.39,0.08,2.46,0.85,36.01,45.77,2025-01-23 21:05:00,NORMAL
137,49,237.61,12.29,12.02,0.27,2.86,0.8,31.83,38.25,2025-01-23 21:10:00,NORMAL
197,16,228.38,11.55,11.55,0.0,2.64,0.75,49.63,82.57,2025-01-23 21:15:00,NORMAL
142,40,229.54,8.09,8.02,0.07,1.84,0.94,36.93,82.97,2025-01-23 21:20:00,NORMAL
118,47,240.45,9.04,8.13,0.91,1.95,0.71,67.32,80.54,2025-01-23 21:25:00,NORMAL
163,39,216.06,5.53,5.31,0.22,1.15,0.8,66.92,35.68,2025-01-23 21:30:00,NORMAL
105,27,218.75,10.09,10.07,0.02,2.2,0.77,50.82,38.1,2025-01-23 21:35:00,NORMAL
145,41,233.26,12.33,12.47,0.14,2.91,0.74,34.52,38.13,2025-01-23 21:40:00,NORMAL
141,38,213.01,10.01,10.91,0.9,2.32,0.75,72.89,45.5,2025-01-23 21:45:00,NORMAL
191,25,223.93,11.15,9.91,1.24,2.22,0.85,62.31,34.37,2025-01-23 21:50:00,LEAKAGE_WARNING
164,26,239.78,11.1,9.8,1.3,2.35,0.83,35.01,88.89,2025-01-23 21:55:00,LEAKAGE_WARNING
198,14,228.91,9.37,8.86,0.51,2.03,0.86,51.35,81.31,2025-01-23 22:00:00,NORMAL
171,14,216.26,5.14,5.46,0.32,1.18,0.92,49.31,34.15,2025-01-23 22:05:00,NORMAL
158,14,231.89,12.68,11.11,1.57,2.58,0.97,53.84,38.62,2025-01-23 22:10:00,LEAKAGE_WARNING
151,25,225.95,10.86,11.36,0.5,2.57,0.74,47.22,45.74,2025-01-23 22:15:00,NORMAL
146,36,222.98,7.5,7.1,0.4,1.58,0.72,45.35,76.5,2025-01-23 22:20:00,NORMAL
106,4,265.56,10.74,11.4,0.66,3.03,0.8,89.08,72.85,2025-01-23 22:25:00,VOLTAGE_FAULT
110,47,235.75,10.4,11.29,0.89,2.66,0.86,53.96,67.83,2025-01-23 22:30:00,NORMAL
160,15,227.17,12.62,12.3,0.32,2.79,0.73,35.27,84.73,2025-01-23 22:35:00,NORMAL
167,32,238.98,10.94,10.56,0.38,2.52,0.91,39.19,32.18,2025-01-23 22:40:00,NORMAL
124,18,227.09,10.95,10.69,0.26,2.43,0.87,73.44,39.68,2025-01-23 22:45:00,NORMAL
111,14,224.82,10.4,9.45,0.95,2.12,0.92,40.77,41.39,2025-01-23 22:50:00,NORMAL
125,1,232.99,8.46,8.28,0.18,1.93,0.81,31.9,33.58,2025-01-23 22:55:00,NORMAL
111,42,235.09,11.35,10.74,0.61,2.52,0.82,46.83,67.1,2025-01-23 23:00:00,NORMAL
142,20,239.26,9.95,10.14,0.19,2.43,0.94,43.27,42.58,2025-01-23 23:05:00,NORMAL
150,10,244.24,8.09,7.24,0.85,1.77,0.78,67.1,58.96,2025-01-23 23:10:00,NORMAL
136,10,241.88,8.68,7.79,0.89,1.88,0.81,69.97,71.13,2025-01-23 23:15:00,NORMAL
145,24,238.57,7.73,7.66,0.07,1.83,0.7,41.73,65.72,2025-01-23 23:20:00,NORMAL
152,34,239.59,12.12,11.73,0.39,2.81,0.87,58.63,47.41,2025-01-23 23:25:00,NORMAL
187,28,241.85,13.96,14.11,0.15,3.41,0.96,44.27,54.85,2025-01-23 23:30:00,NORMAL
179,27,237.1,12.31,12.22,0.09,2.9,0.71,34.17,50.39,2025-01-23 23:35:00,NORMAL
112,40,214.15,10.75,10.18,0.57,2.18,0.88,73.19,81.15,2025-01-23 23:40:00,NORMAL
188,1,234.98,9.87,9.43,0.44,2.22,0.95,75.61,55.2,2025-01-23 23:45:00,NORMAL
153,33,243.77,9.42,10.08,0.66,2.46,0.85,51.65,33.7,2025-01-23 23:50:00,NORMAL
156,4,221.97,8.03,8.4,0.37,1.86,0.79,37.0,67.16,2025-01-23 23:55:00,NORMAL
103,7,226.08,13.89,13.98,0.09,3.16,1.0,31.74,41.86,2025-01-24 00:00:00,NORMAL
174,9,229.4,7.93,7.62,0.31,1.75,0.72,56.39,50.32,2025-01-24 00:05:00,NORMAL
195,16,231.9,8.3,8.56,0.26,1.99,0.76,66.47,49.66,2025-01-24 00:10:00,NORMAL
148,5,224.45,9.61,10.12,0.51,2.27,0.97,48.79,34.35,2025-01-24 00:15:00,NORMAL
106,34,230.57,9.77,10.88,1.11,2.51,0.79,63.13,87.06,2025-01-24 00:20:00,LEAKAGE_WARNING
110,23,235.13,11.2,9.96,1.24,2.34,0.95,43.53,62.82,2025-01-24 00:25:00,LEAKAGE_WARNING
191,43,209.9,8.65,8.35,0.3,1.75,0.8,38.38,39.37,2025-01-24 00:30:00,NORMAL
153,25,230.75,6.02,6.54,0.52,1.51,0.94,50.67,63.35,2025-01-24 00:35:00,NORMAL
186,13,226.17,9.54,8.82,0.72,1.99,0.91,16.71,57.09,2025-01-24 00:40:00,NORMAL
144,24,212.93,9.67,8.72,0.95,1.86,0.84,39.6,50.69,2025-01-24 00:45:00,NORMAL
122,11,235.64,9.51,9.2,0.31,2.17,0.86,59.21,58.35,2025-01-24 00:50:00,NORMAL
127,17,233.11,9.48,8.97,0.51,2.09,0.75,10.52,70.18,2025-01-24 00:55:00,NORMAL
156,37,231.65,9.3,8.45,0.85,1.96,0.73,27.69,41.97,2025-01-24 01:00:00,NORMAL
125,13,236.1,7.35,6.85,0.5,1.62,0.92,44.97,62.27,2025-01-24 01:05:00,NORMAL
124,27,233.21,12.92,12.4,0.52,2.89,0.95,29.09,78.78,2025-01-24 01:10:00,NORMAL
153,20,222.62,12.81,13.38,0.57,2.98,0.92,39.86,43.35,2025-01-24 01:15:00,NORMAL
128,33,237.23,12.79,13.95,1.16,3.31,0.97,16.48,60.93,2025-01-24 01:20:00,LEAKAGE_WARNING
182,42,238.94,7.63,7.0,0.63,1.67,0.97,56.62,87.94,2025-01-24 01:25:00,NORMAL
196,32,219.14,10.81,10.72,0.09,2.35,0.93,63.42,78.03,2025-01-24 01:30:00,NORMAL
135,8,238.81,9.15,9.18,0.03,2.19,0.97,24.24,65.58,2025-01-24 01:35:00,NORMAL
113,29,227.16,9.05,8.36,0.69,1.9,0.75,50.22,74.95,2025-01-24 01:40:00,NORMAL
177,40,236.13,8.14,8.42,0.28,1.99,0.92,44.01,61.54,2025-01-24 01:45:00,NORMAL
134,19,231.52,15.13,14.95,0.18,3.46,0.93,53.95,89.19,2025-01-24 01:50:00,NORMAL
129,6,228.28,9.5,9.27,0.23,2.12,0.75,69.13,40.15,2025-01-24 01:55:00,NORMAL
191,44,235.39,8.16,7.62,0.54,1.79,0.97,29.87,73.17,2025-01-24 02:00:00,NORMAL
116,39,226.67,10.28,9.91,0.37,2.25,0.7,65.91,30.36,2025-01-24 02:05:00,NORMAL
166,48,240.8,11.53,11.16,0.37,2.69,0.83,72.38,37.54,2025-01-24 02:10:00,NORMAL
179,41,242.45,9.72,9.72,0.0,2.36,0.71,21.01,73.31,2025-01-24 02:15:00,NORMAL
129,21,224.53,10.49,10.48,0.01,2.35,0.86,61.86,75.56,2025-01-24 02:20:00,NORMAL
192,22,228.33,12.0,11.63,0.37,2.66,0.82,34.14,32.36,2025-01-24 02:25:00,NORMAL
144,42,226.26,8.09,8.14,0.05,1.84,0.89,56.61,50.03,2025-01-24 02:30:00,NORMAL
178,10,233.75,10.36,10.57,0.21,2.47,0.93,35.26,37.09,2025-01-24 02:35:00,NORMAL
188,10,243.1,8.72,7.88,0.84,1.92,0.93,38.74,83.41,2025-01-24 02:40:00,NORMAL
150,29,213.32,8.45,8.59,0.14,1.83,0.92,37.3,57.23,2025-01-24 02:45:00,NORMAL
146,16,215.82,13.5,13.53,0.03,2.92,0.73,32.59,56.55,2025-01-24 02:50:00,NORMAL
152,1,229.16,9.82,9.01,0.81,2.06,0.83,58.26,79.43,2025-01-24 02:55:00,NORMAL
163,17,231.86,7.88,8.02,0.14,1.86,0.94,54.28,71.72,2025-01-24 03:00:00,NORMAL
137,30,220.59,9.78,9.42,0.36,2.08,0.9,54.65,85.34,2025-01-24 03:05:00,NORMAL
163,26,231.81,7.58,7.18,0.4,1.66,0.9,41.5,86.32,2025-01-24 03:10:00,NORMAL
186,46,222.59,9.57,9.42,0.15,2.1,0.77,43.01,48.79,2025-01-24 03:15:00,NORMAL
188,19,225.53,8.64,8.63,0.01,1.95,0.8,52.64,68.9,2025-01-24 03:20:00,NORMAL
106,21,242.7,11.02,11.38,0.36,2.76,0.99,34.91,62.51,2025-01-24 03:25:00,NORMAL
121,17,226.57,13.87,13.36,0.51,3.03,0.95,39.65,65.75,2025-01-24 03:30:00,NORMAL
180,46,226.39,9.65,8.9,0.75,2.01,0.75,60.87,67.52,2025-01-24 03:35:00,NORMAL
181,40,231.32,8.72,8.02,0.7,1.86,0.86,52.83,33.6,2025-01-24 03:40:00,NORMAL
140,21,240.92,10.18,9.79,0.39,2.36,0.85,64.36,83.7,2025-01-24 03:45:00,NORMAL
173,41,229.57,12.98,13.77,0.79,3.16,0.83,9.05,38.42,2025-01-24 03:50:00,NORMAL
109,40,224.42,11.03,10.45,0.58,2.35,0.84,69.0,55.47,2025-01-24 03:55:00,NORMAL
156,45,235.79,9.72,9.57,0.15,2.26,0.89,60.86,47.52,2025-01-24 04:00:00,NORMAL
106,49,238.13,5.87,5.97,0.1,1.42,0.99,61.14,63.22,2025-01-24 04:05:00,NORMAL
149,19,241.45,9.9,9.37,0.53,2.26,0.96,22.78,87.69,2025-01-24 04:10:00,NORMAL
190,7,229.64,11.55,11.24,0.31,2.58,0.96,38.68,54.75,2025-01-24 04:15:00,NORMAL
151,17,234.75,11.92,11.22,0.7,2.63,0.91,40.59,66.19,2025-01-24 04:20:00,NORMAL
132,1,237.9,12.62,12.25,0.37,2.91,0.71,49.49,38.47,2025-01-24 04:25:00,NORMAL
100,37,231.82,8.65,8.58,0.07,1.99,0.83,73.62,57.78,2025-01-24 04:30:00,NORMAL
152,6,243.19,9.19,9.16,0.03,2.23,0.85,50.05,84.95,2025-01-24 04:35:00,NORMAL
159,26,236.51,9.76,9.25,0.51,2.19,0.95,64.56,85.94,2025-01-24 04:40:00,NORMAL
133,2,248.83,11.42,11.89,0.47,2.96,0.98,67.87,62.79,2025-01-24 04:45:00,NORMAL
103,32,239.18,9.47,9.52,0.05,2.28,0.84,57.32,76.12,2025-01-24 04:50:00,NORMAL
116,48,210.73,11.05,11.95,0.9,2.52,0.79,50.33,30.19,2025-01-24 04:55:00,NORMAL
103,5,226.02,9.23,8.82,0.41,1.99,0.8,65.55,61.89,2025-01-24 05:00:00,NORMAL
142,37,213.82,8.59,8.07,0.52,1.73,0.87,23.3,73.95,2025-01-24 05:05:00,NORMAL
189,31,223.61,12.22,12.4,0.18,2.77,0.78,56.43,49.79,2025-01-24 05:10:00,NORMAL
103,12,226.29,10.62,10.97,0.35,2.48,0.97,69.94,84.07,2025-01-24 05:15:00,NORMAL
100,35,238.69,11.49,10.81,0.68,2.58,0.83,49.12,76.78,2025-01-24 05:20:00,NORMAL
170,30,225.6,9.59,9.75,0.16,2.2,1.0,55.73,76.18,2025-01-24 05:25:00,NORMAL
193,48,243.94,11.61,11.09,0.52,2.71,0.73,62.24,31.27,2025-01-24 05:30:00,NORMAL
149,6,223.31,7.87,7.68,0.19,1.72,0.76,41.23,41.03,2025-01-24 05:35:00,NORMAL
172,15,227.12,8.19,8.25,0.06,1.87,0.85,92.03,72.82,2025-01-24 05:40:00,OVERHEAT
160,15,217.6,11.88,11.39,0.49,2.48,0.96,28.73,63.7,2025-01-24 05:45:00,NORMAL
134,16,244.45,9.86,9.64,0.22,2.36,0.81,18.62,64.71,2025-01-24 05:50:00,NORMAL
107,20,245.78,9.51,8.56,0.95,2.1,0.95,57.25,30.89,2025-01-24 05:55:00,NORMAL
123,13,228.68,8.16,8.33,0.17,1.9,0.83,37.36,56.52,2025-01-24 06:00:00,NORMAL
182,44,215.19,11.61,12.07,0.46,2.6,0.96,49.23,77.19,2025-01-24 06:05:00,NORMAL
135,42,227.92,13.73,13.54,0.19,3.09,0.78,50.64,69.81,2025-01-24 06:10:00,NORMAL
149,46,232.32,11.22,10.78,0.44,2.5,0.84,53.17,64.35,2025-01-24 06:15:00,NORMAL
142,31,223.65,9.1,8.99,0.11,2.01,0.78,26.73,71.8,2025-01-24 06:20:00,NORMAL
126,34,253.51,12.77,11.67,1.1,2.96,0.76,35.23,81.06,2025-01-24 06:25:00,LEAKAGE_WARNING
131,29,248.25,10.72,9.91,0.81,2.46,0.83,63.48,80.97,2025-01-24 06:30:00,NORMAL
177,3,212.51,9.13,9.19,0.06,1.95,0.8,38.21,57.36,2025-01-24 06:35:00,NORMAL
117,9,218.46,12.55,12.32,0.23,2.69,0.94,44.49,48.47,2025-01-24 06:40:00,NORMAL
127,11,234.59,9.64,10.34,0.7,2.43,0.92,37.49,51.98,2025-01-24 06:45:00,NORMAL
128,11,219.28,7.11,6.38,0.73,1.4,0.81,53.28,61.28,2025-01-24 06:50:00,NORMAL
115,25,231.83,9.36,9.5,0.14,2.2,1.0,39.57,35.36,2025-01-24 06:55:00,NORMAL
198,22,230.11,11.06,10.76,0.3,2.48,0.99,70.21,65.46,2025-01-24 07:00:00,NORMAL
146,42,229.6,8.56,8.49,0.07,1.95,0.98,34.02,57.2,2025-01-24 07:05:00,NORMAL
158,46,240.19,6.26,6.8,0.54,1.63,0.88,24.23,75.54,2025-01-24 07:10:00,NORMAL
130,9,248.07,12.94,12.32,0.62,3.06,0.82,27.67,46.44,2025-01-24 07:15:00,NORMAL
103,20,233.96,15.99,16.32,0.33,3.82,0.79,62.91,33.98,2025-01-24 07:20:00,NORMAL
136,21,217.88,9.05,9.11,0.06,1.98,0.7,27.5,83.67,2025-01-24 07:25:00,NORMAL
116,10,231.44,8.74,8.11,0.63,1.88,0.89,25.24,34.08,2025-01-24 07:30:00,NORMAL
138,22,224.16,7.31,7.6,0.29,1.7,0.87,57.12,85.64,2025-01-24 07:35:00,NORMAL
147,29,249.92,8.36,7.41,0.95,1.85,0.89,72.67,59.85,2025-01-24 07:40:00,NORMAL
145,9,236.93,6.94,7.23,0.29,1.71,0.87,77.82,33.38,2025-01-24 07:45:00,NORMAL
189,5,234.03,7.39,7.77,0.38,1.82,0.74,43.76,37.55,2025-01-24 07:50:00,NORMAL
147,40,236.5,10.0,9.78,0.22,2.31,0.91,-0.51,61.98,2025-01-24 07:55:00,NORMAL
138,11,229.62,6.84,5.82,1.02,1.34,0.81,42.83,30.95,2025-01-24 08:00:00,LEAKAGE_WARNING
103,1,242.52,7.06,6.86,0.2,1.66,0.85,64.04,84.91,2025-01-24 08:05:00,NORMAL
129,42,224.29,10.41,9.72,0.69,2.18,0.81,29.92,77.78,2025-01-24 08:10:00,NORMAL
129,1,239.6,8.77,9.24,0.47,2.21,0.71,37.23,60.27,2025-01-24 08:15:00,NORMAL
121,39,245.92,10.71,10.69,0.02,2.63,0.96,50.47,85.57,2025-01-24 08:20:00,NORMAL
174,46,221.86,9.32,9.27,0.05,2.06,0.74,63.7,45.58,2025-01-24 08:25:00,NORMAL
165,5,233.38,9.63,10.06,0.43,2.35,0.87,31.23,81.2,2025-01-24 08:30:00,NORMAL
111,49,234.17,11.56,12.16,0.6,2.85,0.96,61.99,78.31,2025-01-24 08:35:00,NORMAL
193,22,219.25,8.9,8.82,0.08,1.93,0.77,56.52,64.91,2025-01-24 08:40:00,NORMAL
135,26,216.31,11.42,10.43,0.99,2.26,0.82,42.02,49.13,2025-01-24 08:45:00,NORMAL
117,6,220.84,9.16,8.85,0.31,1.95,0.81,57.48,63.5,2025-01-24 08:50:00,NORMAL
189,32,229.48,8.36,8.5,0.14,1.95,0.73,61.02,87.43,2025-01-24 08:55:00,NORMAL
152,48,234.19,7.85,8.67,0.82,2.03,0.83,70.73,35.07,2025-01-24 09:00:00,NORMAL
170,11,226.3,6.69,6.68,0.01,1.51,0.84,68.6,42.06,2025-01-24 09:05:00,NORMAL
100,10,249.31,7.52,7.54,0.02,1.88,0.71,28.82,68.63,2025-01-24 09:10:00,NORMAL
157,47,240.26,6.45,6.06,0.39,1.46,0.85,53.09,70.71,2025-01-24 09:15:00,NORMAL
189,39,234.53,8.01,7.94,0.07,1.86,0.73,45.27,39.87,2025-01-24 09:20:00,NORMAL
186,34,225.7,11.64,11.12,0.52,2.51,0.97,51.43,78.38,2025-01-24 09:25:00,NORMAL
189,31,230.7,9.98,9.4,0.58,2.17,0.9,46.61,85.71,2025-01-24 09:30:00,NORMAL
105,12,241.02,9.22,9.05,0.17,2.18,0.72,48.34,34.78,2025-01-24 09:35:00,NORMAL
169,44,239.2,8.62,8.45,0.17,2.02,0.95,45.72,88.45,2025-01-24 09:40:00,NORMAL
143,16,239.09,9.84,9.62,0.22,2.3,0.81,36.55,46.87,2025-01-24 09:45:00,NORMAL
171,38,226.96,10.06,10.73,0.67,2.44,0.77,49.56,48.53,2025-01-24 09:50:00,NORMAL
123,3,224.77,7.77,7.21,0.56,1.62,0.78,59.74,32.69,2025-01-24 09:55:00,NORMAL
185,2,215.73,10.93,9.88,1.05,2.13,0.88,43.1,59.84,2025-01-24 10:00:00,LEAKAGE_WARNING
118,5,235.29,9.35,9.12,0.23,2.15,0.72,38.15,87.29,2025-01-24 10:05:00,NORMAL
117,11,214.81,10.59,10.78,0.19,2.32,0.72,49.1,39.66,2025-01-24 10:10:00,NORMAL
194,25,229.84,9.94,9.74,0.2,2.24,0.89,51.55,64.61,2025-01-24 10:15:00,NORMAL
129,35,225.8,7.16,7.18,0.02,1.62,0.99,35.58,46.47,2025-01-24 10:20:00,NORMAL
141,35,232.22,12.6,12.39,0.21,2.88,0.85,39.86,31.12,2025-01-24 10:25:00,NORMAL
132,22,241.66,9.98,9.94,0.04,2.4,0.82,29.0,89.23,2025-01-24 10:30:00,NORMAL
173,37,243.54,9.26,10.14,0.88,2.47,0.98,50.92,72.97,2025-01-24 10:35:00,NORMAL
111,22,237.02,11.17,10.92,0.25,2.59,0.77,41.0,74.13,2025-01-24 10:40:00,NORMAL
193,11,222.36,7.69,6.38,1.31,1.42,0.77,66.57,69.78,2025-01-24 10:45:00,LEAKAGE_WARNING
126,32,229.78,6.85,7.32,0.47,1.68,0.97,53.8,38.62,2025-01-24 10:50:00,NORMAL
138,35,221.26,11.11,10.36,0.75,2.29,0.89,56.31,42.4,2025-01-24 10:55:00,NORMAL
108,31,223.46,12.29,11.89,0.4,2.66,0.72,48.35,53.14,2025-01-24 11:00:00,NORMAL
120,45,234.82,10.57,10.83,0.26,2.54,0.9,59.2,89.73,2025-01-24 11:05:00,NORMAL
175,8,220.26,11.61,12.08,0.47,2.66,0.95,21.63,70.35,2025-01-24 11:10:00,NORMAL
128,20,225.46,7.47,7.14,0.33,1.61,0.78,45.7,56.54,2025-01-24 11:15:00,NORMAL
132,42,219.3,9.28,8.9,0.38,1.95,0.81,41.3,59.08,2025-01-24 11:20:00,NORMAL
161,34,236.58,8.68,9.23,0.55,2.18,0.76,63.16,85.33,2025-01-24 11:25:00,NORMAL
114,4,226.39,12.06,11.4,0.66,2.58,0.89,26.84,41.79,2025-01-24 11:30:00,NORMAL
101,18,207.84,10.99,11.04,0.05,2.29,0.9,49.37,49.25,2025-01-24 11:35:00,NORMAL
151,4,246.34,12.06,11.61,0.45,2.86,0.72,65.33,52.25,2025-01-24 11:40:00,NORMAL
143,20,240.13,8.76,8.21,0.55,1.97,0.9,44.61,83.86,2025-01-24 11:45:00,NORMAL
153,9,209.85,7.74,7.09,0.65,1.49,0.9,44.53,76.61,2025-01-24 11:50:00,NORMAL
117,16,237.35,12.66,12.95,0.29,3.07,0.71,50.25,65.45,2025-01-24 11:55:00,NORMAL
102,26,245.23,10.05,8.84,1.21,2.17,0.87,42.86,48.88,2025-01-24 12:00:00,LEAKAGE_WARNING
106,38,228.14,12.13,12.39,0.26,2.83,0.88,52.15,42.13,2025-01-24 12:05:00,NORMAL
142,25,231.49,9.87,9.22,0.65,2.13,0.83,62.72,49.85,2025-01-24 12:10:00,NORMAL
181,4,226.81,14.41,14.46,0.05,3.28,0.97,50.93,85.77,2025-01-24 12:15:00,NORMAL
137,41,235.2,12.36,12.13,0.23,2.85,0.8,45.75,84.61,2025-01-24 12:20:00,NORMAL
136,45,240.33,9.68,9.54,0.14,2.29,0.72,57.97,55.32,2025-01-24 12:25:00,NORMAL
157,41,218.09,10.04,9.61,0.43,2.1,0.9,68.99,49.53,2025-01-24 12:30:00,NORMAL
132,38,222.94,10.05,9.33,0.72,2.08,0.88,36.38,83.08,2025-01-24 12:35:00,NORMAL
158,19,231.02,7.73,7.84,0.11,1.81,1.0,74.58,56.77,2025-01-24 12:40:00,NORMAL
194,14,233.1,9.04,9.28,0.24,2.16,0.77,37.41,32.32,2025-01-24 12:45:00,NORMAL
110,21,234.07,8.88,9.71,0.83,2.27,0.82,51.71,50.74,2025-01-24 12:50:00,NORMAL
167,15,228.07,10.47,10.18,0.29,2.32,0.84,50.98,66.44,2025-01-24 12:55:00,NORMAL
181,3,221.18,8.37,8.25,0.12,1.82,0.96,51.86,86.68,2025-01-24 13:00:00,NORMAL
167,37,239.85,9.7,9.45,0.25,2.27,0.82,21.42,55.48,2025-01-24 13:05:00,NORMAL
197,46,217.78,9.27,9.12,0.15,1.99,0.93,27.44,44.41,2025-01-24 13:10:00,NORMAL
192,16,225.08,10.15,9.57,0.58,2.15,0.75,40.08,53.07,2025-01-24 13:15:00,NORMAL
187,14,230.18,12.94,12.99,0.05,2.99,0.82,36.15,33.42,2025-01-24 13:20:00,NORMAL
121,9,234.85,12.19,11.82,0.37,2.78,0.75,53.73,83.93,2025-01-24 13:25:00,NORMAL
165,47,227.08,7.38,7.2,0.18,1.63,0.98,63.9,32.01,2025-01-24 13:30:00,NORMAL
143,7,237.53,9.9,10.18,0.28,2.42,0.75,15.16,30.06,2025-01-24 13:35:00,NORMAL
105,14,242.51,9.39,9.53,0.14,2.31,0.83,28.59,66.85,2025-01-24 13:40:00,NORMAL
141,6,223.77,8.71,8.05,0.66,1.8,0.72,37.84,39.24,2025-01-24 13:45:00,NORMAL
124,21,233.92,14.31,13.7,0.61,3.2,0.98,28.94,47.76,2025-01-24 13:50:00,NORMAL
156,15,232.46,8.95,8.38,0.57,1.95,0.89,40.76,59.46,2025-01-24 13:55:00,NORMAL
184,8,226.59,9.09,8.97,0.12,2.03,0.99,32.88,77.53,2025-01-24 14:00:00,NORMAL
154,34,210.94,13.51,14.43,0.92,3.04,0.71,53.09,53.25,2025-01-24 14:05:00,NORMAL
115,40,233.54,11.94,12.57,0.63,2.94,0.75,86.47,87.43,2025-01-24 14:10:00,OVERHEAT
194,1,234.64,9.11,9.04,0.07,2.12,0.81,32.9,57.19,2025-01-24 14:15:00,NORMAL
113,32,240.87,11.52,12.08,0.56,2.91,0.89,64.55,85.2,2025-01-24 14:20:00,NORMAL
138,49,226.65,9.52,8.75,0.77,1.98,0.8,85.27,57.14,2025-01-24 14:25:00,OVERHEAT
127,5,223.33,9.65,9.85,0.2,2.2,0.91,35.66,60.97,2025-01-24 14:30:00,NORMAL
195,30,220.85,8.39,8.33,0.06,1.84,0.75,78.1,87.48,2025-01-24 14:35:00,NORMAL
191,22,200.02,5.13,4.06,1.07,0.81,0.88,32.55,70.49,2025-01-24 14:40:00,LEAKAGE_WARNING
150,20,225.95,7.15,6.43,0.72,1.45,0.82,64.24,38.96,2025-01-24 14:45:00,NORMAL
148,16,257.66,7.79,7.42,0.37,1.91,0.85,33.63,65.91,2025-01-24 14:50:00,NORMAL
108,7,242.71,10.84,10.53,0.31,2.56,0.87,17.76,43.51,2025-01-24 14:55:00,NORMAL
157,7,220.08,10.31,10.49,0.18,2.31,0.72,61.2,48.58,2025-01-24 15:00:00,NORMAL
144,2,224.85,12.17,11.59,0.58,2.61,0.98,53.41,80.29,2025-01-24 15:05:00,NORMAL
121,47,224.79,7.59,7.28,0.31,1.64,0.94,44.37,70.93,2025-01-24 15:10:00,NORMAL
131,14,243.99,13.57,13.44,0.13,3.28,0.83,20.75,47.21,2025-01-24 15:15:00,NORMAL
168,31,252.25,13.39,12.87,0.52,3.25,0.86,65.28,30.28,2025-01-24 15:20:00,NORMAL
186,41,230.9,10.07,9.54,0.53,2.2,0.71,61.82,61.87,2025-01-24 15:25:00,NORMAL
168,14,232.64,8.63,8.92,0.29,2.08,0.85,18.12,45.01,2025-01-24 15:30:00,NORMAL
141,5,235.2,8.73,8.07,0.66,1.9,0.83,48.85,31.7,2025-01-24 15:35:00,NORMAL
152,11,229.84,10.4,10.24,0.16,2.35,0.81,53.7,33.8,2025-01-24 15:40:00,NORMAL
195,40,232.82,13.77,13.53,0.24,3.15,0.94,28.37,70.4,2025-01-24 15:45:00,NORMAL
158,5,230.48,9.81,10.27,0.46,2.37,0.75,60.49,54.86,2025-01-24 15:50:00,NORMAL
173,29,234.78,6.84,7.28,0.44,1.71,0.75,82.92,45.75,2025-01-24 15:55:00,OVERHEAT
138,11,209.98,13.79,14.32,0.53,3.01,0.86,61.57,82.78,2025-01-24 16:00:00,NORMAL
114,5,225.21,9.2,7.8,1.4,1.76,0.91,71.73,79.51,2025-01-24 16:05:00,LEAKAGE_WARNING
170,49,218.17,12.91,11.58,1.33,2.53,0.71,58.95,57.97,2025-01-24 16:10:00,LEAKAGE_WARNING
128,32,236.9,11.25,11.9,0.65,2.82,0.86,28.45,46.54,2025-01-24 16:15:00,NORMAL
102,36,222.14,9.7,10.26,0.56,2.28,0.79,57.99,60.43,2025-01-24 16:20:00,NORMAL
182,15,214.35,11.93,11.99,0.06,2.57,0.93,25.7,75.18,2025-01-24 16:25:00,NORMAL
109,19,212.12,8.53,7.78,0.75,1.65,0.84,37.5,30.64,2025-01-24 16:30:00,NORMAL
191,22,234.49,9.42,8.91,0.51,2.09,0.95,41.41,66.75,2025-01-24 16:35:00,NORMAL
128,34,220.71,8.94,7.66,1.28,1.69,0.82,39.7,72.61,2025-01-24 16:40:00,LEAKAGE_WARNING
178,17,228.62,9.6,9.55,0.05,2.18,0.95,33.17,79.01,2025-01-24 16:45:00,NORMAL
134,12,245.83,11.1,11.25,0.15,2.77,0.91,41.25,43.0,2025-01-24 16:50:00,NORMAL
105,25,233.75,11.08,10.85,0.23,2.54,0.95,43.2,42.21,2025-01-24 16:55:00,NORMAL
111,17,224.9,6.89,6.78,0.11,1.52,0.94,64.35,42.94,2025-01-24 17:00:00,NORMAL
137,10,218.25,8.93,8.74,0.19,1.91,0.85,51.45,85.89,2025-01-24 17:05:00,NORMAL
176,28,234.35,9.27,9.02,0.25,2.11,0.81,59.92,38.46,2025-01-24 17:10:00,NORMAL
192,18,228.71,11.17,9.91,1.26,2.27,0.93,41.5,75.88,2025-01-24 17:15:00,LEAKAGE_WARNING
118,18,235.79,7.2,6.94,0.26,1.64,0.81,59.51,89.21,2025-01-24 17:20:00,NORMAL
166,45,206.16,11.41,11.74,0.33,2.42,0.73,16.12,86.78,2025-01-24 17:25:00,NORMAL
107,32,241.37,7.75,7.7,0.05,1.86,0.96,25.82,54.59,2025-01-24 17:30:00,NORMAL
107,14,212.87,10.5,9.94,0.56,2.12,0.82,60.15,80.36,2025-01-24 17:35:00,NORMAL
183,16,225.16,12.23,11.73,0.5,2.64,0.74,36.1,70.21,2025-01-24 17:40:00,NORMAL
146,18,243.9,7.55,7.08,0.47,1.73,0.89,46.62,82.11,2025-01-24 17:45:00,NORMAL
103,16,207.66,10.48,11.13,0.65,2.31,0.97,9.94,39.67,2025-01-24 17:50:00,NORMAL
150,17,229.13,9.63,10.21,0.58,2.34,0.96,39.28,75.9,2025-01-24 17:55:00,NORMAL
184,7,227.25,8.05,7.92,0.13,1.8,0.87,26.28,65.19,2025-01-24 18:00:00,NORMAL
166,12,229.71,7.55,7.13,0.42,1.64,0.73,34.81,62.41,2025-01-24 18:05:00,NORMAL
144,34,233.56,8.58,8.8,0.22,2.06,0.91,46.85,73.73,2025-01-24 18:10:00,NORMAL
107,10,230.15,8.38,7.43,0.95,1.71,0.88,46.53,46.38,2025-01-24 18:15:00,NORMAL
186,5,216.6,9.59,9.12,0.47,1.98,0.76,41.37,34.48,2025-01-24 18:20:00,NORMAL
115,21,230.97,9.15,9.21,0.06,2.13,0.97,58.55,60.13,2025-01-24 18:25:00,NORMAL
176,3,229.82,10.85,9.26,1.59,2.13,0.73,38.41,48.13,2025-01-24 18:30:00,LEAKAGE_WARNING
166,19,229.4,11.62,11.65,0.03,2.67,0.81,41.05,45.38,2025-01-24 18:35:00,NORMAL
108,45,250.86,6.94,6.92,0.02,1.74,0.73,27.07,89.91,2025-01-24 18:40:00,NORMAL
159,44,243.37,9.5,9.51,0.01,2.31,0.97,63.21,41.87,2025-01-24 18:45:00,NORMAL
177,35,248.27,8.1,7.88,0.22,1.96,0.71,32.81,44.13,2025-01-24 18:50:00,NORMAL
176,6,233.44,7.83,8.17,0.34,1.91,0.83,23.83,50.03,2025-01-24 18:55:00,NORMAL
170,14,247.85,6.86,6.29,0.57,1.56,0.96,26.78,59.82,2025-01-24 19:00:00,NORMAL
114,4,221.44,6.71,6.07,0.64,1.34,0.78,47.95,82.15,2025-01-24 19:05:00,NORMAL
170,45,226.41,8.96,8.43,0.53,1.91,0.73,43.57,40.58,2025-01-24 19:10:00,NORMAL
197,18,224.2,10.79,10.82,0.03,2.43,0.74,41.65,66.96,2025-01-24 19:15:00,NORMAL
140,29,225.04,10.78,10.8,0.02,2.43,0.82,60.07,52.11,2025-01-24 19:20:00,NORMAL
121,35,230.41,7.89,7.38,0.51,1.7,0.83,30.25,77.81,2025-01-24 19:25:00,NORMAL
123,38,232.04,7.69,7.38,0.31,1.71,0.92,52.42,66.11,2025-01-24 19:30:00,NORMAL
143,16,234.31,10.48,10.68,0.2,2.5,0.77,46.42,77.71,2025-01-24 19:35:00,NORMAL
100,20,247.45,9.14,9.95,0.81,2.46,0.91,51.12,81.31,2025-01-24 19:40:00,NORMAL
109,24,214.75,11.78,11.78,0.0,2.53,1.0,46.7,84.73,2025-01-24 19:45:00,NORMAL
179,35,217.95,7.78,7.32,0.46,1.6,0.96,33.76,89.74,2025-01-24 19:50:00,NORMAL
171,44,205.58,6.28,5.83,0.45,1.2,0.89,11.62,67.13,2025-01-24 19:55:00,NORMAL
155,19,221.58,11.22,11.78,0.56,2.61,0.98,57.18,68.25,2025-01-24 20:00:00,NORMAL
188,4,225.56,6.22,5.6,0.62,1.26,1.0,44.87,38.43,2025-01-24 20:05:00,NORMAL
149,33,223.02,7.11,5.98,1.13,1.33,0.87,46.83,36.31,2025-01-24 20:10:00,LEAKAGE_WARNING
111,2,218.61,8.66,8.64,0.02,1.89,0.78,44.55,59.26,2025-01-24 20:15:00,NORMAL
188,13,230.89,9.43,9.33,0.1,2.15,0.97,22.78,71.62,2025-01-24 20:20:00,NORMAL
180,45,226.13,11.2,11.26,0.06,2.55,0.95,48.4,44.89,2025-01-24 20:25:00,NORMAL
159,30,221.15,7.97,7.95,0.02,1.76,0.73,45.45,49.63,2025-01-24 20:30:00,NORMAL
125,34,231.51,12.64,11.83,0.81,2.74,0.98,43.92,72.01,2025-01-24 20:35:00,NORMAL
177,30,224.27,6.97,7.16,0.19,1.61,0.81,70.74,42.7,2025-01-24 20:40:00,NORMAL
140,24,241.57,9.26,8.94,0.32,2.16,0.8,46.83,61.28,2025-01-24 20:45:00,NORMAL
135,48,228.36,11.66,11.6,0.06,2.65,0.8,43.13,62.32,2025-01-24 20:50:00,NORMAL
122,44,226.5,11.77,11.47,0.3,2.6,0.8,42.72,85.02,2025-01-24 20:55:00,NORMAL
142,33,232.62,4.09,4.03,0.06,0.94,0.85,28.94,54.14,2025-01-24 21:00:00,NORMAL
105,41,209.94,15.42,14.81,0.61,3.11,0.87,47.09,42.63,2025-01-24 21:05:00,NORMAL
168,49,242.14,9.36,8.64,0.72,2.09,0.83,49.06,40.43,2025-01-24 21:10:00,NORMAL
142,10,237.85,10.56,10.17,0.39,2.42,0.82,35.06,47.59,2025-01-24 21:15:00,NORMAL
124,18,222.07,9.33,9.24,0.09,2.05,0.92,56.16,46.74,2025-01-24 21:20:00,NORMAL
117,19,218.69,14.27,13.68,0.59,2.99,0.7,52.3,75.01,2025-01-24 21:25:00,NORMAL
161,7,219.9,12.58,12.75,0.17,2.8,0.98,43.28,65.62,2025-01-24 21:30:00,NORMAL
112,19,215.9,14.22,13.81,0.41,2.98,0.91,57.43,70.95,2025-01-24 21:35:00,NORMAL
142,24,213.03,10.95,11.01,0.06,2.35,0.91,39.23,67.82,2025-01-24 21:40:00,NORMAL
177,15,215.58,11.82,11.51,0.31,2.48,0.83,56.97,58.87,2025-01-24 21:45:00,NORMAL
127,41,203.53,7.91,8.19,0.28,1.67,0.99,37.67,85.7,2025-01-24 21:50:00,NORMAL
117,42,226.36,9.47,8.68,0.79,1.96,0.7,68.71,79.05,2025-01-24 21:55:00,NORMAL
158,23,228.63,11.83,12.26,0.43,2.8,0.72,36.23,42.65,2025-01-24 22:00:00,NORMAL
159,4,242.81,10.64,10.5,0.14,2.55,0.94,42.64,55.42,2025-01-24 22:05:00,NORMAL
162,38,239.87,10.21,10.75,0.54,2.58,0.92,32.01,47.27,2025-01-24 22:10:00,NORMAL
156,4,222.66,8.45,7.67,0.78,1.71,0.78,53.24,74.74,2025-01-24 22:15:00,NORMAL
191,5,227.52,12.33,11.35,0.98,2.58,0.88,27.94,50.67,2025-01-24 22:20:00,NORMAL
150,41,241.03,12.3,12.7,0.4,3.06,0.86,43.24,68.41,2025-01-24 22:25:00,NORMAL
155,44,225.51,12.08,11.72,0.36,2.64,0.86,24.26,47.53,2025-01-24 22:30:00,NORMAL
126,23,231.71,10.58,10.53,0.05,2.44,0.88,53.06,40.3,2025-01-24 22:35:00,NORMAL
131,40,223.94,10.02,9.56,0.46,2.14,1.0,53.86,30.55,2025-01-24 22:40:00,NORMAL
108,37,230.39,12.25,11.26,0.99,2.59,1.0,46.87,89.68,2025-01-24 22:45:00,NORMAL
195,11,230.84,11.87,11.48,0.39,2.65,0.99,37.05,43.17,2025-01-24 22:50:00,NORMAL
183,11,226.51,8.21,8.39,0.18,1.9,0.86,55.41,79.93,2025-01-24 22:55:00,NORMAL
191,13,240.66,10.63,10.78,0.15,2.59,0.8,30.87,79.33,2025-01-24 23:00:00,NORMAL
196,14,221.36,11.32,11.3,0.02,2.5,0.87,33.84,44.16,2025-01-24 23:05:00,NORMAL
167,8,231.15,8.65,8.81,0.16,2.04,0.89,55.36,54.94,2025-01-24 23:10:00,NORMAL
145,25,247.84,11.81,11.23,0.58,2.78,0.79,53.17,80.17,2025-01-24 23:15:00,NORMAL
197,18,233.11,11.44,10.82,0.62,2.52,0.89,53.23,71.39,2025-01-24 23:20:00,NORMAL
166,44,222.03,9.17,8.34,0.83,1.85,0.89,79.47,52.19,2025-01-24 23:25:00,NORMAL
125,44,233.48,7.29,7.3,0.01,1.7,0.97,47.56,86.95,2025-01-24 23:30:00,NORMAL
107,18,254.32,11.17,10.39,0.78,2.64,0.77,39.0,50.54,2025-01-24 23:35:00,NORMAL
105,10,230.39,13.93,12.89,1.04,2.97,0.91,42.87,42.72,2025-01-24 23:40:00,LEAKAGE_WARNING
179,7,237.94,10.51,10.97,0.46,2.61,0.84,13.51,38.8,2025-01-24 23:45:00,NORMAL
123,44,230.05,11.28,11.32,0.04,2.6,0.74,50.8,72.08,2025-01-24 23:50:00,NORMAL
147,14,232.75,7.67,7.52,0.15,1.75,0.79,66.2,31.74,2025-01-24 23:55:00,NORMAL
193,15,229.22,9.9,9.29,0.61,2.13,0.72,39.79,80.75,2025-01-25 00:00:00,NORMAL
144,16,219.82,9.78,8.91,0.87,1.96,0.8,64.66,48.25,2025-01-25 00:05:00,NORMAL
112,2,233.74,8.23,8.9,0.67,2.08,0.72,30.46,52.19,2025-01-25 00:10:00,NORMAL
168,30,217.77,10.88,11.01,0.13,2.4,0.98,33.34,78.11,2025-01-25 00:15:00,NORMAL
124,30,226.88,10.8,10.03,0.77,2.28,0.73,33.28,78.85,2025-01-25 00:20:00,NORMAL
119,18,249.12,9.41,9.64,0.23,2.4,0.95,23.04,54.0,2025-01-25 00:25:00,NORMAL
181,31,229.28,9.97,9.37,0.6,2.15,0.97,66.87,63.23,2025-01-25 00:30:00,NORMAL
181,44,220.77,14.11,13.62,0.49,3.01,0.84,52.73,70.75,2025-01-25 00:35:00,NORMAL
165,48,232.41,8.76,8.17,0.59,1.9,0.72,54.32,71.32,2025-01-25 00:40:00,NORMAL
173,13,224.46,7.74,7.14,0.6,1.6,0.88,34.14,62.04,2025-01-25 00:45:00,NORMAL
144,20,231.09,7.69,7.7,0.01,1.78,0.77,56.95,80.65,2025-01-25 00:50:00,NORMAL
146,49,218.23,10.5,10.43,0.07,2.28,0.75,37.38,80.49,2025-01-25 00:55:00,NORMAL
162,35,237.8,4.91,4.88,0.03,1.16,0.87,38.08,80.93,2025-01-25 01:00:00,NORMAL
175,23,231.25,8.98,8.67,0.31,2.0,0.81,61.09,46.09,2025-01-25 01:05:00,NORMAL
176,42,219.98,8.06,8.93,0.87,1.96,0.92,32.31,45.41,2025-01-25 01:10:00,NORMAL
154,33,233.6,9.89,9.45,0.44,2.21,0.88,30.03,38.39,2025-01-25 01:15:00,NORMAL
174,38,249.35,9.89,8.83,1.06,2.2,0.95,28.24,79.58,2025-01-25 01:20:00,LEAKAGE_WARNING
118,35,222.04,10.69,10.39,0.3,2.31,0.72,42.81,33.64,2025-01-25 01:25:00,NORMAL
134,36,237.58,11.23,11.09,0.14,2.63,0.77,75.93,38.12,2025-01-25 01:30:00,NORMAL
152,20,234.18,12.28,12.04,0.24,2.82,0.87,41.1,85.57,2025-01-25 01:35:00,NORMAL
125,3,234.03,9.29,8.82,0.47,2.06,0.96,25.49,37.51,2025-01-25 01:40:00,NORMAL
113,8,239.0,8.67,7.9,0.77,1.89,0.94,35.62,37.28,2025-01-25 01:45:00,NORMAL
144,40,227.23,11.71,11.54,0.17,2.62,0.9,38.02,84.55,2025-01-25 01:50:00,NORMAL
143,32,231.52,6.68,6.56,0.12,1.52,0.87,45.71,48.61,2025-01-25 01:55:00,NORMAL
187,29,230.98,11.51,12.0,0.49,2.77,0.89,50.45,82.89,2025-01-25 02:00:00,NORMAL
164,7,221.44,10.29,10.07,0.22,2.23,0.76,13.58,52.66,2025-01-25 02:05:00,NORMAL
150,2,234.59,10.9,11.3,0.4,2.65,0.88,26.65,52.42,2025-01-25 02:10:00,NORMAL
142,21,226.38,10.73,10.8,0.07,2.44,0.85,25.51,38.11,2025-01-25 02:15:00,NORMAL
185,6,248.3,10.27,9.63,0.64,2.39,0.82,60.29,85.12,2025-01-25 02:20:00,NORMAL
122,28,224.92,10.35,9.64,0.71,2.17,0.97,29.78,75.7,2025-01-25 02:25:00,NORMAL
155,48,216.8,7.78,7.35,0.43,1.59,0.95,49.19,43.54,2025-01-25 02:30:00,NORMAL
118,42,241.2,8.7,7.89,0.81,1.9,0.72,51.99,73.67,2025-01-25 02:35:00,NORMAL
181,36,222.56,13.55,14.18,0.63,3.16,1.0,37.43,36.22,2025-01-25 02:40:00,NORMAL
175,32,217.87,11.35,10.34,1.01,2.25,0.77,8.59,61.43,2025-01-25 02:45:00,LEAKAGE_WARNING
154,45,233.88,12.12,12.34,0.22,2.89,0.76,62.58,45.26,2025-01-25 02:50:00,NORMAL
191,42,243.32,9.31,8.96,0.35,2.18,0.98,64.65,81.04,2025-01-25 02:55:00,NORMAL
191,46,237.37,10.16,10.29,0.13,2.44,0.83,44.69,60.67,2025-01-25 03:00:00,NORMAL
159,9,224.28,11.05,10.69,0.36,2.4,0.94,34.75,85.27,2025-01-25 03:05:00,NORMAL
158,11,231.29,12.41,12.2,0.21,2.82,0.79,71.93,65.11,2025-01-25 03:10:00,NORMAL
132,23,227.13,9.69,8.92,0.77,2.03,0.96,34.27,60.24,2025-01-25 03:15:00,NORMAL
118,11,246.61,10.95,9.52,1.43,2.35,0.95,56.92,71.64,2025-01-25 03:20:00,LEAKAGE_WARNING
127,49,225.63,11.42,10.78,0.64,2.43,0.86,22.57,77.04,2025-01-25 03:25:00,NORMAL
151,2,230.99,11.87,11.73,0.14,2.71,0.91,51.88,30.92,2025-01-25 03:30:00,NORMAL
148,3,231.69,9.6,8.63,0.97,2.0,0.99,25.52,61.34,2025-01-25 03:35:00,NORMAL
136,11,218.4,12.56,13.21,0.65,2.89,0.84,50.68,76.54,2025-01-25 03:40:00,NORMAL
125,35,228.07,7.16,7.25,0.09,1.65,0.85,45.05,54.45,2025-01-25 03:45:00,NORMAL
198,15,228.23,7.74,7.66,0.08,1.75,0.92,39.51,32.71,2025-01-25 03:50:00,NORMAL
197,43,243.77,10.96,10.9,0.06,2.66,0.82,39.09,31.05,2025-01-25 03:55:00,NORMAL
198,11,231.95,10.91,11.08,0.17,2.57,0.99,61.25,77.63,2025-01-25 04:00:00,NORMAL
139,31,226.22,9.53,8.98,0.55,2.03,0.71,43.72,41.88,2025-01-25 04:05:00,NORMAL
179,28,228.55,9.12,8.92,0.2,2.04,0.82,50.93,40.5,2025-01-25 04:10:00,NORMAL
137,28,229.33,9.14,9.01,0.13,2.07,0.91,87.71,47.37,2025-01-25 04:15:00,OVERHEAT
176,32,229.61,8.2,7.3,0.9,1.68,0.83,26.24,36.13,2025-01-25 04:20:00,NORMAL
186,25,239.27,9.91,9.93,0.02,2.38,0.78,33.44,33.2,2025-01-25 04:25:00,NORMAL
153,20,239.79,6.89,6.18,0.71,1.48,0.82,20.24,82.34,2025-01-25 04:30:00,NORMAL
121,28,220.09,12.26,12.2,0.06,2.69,0.96,19.54,48.17,2025-01-25 04:35:00,NORMAL
115,25,240.68,10.76,10.69,0.07,2.57,0.86,73.58,64.94,2025-01-25 04:40:00,NORMAL
127,11,237.51,12.59,12.77,0.18,3.03,0.8,38.71,81.47,2025-01-25 04:45:00,NORMAL
134,19,229.47,10.32,10.85,0.53,2.49,0.9,5.49,88.65,2025-01-25 04:50:00,NORMAL
159,28,215.26,9.93,10.06,0.13,2.17,0.88,40.76,71.31,2025-01-25 04:55:00,NORMAL
144,1,232.13,10.25,10.94,0.69,2.54,0.87,37.59,87.01,2025-01-25 05:00:00,NORMAL
145,5,226.46,8.6,8.27,0.33,1.87,0.82,29.26,55.41,2025-01-25 05:05:00,NORMAL
171,10,235.55,7.51,7.47,0.04,1.76,0.72,38.38,77.37,2025-01-25 05:10:00,NORMAL
154,42,236.47,8.03,7.29,0.74,1.72,0.89,47.36,86.26,2025-01-25 05:15:00,NORMAL
185,46,243.19,9.15,9.31,0.16,2.26,0.83,38.85,33.19,2025-01-25 05:20:00,NORMAL
184,34,219.39,8.23,8.16,0.07,1.79,0.83,57.78,49.05,2025-01-25 05:25:00,NORMAL
125,36,251.38,12.7,11.89,0.81,2.99,0.77,44.08,74.42,2025-01-25 05:30:00,NORMAL
184,2,238.95,8.59,7.94,0.65,1.9,0.77,45.2,48.92,2025-01-25 05:35:00,NORMAL
124,18,237.14,10.79,10.52,0.27,2.49,0.94,42.11,31.02,2025-01-25 05:40:00,NORMAL
164,13,249.16,11.17,11.49,0.32,2.86,0.84,26.49,78.42,2025-01-25 05:45:00,NORMAL
105,5,233.18,12.47,11.98,0.49,2.79,0.73,27.09,39.88,2025-01-25 05:50:00,NORMAL
122,20,240.34,11.36,11.3,0.06,2.72,0.71,46.81,49.25,2025-01-25 05:55:00,NORMAL
163,2,231.7,9.65,9.71,0.06,2.25,0.77,33.63,84.63,2025-01-25 06:00:00,NORMAL
186,11,238.41,13.41,12.54,0.87,2.99,0.85,53.97,42.53,2025-01-25 06:05:00,NORMAL
142,30,241.62,7.51,6.58,0.93,1.59,0.89,39.97,83.69,2025-01-25 06:10:00,NORMAL
122,32,240.59,8.12,8.36,0.24,2.01,0.74,33.41,55.35,2025-01-25 06:15:00,NORMAL
195,32,214.88,10.44,9.38,1.06,2.02,0.83,48.88,85.09,2025-01-25 06:20:00,LEAKAGE_WARNING
129,38,225.86,10.17,10.01,0.16,2.26,0.72,45.41,82.61,2025-01-25 06:25:00,NORMAL
176,28,241.72,11.63,11.04,0.59,2.67,0.71,20.14,54.91,2025-01-25 06:30:00,NORMAL
117,10,234.98,10.32,9.2,1.12,2.16,0.96,17.7,85.31,2025-01-25 06:35:00,LEAKAGE_WARNING
186,22,229.51,10.74,10.62,0.12,2.44,0.9,53.57,67.96,2025-01-25 06:40:00,NORMAL
178,17,235.08,11.99,11.66,0.33,2.74,0.93,33.86,58.54,2025-01-25 06:45:00,NORMAL
196,22,218.96,10.28,9.72,0.56,2.13,0.75,47.28,61.84,2025-01-25 06:50:00,NORMAL
120,43,237.86,11.36,10.37,0.99,2.47,0.8,48.49,33.8,2025-01-25 06:55:00,NORMAL
156,19,233.71,8.49,8.28,0.21,1.94,0.83,63.05,78.46,2025-01-25 07:00:00,NORMAL
122,17,230.85,8.62,8.02,0.6,1.85,0.9,69.74,47.55,2025-01-25 07:05:00,NORMAL
190,24,228.21,11.76,11.95,0.19,2.73,0.86,27.84,46.21,2025-01-25 07:10:00,NORMAL
144,36,232.31,10.24,10.78,0.54,2.5,0.87,42.76,72.92,2025-01-25 07:15:00,NORMAL
143,32,227.26,10.34,10.48,0.14,2.38,0.75,43.15,52.25,2025-01-25 07:20:00,NORMAL
181,46,226.76,8.61,8.75,0.14,1.98,0.84,67.79,60.85,2025-01-25 07:25:00,NORMAL
187,36,247.89,9.18,8.49,0.69,2.1,0.95,23.41,55.29,2025-01-25 07:30:00,NORMAL
146,28,214.13,10.57,10.41,0.16,2.23,0.85,66.53,60.28,2025-01-25 07:35:00,NORMAL
139,14,214.34,9.4,9.51,0.11,2.04,0.76,53.44,43.33,2025-01-25 07:40:00,NORMAL
150,36,237.82,8.28,8.52,0.24,2.03,0.82,36.76,83.1,2025-01-25 07:45:00,NORMAL
141,6,217.8,8.3,8.31,0.01,1.81,0.93,58.08,66.61,2025-01-25 07:50:00,NORMAL
106,9,209.96,8.73,8.07,0.66,1.69,0.74,39.38,44.02,2025-01-25 07:55:00,NORMAL
149,21,240.14,9.32,9.57,0.25,2.3,0.87,20.76,35.49,2025-01-25 08:00:00,NORMAL
147,12,242.6,9.45,9.31,0.14,2.26,0.99,46.81,62.13,2025-01-25 08:05:00,NORMAL
183,30,216.92,13.14,13.13,0.01,2.85,0.81,41.04,58.09,2025-01-25 08:10:00,NORMAL
190,31,212.05,11.85,11.47,0.38,2.43,0.71,37.72,85.95,2025-01-25 08:15:00,NORMAL
105,40,217.81,10.59,9.47,1.12,2.06,0.89,33.14,43.84,2025-01-25 08:20:00,LEAKAGE_WARNING
190,4,223.0,13.72,13.85,0.13,3.09,0.71,54.23,82.9,2025-01-25 08:25:00,NORMAL
108,31,249.14,9.77,9.41,0.36,2.34,0.76,44.78,75.99,2025-01-25 08:30:00,NORMAL
156,27,225.7,10.95,10.76,0.19,2.43,0.71,37.87,58.59,2025-01-25 08:35:00,NORMAL
130,25,238.32,10.66,10.69,0.03,2.55,0.75,35.9,82.43,2025-01-25 08:40:00,NORMAL
120,5,237.22,10.95,10.72,0.23,2.54,0.96,38.1,81.71,2025-01-25 08:45:00,NORMAL
189,6,243.22,8.5,7.39,1.11,1.8,0.92,36.26,72.87,2025-01-25 08:50:00,LEAKAGE_WARNING
139,5,223.74,9.39,9.22,0.17,2.06,0.8,38.9,36.09,2025-01-25 08:55:00,NORMAL
144,27,229.9,8.38,8.21,0.17,1.89,0.97,55.9,39.61,2025-01-25 09:00:00,NORMAL
176,8,227.81,10.82,10.81,0.01,2.46,0.9,39.43,65.5,2025-01-25 09:05:00,NORMAL
148,9,235.38,10.01,9.6,0.41,2.26,0.83,47.3,44.73,2025-01-25 09:10:00,NORMAL
186,15,242.16,6.24,6.54,0.3,1.58,0.72,39.23,63.07,2025-01-25 09:15:00,NORMAL
119,36,251.78,11.03,10.77,0.26,2.71,0.92,18.39,63.65,2025-01-25 09:20:00,NORMAL
191,41,226.09,10.43,10.01,0.42,2.26,0.81,48.28,65.23,2025-01-25 09:25:00,NORMAL
116,7,231.41,13.41,13.63,0.22,3.15,0.79,34.26,64.19,2025-01-25 09:30:00,NORMAL
127,32,238.67,11.85,10.85,1.0,2.59,0.79,55.01,52.76,2025-01-25 09:35:00,NORMAL
140,8,236.12,12.23,11.25,0.98,2.66,0.7,69.83,42.61,2025-01-25 09:40:00,NORMAL
165,47,247.15,7.74,6.42,1.32,1.59,0.92,35.08,61.11,2025-01-25 09:45:00,LEAKAGE_WARNING
124,15,228.92,12.24,11.75,0.49,2.69,0.74,58.58,59.71,2025-01-25 09:50:00,NORMAL
157,37,226.03,9.61,9.2,0.41,2.08,0.86,38.82,46.51,2025-01-25 09:55:00,NORMAL
140,19,243.76,8.62,8.46,0.16,2.06,0.7,40.39,33.07,2025-01-25 10:00:00,NORMAL
105,39,233.03,5.31,5.08,0.23,1.18,0.89,50.67,42.33,2025-01-25 10:05:00,NORMAL
174,6,235.4,12.63,11.97,0.66,2.82,0.81,15.5,63.05,2025-01-25 10:10:00,NORMAL
137,19,229.27,9.43,9.22,0.21,2.11,0.89,19.14,62.14,2025-01-25 10:15:00,NORMAL
105,28,239.27,9.76,9.64,0.12,2.31,0.73,45.86,38.02,2025-01-25 10:20:00,NORMAL
144,17,221.35,10.64,10.16,0.48,2.25,0.78,5.72,66.36,2025-01-25 10:25:00,NORMAL
174,42,225.42,13.72,13.83,0.11,3.12,0.73,61.28,55.36,2025-01-25 10:30:00,NORMAL
113,19,203.52,9.55,8.56,0.99,1.74,0.89,65.03,69.22,2025-01-25 10:35:00,NORMAL
165,31,223.72,9.97,9.77,0.2,2.19,0.73,50.3,83.28,2025-01-25 10:40:00,NORMAL
139,11,239.32,11.94,11.36,0.58,2.72,0.89,43.04,48.51,2025-01-25 10:45:00,NORMAL
102,15,230.46,9.44,9.64,0.2,2.22,0.74,61.63,50.84,2025-01-25 10:50:00,NORMAL
198,10,220.76,8.34,8.16,0.18,1.8,0.98,38.03,70.61,2025-01-25 10:55:00,NORMAL
196,43,244.29,5.62,5.62,0.0,1.37,0.82,39.35,86.95,2025-01-25 11:00:00,NORMAL
123,23,231.39,12.67,12.65,0.02,2.93,0.74,42.94,59.17,2025-01-25 11:05:00,NORMAL
118,3,246.94,10.48,10.85,0.37,2.68,0.71,32.59,40.16,2025-01-25 11:10:00,NORMAL
117,3,238.57,11.09,10.36,0.73,2.47,0.8,64.37,86.1,2025-01-25 11:15:00,NORMAL
163,18,231.88,9.03,8.59,0.44,1.99,0.97,63.91,58.19,2025-01-25 11:20:00,NORMAL
187,25,248.35,11.36,11.87,0.51,2.95,0.74,30.89,57.64,2025-01-25 11:25:00,NORMAL
134,43,226.25,8.83,8.74,0.09,1.98,0.94,33.75,62.39,2025-01-25 11:30:00,NORMAL
161,20,219.05,10.33,10.24,0.09,2.24,0.83,39.76,45.15,2025-01-25 11:35:00,NORMAL
100,29,245.99,10.22,9.82,0.4,2.42,0.94,63.03,77.08,2025-01-25 11:40:00,NORMAL
199,22,236.05,12.26,12.13,0.13,2.86,0.96,39.68,68.46,2025-01-25 11:45:00,NORMAL
124,15,243.94,11.29,10.55,0.74,2.57,1.0,47.36,87.29,2025-01-25 11:50:00,NORMAL
144,39,238.81,8.75,8.07,0.68,1.93,0.72,28.99,42.23,2025-01-25 11:55:00,NORMAL
148,10,246.43,11.2,9.9,1.3,2.44,0.94,67.83,67.15,2025-01-25 12:00:00,LEAKAGE_WARNING
197,21,224.88,9.27,10.18,0.91,2.29,0.72,27.46,61.0,2025-01-25 12:05:00,NORMAL
188,29,228.11,8.38,7.5,0.88,1.71,0.79,38.83,83.69,2025-01-25 12:10:00,NORMAL
115,32,228.01,11.1,10.5,0.6,2.39,0.89,19.41,31.82,2025-01-25 12:15:00,NORMAL
197,10,228.14,10.39,10.28,0.11,2.35,0.83,63.52,75.65,2025-01-25 12:20:00,NORMAL
192,13,214.33,7.61,7.54,0.07,1.62,0.87,44.53,67.38,2025-01-25 12:25:00,NORMAL
118,47,231.63,8.97,8.81,0.16,2.04,0.99,71.68,66.45,2025-01-25 12:30:00,NORMAL
122,23,237.91,11.49,11.17,0.32,2.66,0.95,30.29,82.52,2025-01-25 12:35:00,NORMAL
182,23,223.19,10.78,10.85,0.07,2.42,0.81,60.74,65.39,2025-01-25 12:40:00,NORMAL
124,31,220.86,10.86,11.46,0.6,2.53,0.88,50.9,72.96,2025-01-25 12:45:00,NORMAL
115,4,228.64,13.69,13.75,0.06,3.14,0.71,33.1,68.74,2025-01-25 12:50:00,NORMAL
153,49,237.85,11.99,11.92,0.07,2.84,0.84,35.11,34.17,2025-01-25 12:55:00,NORMAL
172,3,219.24,9.77,9.28,0.49,2.03,0.88,53.22,36.77,2025-01-25 13:00:00,NORMAL
100,21,253.35,9.19,9.58,0.39,2.43,0.91,44.43,50.31,2025-01-25 13:05:00,NORMAL
141,2,217.01,8.64,8.12,0.52,1.76,0.97,34.73,70.54,2025-01-25 13:10:00,NORMAL
118,4,224.29,9.08,9.48,0.4,2.13,0.78,71.22,31.59,2025-01-25 13:15:00,NORMAL
196,1,241.34,6.8,6.4,0.4,1.54,0.97,45.67,76.36,2025-01-25 13:20:00,NORMAL
133,15,239.68,7.57,7.09,0.48,1.7,0.9,39.37,42.18,2025-01-25 13:25:00,NORMAL
179,33,238.8,11.32,11.19,0.13,2.67,0.72,28.78,63.57,2025-01-25 13:30:00,NORMAL
154,6,223.15,13.07,12.85,0.22,2.87,0.81,37.19,42.07,2025-01-25 13:35:00,NORMAL
117,7,225.04,10.11,9.56,0.55,2.15,0.84,12.86,40.56,2025-01-25 13:40:00,NORMAL
133,19,221.44,8.59,8.68,0.09,1.92,0.81,45.03,50.05,2025-01-25 13:45:00,NORMAL
188,44,226.8,3.19,2.84,0.35,0.64,0.73,56.0,85.29,2025-01-25 13:50:00,NORMAL
144,1,233.83,13.41,13.39,0.02,3.13,0.87,66.53,44.27,2025-01-25 13:55:00,NORMAL
105,39,221.39,7.32,6.34,0.98,1.4,0.74,38.74,32.91,2025-01-25 14:00:00,NORMAL
120,19,212.52,7.06,6.59,0.47,1.4,0.97,52.19,82.93,2025-01-25 14:05:00,NORMAL
169,45,241.69,9.41,9.73,0.32,2.35,0.96,39.81,56.34,2025-01-25 14:10:00,NORMAL
195,26,228.2,9.92,8.81,1.11,2.01,0.84,18.15,67.26,2025-01-25 14:15:00,LEAKAGE_WARNING
147,44,237.48,10.02,9.32,0.7,2.21,0.72,14.35,83.15,2025-01-25 14:20:00,NORMAL
138,12,226.91,8.29,8.69,0.4,1.97,0.87,43.36,75.34,2025-01-25 14:25:00,NORMAL
130,22,235.43,10.83,11.39,0.56,2.68,0.88,14.61,77.79,2025-01-25 14:30:00,NORMAL
109,13,253.26,8.96,9.37,0.41,2.37,0.97,41.17,58.81,2025-01-25 14:35:00,NORMAL
129,28,218.57,9.01,9.3,0.29,2.03,0.72,38.58,71.24,2025-01-25 14:40:00,NORMAL
117,14,222.22,9.44,9.16,0.28,2.04,0.91,18.59,87.83,2025-01-25 14:45:00,NORMAL
159,22,220.99,8.65,8.41,0.24,1.86,0.87,4.27,83.39,2025-01-25 14:50:00,NORMAL
187,30,251.04,7.49,6.92,0.57,1.74,0.75,33.94,66.75,2025-01-25 14:55:00,NORMAL
172,44,229.82,7.62,7.58,0.04,1.74,0.74,67.01,35.12,2025-01-25 15:00:00,NORMAL
194,20,238.87,7.79,7.72,0.07,1.84,0.91,48.72,88.78,2025-01-25 15:05:00,NORMAL
114,44,203.56,10.91,10.65,0.26,2.17,0.8,33.78,43.53,2025-01-25 15:10:00,NORMAL
103,27,233.74,10.8,10.04,0.76,2.35,1.0,32.72,51.65,2025-01-25 15:15:00,NORMAL
162,38,226.39,9.46,10.21,0.75,2.31,0.97,49.96,38.42,2025-01-25 15:20:00,NORMAL
139,42,243.89,9.56,9.49,0.07,2.31,0.87,46.04,40.0,2025-01-25 15:25:00,NORMAL
108,41,236.59,12.34,11.48,0.86,2.72,0.89,54.78,77.75,2025-01-25 15:30:00,NORMAL
108,34,225.8,11.03,10.8,0.23,2.44,0.75,71.15,37.7,2025-01-25 15:35:00,NORMAL
125,39,245.8,13.13,13.08,0.05,3.22,0.97,61.31,41.36,2025-01-25 15:40:00,NORMAL
103,41,246.72,8.85,9.06,0.21,2.24,0.84,60.97,40.29,2025-01-25 15:45:00,NORMAL
180,44,245.06,7.67,7.02,0.65,1.72,0.86,42.89,52.21,2025-01-25 15:50:00,NORMAL
115,37,237.62,11.99,12.03,0.04,2.86,0.96,10.79,71.68,2025-01-25 15:55:00,NORMAL
114,1,227.23,9.96,10.0,0.04,2.27,0.7,12.5,68.63,2025-01-25 16:00:00,NORMAL
198,15,232.32,8.39,7.51,0.88,1.74,0.85,51.71,73.48,2025-01-25 16:05:00,NORMAL
151,32,225.83,10.98,11.3,0.32,2.55,0.89,36.0,73.61,2025-01-25 16:10:00,NORMAL
168,8,232.21,8.59,7.57,1.02,1.76,0.75,69.03,30.18,2025-01-25 16:15:00,LEAKAGE_WARNING
104,33,224.05,11.38,11.1,0.28,2.49,0.72,66.37,71.07,2025-01-25 16:20:00,NORMAL
119,18,228.3,10.97,10.76,0.21,2.46,0.86,46.22,71.07,2025-01-25 16:25:00,NORMAL
178,45,251.44,9.55,9.21,0.34,2.32,0.86,37.13,33.73,2025-01-25 16:30:00,NORMAL
117,29,233.11,6.63,6.42,0.21,1.5,0.8,30.69,55.63,2025-01-25 16:35:00,NORMAL
101,32,225.7,8.15,8.21,0.06,1.85,0.96,68.58,34.72,2025-01-25 16:40:00,NORMAL
192,33,219.0,13.04,12.67,0.37,2.77,0.79,46.89,41.45,2025-01-25 16:45:00,NORMAL
112,5,229.0,13.49,13.53,0.04,3.1,0.85,33.85,59.39,2025-01-25 16:50:00,NORMAL
103,18,237.45,15.19,14.78,0.41,3.51,0.76,43.05,30.72,2025-01-25 16:55:00,NORMAL
141,48,231.37,10.8,9.44,1.36,2.18,0.7,40.86,35.7,2025-01-25 17:00:00,LEAKAGE_WARNING
173,10,229.46,7.82,7.29,0.53,1.67,0.83,71.45,35.1,2025-01-25 17:05:00,NORMAL
160,36,234.26,12.68,12.57,0.11,2.94,0.86,47.58,37.47,2025-01-25 17:10:00,NORMAL
194,33,233.94,9.47,9.14,0.33,2.14,0.93,45.25,32.99,2025-01-25 17:15:00,NORMAL
107,23,237.05,8.64,8.6,0.04,2.04,0.83,24.47,66.72,2025-01-25 17:20:00,NORMAL
166,40,237.32,10.67,10.56,0.11,2.51,0.78,51.95,40.72,2025-01-25 17:25:00,NORMAL
162,5,229.11,13.79,13.65,0.14,3.13,0.88,45.65,81.76,2025-01-25 17:30:00,NORMAL
108,34,228.61,9.79,9.35,0.44,2.14,0.81,52.95,83.09,2025-01-25 17:35:00,NORMAL
193,24,230.01,10.03,9.38,0.65,2.16,0.77,45.79,71.46,2025-01-25 17:40:00,NORMAL
110,17,235.6,6.94,5.69,1.25,1.34,0.97,39.81,33.9,2025-01-25 17:45:00,LEAKAGE_WARNING
198,31,241.21,10.22,9.7,0.52,2.34,0.86,45.74,83.5,2025-01-25 17:50:00,NORMAL
141,7,226.63,11.33,11.68,0.35,2.65,0.76,33.41,55.12,2025-01-25 17:55:00,NORMAL
112,17,228.36,9.82,10.26,0.44,2.34,0.9,47.31,40.87,2025-01-25 18:00:00,NORMAL
135,28,221.87,9.97,9.8,0.17,2.17,0.94,64.37,76.73,2025-01-25 18:05:00,NORMAL
112,38,215.05,10.45,9.75,0.7,2.1,0.93,58.23,50.8,2025-01-25 18:10:00,NORMAL
111,22,217.62,7.9,7.8,0.1,1.7,0.88,40.62,60.36,2025-01-25 18:15:00,NORMAL
136,15,219.96,5.44,5.34,0.1,1.17,0.86,41.87,74.58,2025-01-25 18:20:00,NORMAL
173,37,223.34,9.79,9.14,0.65,2.04,0.93,53.78,36.07,2025-01-25 18:25:00,NORMAL
172,15,234.6,9.55,9.36,0.19,2.2,0.91,50.59,40.17,2025-01-25 18:30:00,NORMAL
151,25,219.29,11.14,10.42,0.72,2.29,0.87,44.99,88.11,2025-01-25 18:35:00,NORMAL
170,21,230.18,14.79,15.34,0.55,3.53,0.9,36.65,72.81,2025-01-25 18:40:00,NORMAL
101,38,238.38,12.59,12.15,0.44,2.9,0.75,31.68,43.87,2025-01-25 18:45:00,NORMAL
155,2,221.7,5.89,6.58,0.69,1.46,0.71,31.48,64.43,2025-01-25 18:50:00,NORMAL
159,27,225.08,15.04,14.71,0.33,3.31,0.98,42.58,41.28,2025-01-25 18:55:00,NORMAL
122,49,216.8,11.33,10.68,0.65,2.32,0.98,50.05,81.93,2025-01-25 19:00:00,NORMAL
139,32,220.47,9.47,10.08,0.61,2.22,0.94,19.22,56.92,2025-01-25 19:05:00,NORMAL
163,21,243.7,12.95,13.9,0.95,3.39,0.81,55.97,78.41,2025-01-25 19:10:00,NORMAL
184,4,235.05,4.89,4.26,0.63,1.0,0.75,29.01,88.31,2025-01-25 19:15:00,NORMAL
122,44,251.5,8.91,8.49,0.42,2.14,0.81,34.73,88.85,2025-01-25 19:20:00,NORMAL
128,19,222.63,10.39,10.74,0.35,2.39,0.92,41.19,38.26,2025-01-25 19:25:00,NORMAL
177,2,245.08,10.13,9.81,0.32,2.4,0.8,50.76,86.69,2025-01-25 19:30:00,NORMAL
189,26,222.71,13.03,13.1,0.07,2.92,0.94,67.62,46.22,2025-01-25 19:35:00,NORMAL
150,34,224.99,12.36,12.25,0.11,2.76,0.9,38.02,51.58,2025-01-25 19:40:00,NORMAL
168,14,257.22,11.36,11.29,0.07,2.9,0.89,61.21,33.78,2025-01-25 19:45:00,NORMAL
194,15,221.65,9.45,9.92,0.47,2.2,0.98,38.97,68.74,2025-01-25 19:50:00,NORMAL
188,20,245.87,11.92,11.27,0.65,2.77,0.97,64.94,68.65,2025-01-25 19:55:00,NORMAL
130,34,229.68,8.8,9.13,0.33,2.1,0.91,43.93,76.62,2025-01-25 20:00:00,NORMAL
149,36,219.23,11.54,11.29,0.25,2.48,0.76,22.71,86.78,2025-01-25 20:05:00,NORMAL
119,19,215.69,8.54,8.01,0.53,1.73,0.98,34.31,55.69,2025-01-25 20:10:00,NORMAL
154,9,231.05,10.59,10.81,0.22,2.5,0.77,45.15,54.45,2025-01-25 20:15:00,NORMAL
180,7,218.76,7.09,7.03,0.06,1.54,0.81,41.87,68.35,2025-01-25 20:20:00,NORMAL
101,30,227.04,12.07,12.12,0.05,2.75,0.95,29.77,70.04,2025-01-25 20:25:00,NORMAL
124,13,210.95,9.11,8.05,1.06,1.7,0.76,25.18,56.71,2025-01-25 20:30:00,LEAKAGE_WARNING
112,27,233.54,7.26,6.6,0.66,1.54,0.89,57.0,85.16,2025-01-25 20:35:00,NORMAL
191,44,214.58,8.07,7.49,0.58,1.61,0.84,10.36,33.13,2025-01-25 20:40:00,NORMAL
169,35,229.4,9.39,8.08,1.31,1.85,0.89,52.57,75.38,2025-01-25 20:45:00,LEAKAGE_WARNING
166,13,216.16,8.18,7.8,0.38,1.69,0.99,28.52,42.48,2025-01-25 20:50:00,NORMAL
157,15,242.26,11.44,11.41,0.03,2.76,0.94,73.43,59.72,2025-01-25 20:55:00,NORMAL
198,46,208.9,9.44,9.96,0.52,2.08,0.79,14.65,81.09,2025-01-25 21:00:00,NORMAL
181,9,227.17,11.87,12.02,0.15,2.73,0.72,13.44,49.78,2025-01-25 21:05:00,NORMAL
174,45,235.59,9.43,9.15,0.28,2.16,0.99,38.61,83.98,2025-01-25 21:10:00,NORMAL
183,23,233.59,11.43,10.76,0.67,2.51,0.88,60.23,57.04,2025-01-25 21:15:00,NORMAL
163,36,217.53,10.02,10.15,0.13,2.21,0.75,77.63,72.17,2025-01-25 21:20:00,NORMAL
168,40,212.6,9.48,8.49,0.99,1.8,0.89,59.81,73.36,2025-01-25 21:25:00,NORMAL
182,3,237.81,7.92,8.49,0.57,2.02,0.71,47.17,45.65,2025-01-25 21:30:00,NORMAL
185,34,228.76,10.14,10.13,0.01,2.32,0.76,30.42,84.04,2025-01-25 21:35:00,NORMAL
158,19,219.28,11.47,11.07,0.4,2.43,0.89,33.53,37.48,2025-01-25 21:40:00,NORMAL
159,28,238.18,8.62,8.35,0.27,1.99,0.82,35.11,65.4,2025-01-25 21:45:00,NORMAL
182,23,224.37,9.98,9.54,0.44,2.14,0.8,38.9,85.74,2025-01-25 21:50:00,NORMAL
161,40,223.43,8.9,8.64,0.26,1.93,0.9,41.2,31.86,2025-01-25 21:55:00,NORMAL
115,49,221.33,13.87,13.35,0.52,2.95,0.96,47.99,61.88,2025-01-25 22:00:00,NORMAL
187,45,222.41,10.62,10.54,0.08,2.34,0.9,36.24,44.79,2025-01-25 22:05:00,NORMAL
167,7,222.05,10.18,10.13,0.05,2.25,0.84,47.41,41.55,2025-01-25 22:10:00,NORMAL
114,41,233.28,9.03,9.24,0.21,2.16,0.9,50.66,44.03,2025-01-25 22:15:00,NORMAL
188,12,245.51,11.77,10.48,1.29,2.57,0.91,28.54,84.16,2025-01-25 22:20:00,LEAKAGE_WARNING
154,14,216.03,10.0,9.84,0.16,2.13,0.93,26.23,55.53,2025-01-25 22:25:00,NORMAL
134,46,226.59,9.87,9.45,0.42,2.14,0.79,61.46,44.15,2025-01-25 22:30:00,NORMAL
154,15,228.36,9.85,9.76,0.09,2.23,0.73,46.86,85.65,2025-01-25 22:35:00,NORMAL
113,3,234.65,7.79,6.79,1.0,1.59,0.9,42.74,49.3,2025-01-25 22:40:00,NORMAL
148,15,239.88,12.99,12.8,0.19,3.07,0.74,23.62,73.41,2025-01-25 22:45:00,NORMAL
182,24,228.41,11.84,11.48,0.36,2.62,0.84,56.54,62.23,2025-01-25 22:50:00,NORMAL
199,46,223.63,10.02,10.26,0.24,2.29,0.77,44.97,70.75,2025-01-25 22:55:00,NORMAL
106,8,235.78,9.79,8.71,1.08,2.05,0.8,67.44,40.96,2025-01-25 23:00:00,LEAKAGE_WARNING
129,5,213.6,8.24,7.93,0.31,1.69,0.84,47.89,70.71,2025-01-25 23:05:00,NORMAL
182,4,208.56,7.05,5.95,1.1,1.24,0.97,41.11,84.35,2025-01-25 23:10:00,LEAKAGE_WARNING
148,14,255.9,8.24,8.34,0.1,2.13,0.9,35.75,36.05,2025-01-25 23:15:00,NORMAL
188,16,221.92,12.29,12.31,0.02,2.73,0.75,68.69,49.59,2025-01-25 23:20:00,NORMAL
115,20,225.86,9.23,9.29,0.06,2.1,0.96,59.86,88.36,2025-01-25 23:25:00,NORMAL
150,24,235.44,12.16,12.1,0.06,2.85,0.85,48.32,43.51,2025-01-25 23:30:00,NORMAL
171,6,233.47,9.94,9.4,0.54,2.19,0.76,59.13,33.57,2025-01-25 23:35:00,NORMAL
181,31,238.85,8.26,9.08,0.82,2.17,0.86,50.05,33.3,2025-01-25 23:40:00,NORMAL
191,6,239.38,8.53,8.35,0.18,2.0,0.76,17.83,46.52,2025-01-25 23:45:00,NORMAL
179,35,215.58,10.49,10.68,0.19,2.3,0.81,59.12,59.69,2025-01-25 23:50:00,NORMAL
182,15,242.69,6.76,7.0,0.24,1.7,0.94,55.51,46.13,2025-01-25 23:55:00,NORMAL
141,29,235.11,8.47,8.04,0.43,1.89,0.9,28.6,46.85,2025-01-26 00:00:00,NORMAL
116,3,233.78,9.09,8.74,0.35,2.04,0.84,53.81,79.89,2025-01-26 00:05:00,NORMAL
162,11,234.23,11.64,11.01,0.63,2.58,0.77,32.44,76.02,2025-01-26 00:10:00,NORMAL
144,3,207.68,10.57,10.18,0.39,2.11,0.78,38.6,48.65,2025-01-26 00:15:00,NORMAL
176,28,227.9,10.37,10.08,0.29,2.3,0.99,47.27,50.69,2025-01-26 00:20:00,NORMAL
106,10,220.33,10.93,11.01,0.08,2.43,0.8,46.5,88.18,2025-01-26 00:25:00,NORMAL
126,33,218.89,12.07,12.33,0.26,2.7,0.88,43.77,87.01,2025-01-26 00:30:00,NORMAL
109,48,225.12,10.1,9.6,0.5,2.16,0.85,20.67,88.39,2025-01-26 00:35:00,NORMAL
133,16,238.25,7.93,7.86,0.07,1.87,0.71,45.69,86.35,2025-01-26 00:40:00,NORMAL
135,10,232.87,10.38,9.98,0.4,2.32,0.98,70.09,67.69,2025-01-26 00:45:00,NORMAL
124,33,234.37,8.32,8.12,0.2,1.9,0.73,49.06,48.5,2025-01-26 00:50:00,NORMAL
105,36,225.54,5.86,6.68,0.82,1.51,0.9,42.32,88.17,2025-01-26 00:55:00,NORMAL
123,3,233.76,10.38,9.94,0.44,2.32,0.94,55.36,74.57,2025-01-26 01:00:00,NORMAL
117,5,228.01,11.03,11.14,0.11,2.54,0.92,47.25,72.67,2025-01-26 01:05:00,NORMAL
186,12,239.49,10.69,10.06,0.63,2.41,0.94,38.68,77.86,2025-01-26 01:10:00,NORMAL
105,44,236.96,11.01,11.74,0.73,2.78,0.92,58.72,65.91,2025-01-26 01:15:00,NORMAL
128,13,231.6,12.23,11.08,1.15,2.57,0.83,48.93,65.0,2025-01-26 01:20:00,LEAKAGE_WARNING
124,24,221.99,8.06,8.16,0.1,1.81,0.97,51.11,51.68,2025-01-26 01:25:00,NORMAL
154,44,232.73,9.22,8.78,0.44,2.04,0.97,42.02,39.04,2025-01-26 01:30:00,NORMAL
180,32,232.42,7.43,7.59,0.16,1.76,0.83,43.5,56.31,2025-01-26 01:35:00,NORMAL
145,16,231.19,10.9,10.99,0.09,2.54,0.85,56.97,61.04,2025-01-26 01:40:00,NORMAL
123,32,225.24,12.46,11.92,0.54,2.68,0.85,37.42,82.67,2025-01-26 01:45:00,NORMAL
174,45,223.45,8.91,8.81,0.1,1.97,0.78,79.81,54.1,2025-01-26 01:50:00,NORMAL
125,37,233.22,11.44,11.31,0.13,2.64,0.73,36.15,82.98,2025-01-26 01:55:00,NORMAL
197,36,221.42,8.46,7.84,0.62,1.74,0.78,35.87,49.05,2025-01-26 02:00:00,NORMAL
127,21,227.48,11.29,11.0,0.29,2.5,0.95,60.53,86.68,2025-01-26 02:05:00,NORMAL
102,47,235.87,5.53,5.11,0.42,1.21,0.86,44.65,32.34,2025-01-26 02:10:00,NORMAL
174,12,234.41,13.05,13.16,0.11,3.08,0.96,53.99,61.52,2025-01-26 02:15:00,NORMAL
137,21,218.43,7.82,7.29,0.53,1.59,0.92,67.77,49.3,2025-01-26 02:20:00,NORMAL
160,21,232.99,10.34,10.08,0.26,2.35,0.8,51.1,47.66,2025-01-26 02:25:00,NORMAL
177,43,250.32,12.81,12.39,0.42,3.1,0.76,50.03,34.76,2025-01-26 02:30:00,NORMAL
150,6,236.76,7.66,7.28,0.38,1.72,0.87,36.73,70.88,2025-01-26 02:35:00,NORMAL
189,9,227.25,13.52,12.76,0.76,2.9,0.98,32.25,53.55,2025-01-26 02:40:00,NORMAL
147,1,243.07,14.21,13.76,0.45,3.34,0.95,21.94,86.94,2025-01-26 02:45:00,NORMAL
120,12,251.99,11.38,11.76,0.38,2.96,0.93,34.3,72.75,2025-01-26 02:50:00,NORMAL
153,14,238.63,10.03,10.13,0.1,2.42,0.93,37.88,56.57,2025-01-26 02:55:00,NORMAL
155,6,212.68,9.63,9.32,0.31,1.98,0.86,33.84,67.64,2025-01-26 03:00:00,NORMAL
193,1,236.17,11.15,10.75,0.4,2.54,0.75,41.19,33.96,2025-01-26 03:05:00,NORMAL
158,22,243.49,11.49,11.95,0.46,2.91,0.79,37.88,65.35,2025-01-26 03:10:00,NORMAL
171,34,209.36,5.97,6.27,0.3,1.31,0.87,57.65,69.97,2025-01-26 03:15:00,NORMAL
150,11,239.37,9.43,8.68,0.75,2.08,0.79,25.35,36.37,2025-01-26 03:20:00,NORMAL
119,3,227.97,8.83,7.65,1.18,1.74,0.93,59.85,70.95,2025-01-26 03:25:00,LEAKAGE_WARNING
195,42,243.15,8.54,9.17,0.63,2.23,0.81,55.23,58.44,2025-01-26 03:30:00,NORMAL
185,6,229.29,8.58,8.25,0.33,1.89,0.73,31.15,58.78,2025-01-26 03:35:00,NORMAL
158,6,233.43,7.41,7.19,0.22,1.68,0.93,25.88,73.41,2025-01-26 03:40:00,NORMAL
170,20,233.6,13.1,12.39,0.71,2.89,0.91,53.41,56.99,2025-01-26 03:45:00,NORMAL
108,21,237.14,8.83,8.38,0.45,1.99,0.78,53.38,44.06,2025-01-26 03:50:00,NORMAL
100,2,234.47,9.71,9.1,0.61,2.13,0.99,33.11,47.9,2025-01-26 03:55:00,NORMAL
128,26,221.01,9.37,10.31,0.94,2.28,0.82,25.13,74.3,2025-01-26 04:00:00,NORMAL
162,31,227.37,8.9,8.7,0.2,1.98,0.9,38.98,34.26,2025-01-26 04:05:00,NORMAL
171,26,229.93,10.83,11.08,0.25,2.55,0.97,-3.16,80.45,2025-01-26 04:10:00,NORMAL
155,32,242.3,9.38,9.62,0.24,2.33,0.75,53.19,64.93,2025-01-26 04:15:00,NORMAL
167,10,234.84,11.21,11.62,0.41,2.73,0.96,35.51,73.62,2025-01-26 04:20:00,NORMAL
134,23,223.42,13.14,12.83,0.31,2.87,0.91,47.97,50.62,2025-01-26 04:25:00,NORMAL
102,6,220.8,7.8,7.43,0.37,1.64,0.75,71.89,43.36,2025-01-26 04:30:00,NORMAL
106,23,236.55,10.65,10.13,0.52,2.4,0.9,39.11,78.27,2025-01-26 04:35:00,NORMAL
126,28,225.25,10.59,10.59,0.0,2.39,0.96,55.17,36.13,2025-01-26 04:40:00,NORMAL
100,49,237.53,7.65,6.76,0.89,1.61,0.94,41.15,39.95,2025-01-26 04:45:00,NORMAL
190,30,229.44,11.29,11.56,0.27,2.65,0.93,38.36,47.1,2025-01-26 04:50:00,NORMAL
179,14,244.6,9.48,10.0,0.52,2.45,0.75,67.91,51.07,2025-01-26 04:55:00,NORMAL
170,37,222.63,13.16,12.85,0.31,2.86,0.76,36.67,42.22,2025-01-26 05:00:00,NORMAL
143,32,244.39,12.0,12.14,0.14,2.97,0.86,53.21,84.76,2025-01-26 05:05:00,NORMAL
186,49,239.83,10.0,9.53,0.47,2.29,0.87,49.73,31.63,2025-01-26 05:10:00,NORMAL
140,34,225.6,9.57,9.7,0.13,2.19,0.98,51.28,78.21,2025-01-26 05:15:00,NORMAL
174,41,221.22,13.47,13.56,0.09,3.0,0.84,54.39,54.66,2025-01-26 05:20:00,NORMAL
141,44,249.28,8.84,8.97,0.13,2.24,0.79,52.75,80.17,2025-01-26 05:25:00,NORMAL
132,22,220.97,10.53,10.7,0.17,2.36,0.76,36.54,77.76,2025-01-26 05:30:00,NORMAL
149,31,233.06,9.87,9.67,0.2,2.25,0.72,38.53,37.26,2025-01-26 05:35:00,NORMAL
162,7,233.45,12.39,12.07,0.32,2.82,0.72,49.13,69.98,2025-01-26 05:40:00,NORMAL
199,41,230.1,12.54,12.71,0.17,2.92,0.87,17.18,52.71,2025-01-26 05:45:00,NORMAL
136,21,237.81,11.08,11.47,0.39,2.73,0.75,50.49,79.26,2025-01-26 05:50:00,NORMAL
158,16,220.69,8.94,8.49,0.45,1.87,0.96,36.35,81.06,2025-01-26 05:55:00,NORMAL
180,20,249.33,9.69,9.3,0.39,2.32,0.88,60.66,41.34,2025-01-26 06:00:00,NORMAL
198,43,221.75,7.54,6.98,0.56,1.55,0.96,15.58,58.72,2025-01-26 06:05:00,NORMAL
147,44,228.56,10.5,10.82,0.32,2.47,0.83,51.96,65.66,2025-01-26 06:10:00,NORMAL
104,47,215.62,8.39,8.6,0.21,1.85,0.88,49.06,62.64,2025-01-26 06:15:00,NORMAL
147,19,240.46,14.48,13.87,0.61,3.34,0.86,47.32,45.11,2025-01-26 06:20:00,NORMAL
195,48,248.88,8.9,8.25,0.65,2.05,1.0,64.8,46.35,2025-01-26 06:25:00,NORMAL
102,32,250.08,12.05,12.05,0.0,3.01,0.94,45.23,81.49,2025-01-26 06:30:00,NORMAL
146,15,241.35,13.06,13.34,0.28,3.22,0.88,48.79,31.96,2025-01-26 06:35:00,NORMAL
161,5,226.29,11.66,11.81,0.15,2.67,0.88,26.71,45.74,2025-01-26 06:40:00,NORMAL
198,11,230.02,8.99,9.27,0.28,2.13,0.77,46.93,43.38,2025-01-26 06:45:00,NORMAL
113,15,226.77,8.84,8.24,0.6,1.87,0.92,41.16,52.24,2025-01-26 06:50:00,NORMAL
162,29,217.87,15.89,15.33,0.56,3.34,0.99,40.92,71.17,2025-01-26 06:55:00,NORMAL
160,45,227.05,13.95,13.71,0.24,3.11,0.74,21.03,61.94,2025-01-26 07:00:00,NORMAL
130,4,239.09,10.61,10.75,0.14,2.57,0.89,70.94,62.44,2025-01-26 07:05:00,NORMAL
194,49,221.33,9.32,9.56,0.24,2.12,0.86,30.67,73.88,2025-01-26 07:10:00,NORMAL
116,36,207.19,8.26,8.37,0.11,1.73,0.96,40.61,78.73,2025-01-26 07:15:00,NORMAL
123,48,217.47,8.76,9.0,0.24,1.96,0.7,22.71,39.59,2025-01-26 07:20:00,NORMAL
122,23,238.18,11.42,11.11,0.31,2.65,0.74,23.27,36.48,2025-01-26 07:25:00,NORMAL
181,15,212.82,14.63,14.05,0.58,2.99,0.71,23.54,48.07,2025-01-26 07:30:00,NORMAL
149,46,225.28,9.76,9.16,0.6,2.06,0.75,68.24,79.65,2025-01-26 07:35:00,NORMAL
177,44,226.16,12.4,12.64,0.24,2.86,0.91,20.9,62.5,2025-01-26 07:40:00,NORMAL
178,3,232.58,11.8,11.9,0.1,2.77,0.74,36.39,38.57,2025-01-26 07:45:00,NORMAL
178,32,232.35,9.42,9.5,0.08,2.21,0.89,38.99,39.82,2025-01-26 07:50:00,NORMAL
169,10,234.0,12.0,11.29,0.71,2.64,0.96,33.94,83.9,2025-01-26 07:55:00,NORMAL
126,40,228.51,12.06,12.53,0.47,2.86,0.71,31.96,52.02,2025-01-26 08:00:00,NORMAL
114,38,220.55,11.83,11.63,0.2,2.56,0.71,38.56,45.32,2025-01-26 08:05:00,NORMAL
149,22,239.01,9.17,9.41,0.24,2.25,1.0,26.43,71.62,2025-01-26 08:10:00,NORMAL
135,14,212.36,11.43,11.33,0.1,2.41,0.9,58.97,81.65,2025-01-26 08:15:00,NORMAL
107,17,237.81,12.38,11.83,0.55,2.81,0.74,68.36,56.54,2025-01-26 08:20:00,NORMAL
178,21,241.44,11.91,11.87,0.04,2.87,0.79,63.75,77.47,2025-01-26 08:25:00,NORMAL
102,48,253.37,12.16,12.34,0.18,3.13,1.0,16.12,55.8,2025-01-26 08:30:00,NORMAL
161,15,222.46,9.59,9.02,0.57,2.01,0.77,15.09,71.49,2025-01-26 08:35:00,NORMAL
146,15,224.4,12.15,11.89,0.26,2.67,0.93,21.45,64.49,2025-01-26 08:40:00,NORMAL
176,1,230.53,12.58,12.14,0.44,2.8,0.77,53.08,83.67,2025-01-26 08:45:00,NORMAL
197,24,229.79,9.09,8.76,0.33,2.01,0.82,37.17,49.5,2025-01-26 08:50:00,NORMAL
187,12,238.35,7.23,7.64,0.41,1.82,0.96,80.96,76.23,2025-01-26 08:55:00,OVERHEAT
195,10,235.22,13.27,12.42,0.85,2.92,0.71,45.37,71.04,2025-01-26 09:00:00,NORMAL
160,46,226.48,9.07,8.97,0.1,2.03,0.79,61.02,80.33,2025-01-26 09:05:00,NORMAL
131,42,229.02,8.51,7.89,0.62,1.81,0.85,61.28,66.45,2025-01-26 09:10:00,NORMAL
193,42,239.33,10.42,10.4,0.02,2.49,0.89,30.02,57.61,2025-01-26 09:15:00,NORMAL
112,31,217.34,9.46,8.98,0.48,1.95,0.71,32.4,32.97,2025-01-26 09:20:00,NORMAL
100,11,227.66,6.15,5.44,0.71,1.24,0.82,68.17,80.38,2025-01-26 09:25:00,NORMAL
133,16,235.55,11.78,11.14,0.64,2.62,0.8,19.35,84.6,2025-01-26 09:30:00,NORMAL
161,9,219.33,11.73,11.48,0.25,2.52,0.71,42.6,56.98,2025-01-26 09:35:00,NORMAL
178,47,194.59,7.94,7.91,0.03,1.54,0.81,55.46,43.34,2025-01-26 09:40:00,VOLTAGE_FAULT
177,14,244.47,9.95,10.45,0.5,2.55,0.98,52.15,68.83,2025-01-26 09:45:00,NORMAL
192,19,229.8,7.97,8.39,0.42,1.93,0.78,39.05,37.3,2025-01-26 09:50:00,NORMAL
197,31,217.42,8.28,7.52,0.76,1.63,0.88,38.42,32.45,2025-01-26 09:55:00,NORMAL
181,9,239.2,8.8,9.01,0.21,2.16,0.79,26.11,47.41,2025-01-26 10:00:00,NORMAL
170,36,227.92,11.06,10.46,0.6,2.38,0.73,31.2,70.79,2025-01-26 10:05:00,NORMAL
192,39,219.65,14.02,13.36,0.66,2.93,0.79,69.46,78.85,2025-01-26 10:10:00,NORMAL
130,26,233.7,9.17,8.74,0.43,2.04,0.84,48.05,39.41,2025-01-26 10:15:00,NORMAL
163,8,230.52,11.68,11.28,0.4,2.6,0.79,35.78,86.77,2025-01-26 10:20:00,NORMAL
124,24,223.87,11.6,11.98,0.38,2.68,0.89,54.27,63.12,2025-01-26 10:25:00,NORMAL
137,8,222.3,5.74,6.21,0.47,1.38,0.98,38.11,85.52,2025-01-26 10:30:00,NORMAL
113,19,219.74,7.23,7.36,0.13,1.62,0.72,28.61,38.99,2025-01-26 10:35:00,NORMAL
107,47,237.36,14.09,13.06,1.03,3.1,0.92,36.26,57.48,2025-01-26 10:40:00,LEAKAGE_WARNING
190,48,217.52,8.99,8.1,0.89,1.76,0.7,23.78,55.85,2025-01-26 10:45:00,NORMAL
153,30,222.02,10.91,10.69,0.22,2.37,0.7,68.92,54.7,2025-01-26 10:50:00,NORMAL
101,22,231.01,10.67,9.82,0.85,2.27,0.74,54.41,85.85,2025-01-26 10:55:00,NORMAL
180,9,244.59,5.74,6.01,0.27,1.47,0.84,54.3,80.96,2025-01-26 11:00:00,NORMAL
177,44,231.33,8.64,8.62,0.02,1.99,0.71,36.91,77.66,2025-01-26 11:05:00,NORMAL
188,48,235.88,11.45,10.46,0.99,2.47,0.92,44.11,47.17,2025-01-26 11:10:00,NORMAL
155,4,231.02,8.12,6.87,1.25,1.59,0.71,37.55,50.34,2025-01-26 11:15:00,LEAKAGE_WARNING
193,37,239.06,9.24,8.65,0.59,2.07,0.85,23.79,45.56,2025-01-26 11:20:00,NORMAL
192,8,249.38,7.59,8.18,0.59,2.04,0.9,58.52,77.61,2025-01-26 11:25:00,NORMAL
183,1,225.62,8.32,7.45,0.87,1.68,0.77,56.92,53.57,2025-01-26 11:30:00,NORMAL
184,28,230.14,8.95,8.88,0.07,2.04,0.87,50.96,88.72,2025-01-26 11:35:00,NORMAL
160,6,231.74,6.28,5.72,0.56,1.33,0.78,45.41,51.86,2025-01-26 11:40:00,NORMAL
121,47,235.3,12.34,12.09,0.25,2.84,0.76,31.71,40.19,2025-01-26 11:45:00,NORMAL
134,36,231.32,7.22,6.52,0.7,1.51,0.95,50.0,85.79,2025-01-26 11:50:00,NORMAL
115,11,224.56,9.66,9.44,0.22,2.12,0.8,30.4,76.96,2025-01-26 11:55:00,NORMAL
149,5,229.93,8.51,6.95,1.56,1.6,0.94,32.45,64.99,2025-01-26 12:00:00,LEAKAGE_WARNING
142,24,254.32,12.15,11.47,0.68,2.92,0.77,30.51,81.51,2025-01-26 12:05:00,NORMAL
116,47,233.14,7.54,7.97,0.43,1.86,0.81,35.2,86.97,2025-01-26 12:10:00,NORMAL
179,18,210.89,8.44,9.08,0.64,1.91,0.73,33.73,81.68,2025-01-26 12:15:00,NORMAL
157,20,226.05,7.33,7.96,0.63,1.8,0.85,55.94,84.27,2025-01-26 12:20:00,NORMAL
101,28,230.13,5.18,4.68,0.5,1.08,0.81,29.8,46.27,2025-01-26 12:25:00,NORMAL
103,13,228.59,11.02,10.34,0.68,2.36,0.7,44.8,60.65,2025-01-26 12:30:00,NORMAL
184,5,229.32,10.06,11.17,1.11,2.56,0.84,54.11,77.72,2025-01-26 12:35:00,LEAKAGE_WARNING
138,30,232.86,10.44,9.63,0.81,2.24,0.72,63.2,61.56,2025-01-26 12:40:00,NORMAL
197,1,235.09,11.62,11.24,0.38,2.64,0.95,50.74,68.51,2025-01-26 12:45:00,NORMAL
193,22,232.59,10.22,9.21,1.01,2.14,0.85,16.44,85.37,2025-01-26 12:50:00,LEAKAGE_WARNING
105,18,239.51,9.11,9.39,0.28,2.25,0.91,41.55,47.72,2025-01-26 12:55:00,NORMAL
180,46,215.05,10.52,10.17,0.35,2.19,0.95,55.71,62.36,2025-01-26 13:00:00,NORMAL
188,5,227.47,8.99,8.65,0.34,1.97,0.72,30.25,63.81,2025-01-26 13:05:00,NORMAL
168,31,234.34,12.22,12.41,0.19,2.91,0.8,64.93,51.57,2025-01-26 13:10:00,NORMAL
168,6,232.56,9.28,9.71,0.43,2.26,0.71,64.6,52.1,2025-01-26 13:15:00,NORMAL
119,27,223.48,9.76,9.09,0.67,2.03,0.71,52.54,76.14,2025-01-26 13:20:00,NORMAL
163,25,224.68,11.27,10.96,0.31,2.46,0.71,59.33,85.77,2025-01-26 13:25:00,NORMAL
115,29,221.58,14.67,14.27,0.4,3.16,0.84,63.14,68.02,2025-01-26 13:30:00,NORMAL
150,28,239.77,7.96,7.08,0.88,1.7,0.84,45.94,59.28,2025-01-26 13:35:00,NORMAL
136,16,211.48,7.56,7.38,0.18,1.56,0.72,58.18,75.02,2025-01-26 13:40:00,NORMAL
172,12,217.18,9.51,9.15,0.36,1.99,0.78,27.71,89.87,2025-01-26 13:45:00,NORMAL
168,20,234.19,8.5,8.12,0.38,1.9,0.77,55.88,34.94,2025-01-26 13:50:00,NORMAL
141,18,235.43,11.4,11.01,0.39,2.59,0.79,50.92,69.09,2025-01-26 13:55:00,NORMAL
156,34,214.16,10.39,10.89,0.5,2.33,0.89,82.39,63.37,2025-01-26 14:00:00,OVERHEAT
165,23,236.26,7.76,7.57,0.19,1.79,0.91,39.21,66.61,2025-01-26 14:05:00,NORMAL
108,45,231.81,11.5,10.72,0.78,2.49,0.8,64.13,31.37,2025-01-26 14:10:00,NORMAL
199,27,235.16,13.7,13.56,0.14,3.19,0.94,59.26,87.34,2025-01-26 14:15:00,NORMAL
185,49,230.72,8.4,8.44,0.04,1.95,0.83,43.39,35.12,2025-01-26 14:20:00,NORMAL
163,17,234.25,10.65,9.97,0.68,2.34,0.86,17.8,48.45,2025-01-26 14:25:00,NORMAL
185,48,234.6,5.61,5.4,0.21,1.27,0.74,39.01,47.9,2025-01-26 14:30:00,NORMAL
121,21,234.72,9.26,9.37,0.11,2.2,0.77,43.32,73.99,2025-01-26 14:35:00,NORMAL
133,40,232.44,10.62,10.85,0.23,2.52,0.92,59.32,70.26,2025-01-26 14:40:00,NORMAL
154,31,229.14,9.72,9.55,0.17,2.19,0.99,49.18,33.7,2025-01-26 14:45:00,NORMAL
128,3,229.2,10.23,10.36,0.13,2.37,0.91,45.51,38.98,2025-01-26 14:50:00,NORMAL
137,17,232.3,8.44,7.79,0.65,1.81,0.72,57.36,49.13,2025-01-26 14:55:00,NORMAL
196,26,238.25,12.52,12.7,0.18,3.03,0.74,56.61,72.25,2025-01-26 15:00:00,NORMAL
117,23,249.65,9.18,8.84,0.34,2.21,0.83,59.54,85.75,2025-01-26 15:05:00,NORMAL
170,6,235.28,7.54,7.13,0.41,1.68,0.92,32.23,48.93,2025-01-26 15:10:00,NORMAL
164,28,233.77,9.92,9.4,0.52,2.2,0.75,59.56,61.53,2025-01-26 15:15:00,NORMAL
196,8,242.15,11.85,10.87,0.98,2.63,0.93,64.53,52.36,2025-01-26 15:20:00,NORMAL
100,45,233.96,11.11,11.59,0.48,2.71,0.87,85.08,64.64,2025-01-26 15:25:00,OVERHEAT
187,8,219.4,8.96,8.46,0.5,1.86,0.93,52.44,67.68,2025-01-26 15:30:00,NORMAL
103,19,222.67,13.55,13.04,0.51,2.9,0.87,61.36,61.1,2025-01-26 15:35:00,NORMAL
103,38,248.29,9.85,10.19,0.34,2.53,0.88,51.9,53.34,2025-01-26 15:40:00,NORMAL
181,29,222.87,6.58,6.25,0.33,1.39,0.77,54.49,82.79,2025-01-26 15:45:00,NORMAL
126,23,235.7,11.19,11.2,0.01,2.64,0.92,61.38,78.12,2025-01-26 15:50:00,NORMAL
142,47,220.11,9.73,8.83,0.9,1.94,0.95,20.72,89.9,2025-01-26 15:55:00,NORMAL
158,32,242.84,9.85,9.93,0.08,2.41,0.96,49.41,54.76,2025-01-26 16:00:00,NORMAL
131,10,225.4,11.78,11.69,0.09,2.63,0.71,49.89,32.32,2025-01-26 16:05:00,NORMAL
132,27,230.83,9.48,9.47,0.01,2.19,0.89,35.91,69.08,2025-01-26 16:10:00,NORMAL
127,49,227.72,9.42,9.64,0.22,2.2,1.0,21.97,77.01,2025-01-26 16:15:00,NORMAL
154,1,235.05,7.49,8.06,0.57,1.89,0.88,38.04,86.21,2025-01-26 16:20:00,NORMAL
199,39,231.72,8.94,9.16,0.22,2.12,0.75,49.74,30.62,2025-01-26 16:25:00,NORMAL
159,29,239.1,10.49,10.22,0.27,2.44,0.96,41.82,82.77,2025-01-26 16:30:00,NORMAL
169,45,236.55,8.82,8.48,0.34,2.01,0.78,49.26,61.0,2025-01-26 16:35:00,NORMAL
161,3,232.82,6.66,6.05,0.61,1.41,0.71,31.03,52.49,2025-01-26 16:40:00,NORMAL
179,47,236.51,11.3,10.58,0.72,2.5,0.83,47.29,43.32,2025-01-26 16:45:00,NORMAL
133,37,237.0,11.38,10.98,0.4,2.6,0.73,50.14,78.85,2025-01-26 16:50:00,NORMAL
186,31,226.03,11.4,10.8,0.6,2.44,0.73,26.08,51.82,2025-01-26 16:55:00,NORMAL
187,11,225.26,8.15,7.69,0.46,1.73,0.84,24.47,66.27,2025-01-26 17:00:00,NORMAL
155,22,245.52,9.96,10.31,0.35,2.53,0.88,57.0,60.7,2025-01-26 17:05:00,NORMAL
112,18,237.06,10.48,10.09,0.39,2.39,0.97,46.99,45.79,2025-01-26 17:10:00,NORMAL
155,35,234.04,11.19,10.98,0.21,2.57,0.91,29.72,77.27,2025-01-26 17:15:00,NORMAL
117,6,221.98,11.23,11.31,0.08,2.51,0.95,38.78,47.89,2025-01-26 17:20:00,NORMAL
153,3,212.12,7.17,6.96,0.21,1.48,0.82,52.09,77.24,2025-01-26 17:25:00,NORMAL
176,5,227.07,13.44,13.06,0.38,2.97,0.8,31.2,54.57,2025-01-26 17:30:00,NORMAL
142,9,225.47,7.58,7.48,0.1,1.69,0.88,68.16,31.81,2025-01-26 17:35:00,NORMAL
138,28,226.9,6.74,6.04,0.7,1.37,0.91,53.41,76.05,2025-01-26 17:40:00,NORMAL
160,19,238.53,4.13,3.76,0.37,0.9,0.87,57.45,83.96,2025-01-26 17:45:00,NORMAL
141,28,245.27,11.4,10.76,0.64,2.64,0.78,47.58,37.19,2025-01-26 17:50:00,NORMAL
180,27,241.09,12.9,12.07,0.83,2.91,0.81,54.14,65.11,2025-01-26 17:55:00,NORMAL
178,13,223.94,8.74,8.74,0.0,1.96,0.83,76.74,34.31,2025-01-26 18:00:00,NORMAL
117,38,235.38,6.46,6.48,0.02,1.53,0.7,38.4,79.79,2025-01-26 18:05:00,NORMAL
122,43,225.13,11.75,10.97,0.78,2.47,0.96,39.19,89.28,2025-01-26 18:10:00,NORMAL
153,21,211.59,7.4,7.58,0.18,1.6,0.85,76.59,59.7,2025-01-26 18:15:00,NORMAL
129,27,229.24,11.24,11.09,0.15,2.54,0.93,64.51,48.8,2025-01-26 18:20:00,NORMAL
197,46,242.61,8.15,8.19,0.04,1.99,0.75,42.42,80.74,2025-01-26 18:25:00,NORMAL
157,6,226.65,9.12,9.42,0.3,2.14,0.87,33.23,61.25,2025-01-26 18:30:00,NORMAL
167,38,238.33,10.64,10.19,0.45,2.43,0.98,38.77,56.94,2025-01-26 18:35:00,NORMAL
166,49,223.34,10.65,10.58,0.07,2.36,0.76,75.51,43.67,2025-01-26 18:40:00,NORMAL
170,11,236.88,10.21,10.47,0.26,2.48,0.8,46.35,66.96,2025-01-26 18:45:00,NORMAL
117,47,227.56,12.94,12.28,0.66,2.79,0.82,60.81,66.38,2025-01-26 18:50:00,NORMAL
106,41,245.23,13.43,13.89,0.46,3.41,0.81,48.61,45.77,2025-01-26 18:55:00,NORMAL
139,17,226.87,13.58,13.45,0.13,3.05,0.88,49.83,42.68,2025-01-26 19:00:00,NORMAL
169,39,224.58,9.65,9.0,0.65,2.02,0.82,53.92,56.31,2025-01-26 19:05:00,NORMAL
185,7,244.71,10.21,9.55,0.66,2.34,0.9,43.2,57.05,2025-01-26 19:10:00,NORMAL
164,30,224.23,12.76,12.35,0.41,2.77,0.85,41.17,37.7,2025-01-26 19:15:00,NORMAL
167,21,232.13,8.7,8.94,0.24,2.08,0.75,68.73,46.56,2025-01-26 19:20:00,NORMAL
148,1,224.3,9.14,8.86,0.28,1.99,0.98,41.75,39.62,2025-01-26 19:25:00,NORMAL
151,25,239.24,10.04,9.66,0.38,2.31,0.77,52.89,84.09,2025-01-26 19:30:00,NORMAL
128,32,242.97,9.96,9.98,0.02,2.42,0.87,61.15,34.46,2025-01-26 19:35:00,NORMAL
120,8,223.25,9.43,9.04,0.39,2.02,0.72,53.57,82.73,2025-01-26 19:40:00,NORMAL
189,5,235.46,8.13,8.67,0.54,2.04,0.98,56.43,61.67,2025-01-26 19:45:00,NORMAL
177,30,236.39,11.71,12.39,0.68,2.93,0.98,20.54,69.92,2025-01-26 19:50:00,NORMAL
108,8,231.26,9.23,9.35,0.12,2.16,0.81,48.52,85.39,2025-01-26 19:55:00,NORMAL
146,49,245.26,10.31,9.76,0.55,2.39,0.74,64.31,51.92,2025-01-26 20:00:00,NORMAL
175,19,245.18,9.99,9.36,0.63,2.29,0.93,78.85,72.16,2025-01-26 20:05:00,NORMAL
141,44,221.47,11.35,11.79,0.44,2.61,0.78,62.5,70.3,2025-01-26 20:10:00,NORMAL
150,30,242.09,10.91,9.98,0.93,2.42,0.91,48.9,89.3,2025-01-26 20:15:00,NORMAL
155,15,235.07,9.49,9.25,0.24,2.17,0.97,53.83,32.76,2025-01-26 20:20:00,NORMAL
150,36,232.44,9.17,9.74,0.57,2.26,0.88,55.93,57.33,2025-01-26 20:25:00,NORMAL
169,44,227.68,9.78,9.43,0.35,2.15,0.96,14.45,89.37,2025-01-26 20:30:00,NORMAL
119,27,215.18,7.78,6.94,0.84,1.49,0.77,27.69,49.67,2025-01-26 20:35:00,NORMAL
187,13,232.83,8.39,8.43,0.04,1.96,0.97,47.16,87.94,2025-01-26 20:40:00,NORMAL
126,14,233.08,11.06,10.37,0.69,2.42,0.77,43.84,79.0,2025-01-26 20:45:00,NORMAL
137,37,249.95,10.6,9.68,0.92,2.42,0.77,39.37,50.36,2025-01-26 20:50:00,NORMAL
171,48,223.26,8.07,7.85,0.22,1.75,0.96,50.83,31.75,2025-01-26 20:55:00,NORMAL
164,30,213.93,9.76,9.93,0.17,2.12,0.87,52.56,46.82,2025-01-26 21:00:00,NORMAL
153,39,218.21,6.87,6.08,0.79,1.33,0.94,21.99,37.42,2025-01-26 21:05:00,NORMAL
123,47,245.91,10.27,9.49,0.78,2.33,0.94,24.4,55.71,2025-01-26 21:10:00,NORMAL
146,13,225.52,9.33,9.76,0.43,2.2,0.89,38.78,86.37,2025-01-26 21:15:00,NORMAL
170,16,243.64,14.19,14.04,0.15,3.42,0.76,53.44,60.76,2025-01-26 21:20:00,NORMAL
182,44,230.06,11.17,10.61,0.56,2.44,0.91,41.92,56.85,2025-01-26 21:25:00,NORMAL
185,7,220.25,8.09,7.5,0.59,1.65,0.72,36.88,42.95,2025-01-26 21:30:00,NORMAL
162,48,250.01,8.07,8.01,0.06,2.0,0.76,66.44,67.29,2025-01-26 21:35:00,NORMAL
156,27,243.18,11.28,11.56,0.28,2.81,0.89,55.0,57.32,2025-01-26 21:40:00,NORMAL
154,45,228.2,11.76,10.77,0.99,2.46,0.97,42.37,76.36,2025-01-26 21:45:00,NORMAL
159,35,239.97,13.72,13.48,0.24,3.23,0.93,72.09,60.97,2025-01-26 21:50:00,NORMAL
198,15,231.23,12.31,12.2,0.11,2.82,0.8,46.52,83.19,2025-01-26 21:55:00,NORMAL
161,28,234.38,10.95,11.04,0.09,2.59,0.95,59.33,76.98,2025-01-26 22:00:00,NORMAL
129,35,247.62,12.85,12.75,0.1,3.16,0.99,30.57,38.7,2025-01-26 22:05:00,NORMAL
192,7,214.8,10.15,10.74,0.59,2.31,0.8,24.03,38.16,2025-01-26 22:10:00,NORMAL
121,46,226.41,10.06,9.36,0.7,2.12,0.76,32.91,31.46,2025-01-26 22:15:00,NORMAL
174,46,230.29,7.57,7.51,0.06,1.73,0.76,53.04,52.14,2025-01-26 22:20:00,NORMAL
183,20,233.34,13.02,13.87,0.85,3.24,0.82,43.08,33.28,2025-01-26 22:25:00,NORMAL
128,32,217.51,10.26,10.55,0.29,2.29,0.72,42.44,57.0,2025-01-26 22:30:00,NORMAL
140,38,239.17,9.8,9.12,0.68,2.18,0.85,48.53,44.48,2025-01-26 22:35:00,NORMAL
141,40,218.46,8.41,8.28,0.13,1.81,0.92,47.28,59.89,2025-01-26 22:40:00,NORMAL
197,32,217.5,12.45,12.64,0.19,2.75,0.86,63.44,39.5,2025-01-26 22:45:00,NORMAL
164,26,227.49,11.97,11.7,0.27,2.66,0.99,36.67,62.95,2025-01-26 22:50:00,NORMAL
130,39,248.96,8.2,8.15,0.05,2.03,0.84,23.66,87.99,2025-01-26 22:55:00,NORMAL
129,20,255.42,11.02,10.76,0.26,2.75,0.7,69.54,68.23,2025-01-26 23:00:00,NORMAL
117,18,234.89,11.59,11.23,0.36,2.64,0.84,37.99,63.86,2025-01-26 23:05:00,NORMAL
116,15,227.62,7.51,7.72,0.21,1.76,0.98,63.07,77.28,2025-01-26 23:10:00,NORMAL
137,22,231.56,11.28,11.37,0.09,2.63,0.73,51.05,30.33,2025-01-26 23:15:00,NORMAL
113,22,233.35,10.88,11.05,0.17,2.58,0.77,67.04,46.95,2025-01-26 23:20:00,NORMAL
186,21,244.66,11.25,11.4,0.15,2.79,0.91,35.66,89.22,2025-01-26 23:25:00,NORMAL
188,2,217.82,13.97,14.08,0.11,3.07,0.79,58.07,76.96,2025-01-26 23:30:00,NORMAL
178,40,241.94,15.92,15.87,0.05,3.84,0.93,40.79,35.42,2025-01-26 23:35:00,NORMAL
155,43,215.73,12.47,12.57,0.1,2.71,0.83,34.97,49.59,2025-01-26 23:40:00,NORMAL
121,18,225.19,10.52,10.24,0.28,2.31,0.94,70.21,56.39,2025-01-26 23:45:00,NORMAL
166,23,229.97,11.28,11.24,0.04,2.58,0.87,33.81,86.08,2025-01-26 23:50:00,NORMAL
155,13,234.11,10.87,11.02,0.15,2.58,0.72,33.14,65.17,2025-01-26 23:55:00,NORMAL
118,41,229.96,14.7,15.46,0.76,3.56,0.82,28.23,34.63,2025-01-27 00:00:00,NORMAL
156,9,231.75,10.27,10.52,0.25,2.44,0.8,38.29,60.54,2025-01-27 00:05:00,NORMAL
143,49,230.4,9.17,9.15,0.02,2.11,0.94,47.38,47.36,2025-01-27 00:10:00,NORMAL
197,7,214.79,11.1,10.42,0.68,2.24,0.89,42.55,50.32,2025-01-27 00:15:00,NORMAL
134,41,235.75,14.18,14.01,0.17,3.3,0.93,50.83,36.86,2025-01-27 00:20:00,NORMAL
100,1,238.11,8.06,8.62,0.56,2.05,0.81,21.3,57.53,2025-01-27 00:25:00,NORMAL
151,2,243.43,8.66,8.41,0.25,2.05,0.91,44.41,70.17,2025-01-27 00:30:00,NORMAL
184,4,248.47,8.55,8.58,0.03,2.13,0.72,23.62,75.57,2025-01-27 00:35:00,NORMAL
192,14,234.11,7.61,7.12,0.49,1.67,0.71,38.4,71.72,2025-01-27 00:40:00,NORMAL
169,32,244.12,8.1,8.63,0.53,2.11,0.79,41.43,69.63,2025-01-27 00:45:00,NORMAL
136,36,230.18,11.88,11.07,0.81,2.55,0.93,44.53,82.15,2025-01-27 00:50:00,NORMAL
164,2,215.5,10.44,10.02,0.42,2.16,0.86,50.39,49.94,2025-01-27 00:55:00,NORMAL
150,40,239.61,7.41,7.31,0.1,1.75,0.82,26.07,42.88,2025-01-27 01:00:00,NORMAL
100,14,237.4,11.37,11.94,0.57,2.83,0.97,38.27,35.37,2025-01-27 01:05:00,NORMAL
190,20,230.01,10.69,11.22,0.53,2.58,0.85,79.28,39.94,2025-01-27 01:10:00,NORMAL
120,25,229.38,11.9,11.36,0.54,2.61,0.88,43.83,38.96,2025-01-27 01:15:00,NORMAL
152,42,234.78,8.79,8.19,0.6,1.92,1.0,42.11,84.75,2025-01-27 01:20:00,NORMAL
115,49,226.62,7.55,6.83,0.72,1.55,0.86,16.14,40.83,2025-01-27 01:25:00,NORMAL
160,8,234.42,11.36,10.33,1.03,2.42,0.94,47.51,35.64,2025-01-27 01:30:00,LEAKAGE_WARNING
153,28,220.78,11.65,11.08,0.57,2.45,0.82,21.18,54.02,2025-01-27 01:35:00,NORMAL
139,46,221.9,7.79,7.39,0.4,1.64,0.71,7.78,40.18,2025-01-27 01:40:00,NORMAL
125,21,216.79,10.48,9.09,1.39,1.97,0.95,51.6,37.83,2025-01-27 01:45:00,LEAKAGE_WARNING
179,23,252.44,8.77,8.84,0.07,2.23,0.98,51.51,51.74,2025-01-27 01:50:00,NORMAL
191,32,230.73,11.94,11.79,0.15,2.72,0.83,20.79,85.16,2025-01-27 01:55:00,NORMAL
164,8,242.08,11.32,11.89,0.57,2.88,0.85,23.92,31.83,2025-01-27 02:00:00,NORMAL
199,31,219.03,12.44,11.93,0.51,2.61,0.83,33.27,42.46,2025-01-27 02:05:00,NORMAL
173,37,228.18,8.32,8.22,0.1,1.88,1.0,74.13,79.45,2025-01-27 02:10:00,NORMAL
163,16,235.51,8.62,8.73,0.11,2.06,0.97,49.19,44.71,2025-01-27 02:15:00,NORMAL
142,40,244.71,9.26,9.36,0.1,2.29,0.71,53.65,56.47,2025-01-27 02:20:00,NORMAL
116,42,223.98,8.94,9.14,0.2,2.05,0.93,63.44,35.91,2025-01-27 02:25:00,NORMAL
158,27,225.97,10.74,10.62,0.12,2.4,0.88,67.85,77.71,2025-01-27 02:30:00,NORMAL
122,40,222.08,7.85,8.37,0.52,1.86,0.71,47.17,74.19,2025-01-27 02:35:00,NORMAL
106,41,228.79,13.04,13.52,0.48,3.09,0.83,51.85,37.68,2025-01-27 02:40:00,NORMAL
143,18,219.8,13.49,13.84,0.35,3.04,0.74,45.25,86.88,2025-01-27 02:45:00,NORMAL
152,35,215.63,12.22,12.33,0.11,2.66,0.96,15.38,65.44,2025-01-27 02:50:00,NORMAL
170,49,232.59,11.0,11.03,0.03,2.57,0.7,49.33,77.89,2025-01-27 02:55:00,NORMAL
178,15,236.71,9.75,10.57,0.82,2.5,0.96,36.81,75.83,2025-01-27 03:00:00,NORMAL
133,27,218.61,10.38,10.44,0.06,2.28,0.98,1.11,61.14,2025-01-27 03:05:00,NORMAL
145,17,223.26,8.49,8.71,0.22,1.94,0.72,33.31,74.85,2025-01-27 03:10:00,NORMAL
167,40,229.0,10.31,9.72,0.59,2.23,0.92,37.59,44.27,2025-01-27 03:15:00,NORMAL
177,2,247.07,10.67,10.92,0.25,2.7,0.86,58.74,31.28,2025-01-27 03:20:00,NORMAL
177,49,201.67,8.35,7.65,0.7,1.54,0.99,42.63,50.52,2025-01-27 03:25:00,NORMAL
115,31,234.45,13.24,12.17,1.07,2.85,0.94,33.79,39.15,2025-01-27 03:30:00,LEAKAGE_WARNING
170,37,236.79,9.83,9.05,0.78,2.14,0.91,25.16,88.86,2025-01-27 03:35:00,NORMAL
195,41,222.88,7.94,8.23,0.29,1.83,0.98,41.53,85.42,2025-01-27 03:40:00,NORMAL
118,41,226.51,9.59,9.13,0.46,2.07,0.75,47.14,38.65,2025-01-27 03:45:00,NORMAL
101,34,233.33,8.79,9.07,0.28,2.12,0.81,53.27,50.64,2025-01-27 03:50:00,NORMAL
109,34,229.7,8.32,8.53,0.21,1.96,0.95,57.21,60.56,2025-01-27 03:55:00,NORMAL
149,3,246.99,13.14,13.32,0.18,3.29,0.73,23.5,53.92,2025-01-27 04:00:00,NORMAL
180,17,231.03,10.02,9.75,0.27,2.25,0.98,48.68,72.0,2025-01-27 04:05:00,NORMAL
111,14,238.61,12.06,12.3,0.24,2.93,0.92,42.4,60.21,2025-01-27 04:10:00,NORMAL
169,14,234.5,10.82,10.6,0.22,2.49,0.83,41.05,63.92,2025-01-27 04:15:00,NORMAL
121,46,236.94,10.95,10.12,0.83,2.4,0.8,47.97,70.66,2025-01-27 04:20:00,NORMAL
131,38,222.23,9.97,10.32,0.35,2.29,0.74,70.57,31.42,2025-01-27 04:25:00,NORMAL
183,35,232.01,9.14,9.74,0.6,2.26,0.73,40.51,30.75,2025-01-27 04:30:00,NORMAL
100,1,229.34,12.6,12.72,0.12,2.92,0.83,46.52,40.69,2025-01-27 04:35:00,NORMAL
153,48,222.84,11.31,10.4,0.91,2.32,0.95,29.97,73.1,2025-01-27 04:40:00,NORMAL
157,29,239.25,9.64,9.1,0.54,2.18,0.86,28.37,44.43,2025-01-27 04:45:00,NORMAL
169,4,209.85,11.99,12.22,0.23,2.56,0.84,27.63,85.21,2025-01-27 04:50:00,NORMAL
182,33,243.47,13.02,13.34,0.32,3.25,0.8,21.01,34.71,2025-01-27 04:55:00,NORMAL
117,17,207.81,10.73,10.37,0.36,2.15,0.75,34.89,64.79,2025-01-27 05:00:00,NORMAL
105,28,228.46,13.1,12.85,0.25,2.94,1.0,71.42,31.53,2025-01-27 05:05:00,NORMAL
144,26,239.41,9.05,8.54,0.51,2.04,0.71,32.99,88.32,2025-01-27 05:10:00,NORMAL
196,8,218.12,8.2,8.58,0.38,1.87,0.79,39.87,42.82,2025-01-27 05:15:00,NORMAL
122,34,234.24,9.31,9.15,0.16,2.14,0.93,23.7,65.26,2025-01-27 05:20:00,NORMAL
122,18,233.16,10.08,9.43,0.65,2.2,0.86,41.64,87.18,2025-01-27 05:25:00,NORMAL
125,31,233.27,13.11,12.35,0.76,2.88,0.79,28.64,31.82,2025-01-27 05:30:00,NORMAL
176,27,226.51,9.24,9.66,0.42,2.19,1.0,39.81,60.76,2025-01-27 05:35:00,NORMAL
106,16,225.35,10.77,10.61,0.16,2.39,0.89,39.71,61.6,2025-01-27 05:40:00,NORMAL
178,10,214.3,12.2,12.14,0.06,2.6,0.79,43.19,51.09,2025-01-27 05:45:00,NORMAL
143,40,228.96,10.93,11.15,0.22,2.55,0.95,61.6,69.27,2025-01-27 05:50:00,NORMAL
126,12,239.18,9.01,9.18,0.17,2.2,0.75,71.75,62.55,2025-01-27 05:55:00,NORMAL
125,22,225.44,7.44,6.96,0.48,1.57,0.84,71.6,44.95,2025-01-27 06:00:00,NORMAL
196,16,225.94,12.44,12.62,0.18,2.85,0.95,46.62,72.32,2025-01-27 06:05:00,NORMAL
178,12,245.9,7.9,7.76,0.14,1.91,1.0,47.59,57.97,2025-01-27 06:10:00,NORMAL
135,11,228.37,9.24,8.8,0.44,2.01,0.81,46.41,58.22,2025-01-27 06:15:00,NORMAL
154,20,233.52,10.07,8.99,1.08,2.1,0.74,56.54,87.12,2025-01-27 06:20:00,LEAKAGE_WARNING
163,1,235.36,12.53,12.18,0.35,2.87,0.87,34.66,62.1,2025-01-27 06:25:00,NORMAL
190,27,228.36,12.0,11.44,0.56,2.61,0.98,29.74,77.08,2025-01-27 06:30:00,NORMAL
156,3,236.81,10.3,9.97,0.33,2.36,0.9,14.93,82.04,2025-01-27 06:35:00,NORMAL
168,12,239.89,12.43,12.33,0.1,2.96,0.88,58.37,64.84,2025-01-27 06:40:00,NORMAL
160,30,239.04,12.87,12.78,0.09,3.05,0.79,48.36,77.18,2025-01-27 06:45:00,NORMAL
101,9,240.15,9.05,8.91,0.14,2.14,0.88,32.68,48.57,2025-01-27 06:50:00,NORMAL
154,37,209.17,9.21,10.08,0.87,2.11,0.97,69.08,40.92,2025-01-27 06:55:00,NORMAL
196,1,218.28,11.5,11.46,0.04,2.5,0.81,35.08,71.73,2025-01-27 07:00:00,NORMAL
179,42,224.86,13.39,12.97,0.42,2.92,0.77,67.63,85.57,2025-01-27 07:05:00,NORMAL
186,49,222.04,8.61,8.78,0.17,1.95,0.84,31.92,32.55,2025-01-27 07:10:00,NORMAL
137,4,222.8,6.32,5.39,0.93,1.2,0.81,47.72,75.78,2025-01-27 07:15:00,NORMAL
179,15,238.9,11.3,11.04,0.26,2.64,0.84,51.6,31.7,2025-01-27 07:20:00,NORMAL
177,27,231.07,12.73,12.6,0.13,2.91,0.73,37.03,57.52,2025-01-27 07:25:00,NORMAL
128,8,228.63,10.26,9.64,0.62,2.2,0.8,25.64,70.63,2025-01-27 07:30:00,NORMAL
125,23,227.74,15.27,14.79,0.48,3.37,0.95,45.47,54.32,2025-01-27 07:35:00,NORMAL
134,15,226.0,8.33,7.56,0.77,1.71,0.82,33.35,48.06,2025-01-27 07:40:00,NORMAL
178,27,227.58,8.52,7.66,0.86,1.74,0.99,21.25,41.21,2025-01-27 07:45:00,NORMAL
166,31,243.88,8.49,7.56,0.93,1.84,0.91,17.78,88.67,2025-01-27 07:50:00,NORMAL
186,39,212.36,10.17,9.74,0.43,2.07,0.81,47.8,64.22,2025-01-27 07:55:00,NORMAL
128,47,242.74,10.22,10.54,0.32,2.56,0.78,10.49,37.67,2025-01-27 08:00:00,NORMAL
133,8,252.94,8.46,8.38,0.08,2.12,0.91,40.61,32.89,2025-01-27 08:05:00,NORMAL
196,30,242.67,12.25,11.23,1.02,2.73,0.79,56.35,44.6,2025-01-27 08:10:00,LEAKAGE_WARNING
140,42,220.1,10.54,10.21,0.33,2.25,0.98,22.3,62.32,2025-01-27 08:15:00,NORMAL
140,18,225.13,7.93,7.95,0.02,1.79,0.73,24.71,75.12,2025-01-27 08:20:00,NORMAL
122,4,240.33,11.23,11.3,0.07,2.72,0.71,49.71,88.86,2025-01-27 08:25:00,NORMAL
170,47,227.51,9.16,9.5,0.34,2.16,0.77,5.15,80.04,2025-01-27 08:30:00,NORMAL
102,43,224.94,10.2,9.54,0.66,2.15,0.88,43.92,66.72,2025-01-27 08:35:00,NORMAL
157,22,228.99,11.77,11.8,0.03,2.7,0.95,37.59,69.99,2025-01-27 08:40:00,NORMAL
131,3,218.78,12.0,12.29,0.29,2.69,0.75,66.58,61.32,2025-01-27 08:45:00,NORMAL
130,15,228.7,11.83,12.06,0.23,2.76,0.88,68.93,56.07,2025-01-27 08:50:00,NORMAL
181,35,217.94,10.1,11.2,1.1,2.44,0.74,49.89,77.08,2025-01-27 08:55:00,LEAKAGE_WARNING
142,47,237.22,8.05,7.5,0.55,1.78,0.87,34.4,40.64,2025-01-27 09:00:00,NORMAL
106,38,221.56,9.36,9.28,0.08,2.06,0.71,46.13,50.04,2025-01-27 09:05:00,NORMAL
100,33,230.52,10.05,10.46,0.41,2.41,0.87,58.07,88.72,2025-01-27 09:10:00,NORMAL
160,14,225.56,13.09,12.2,0.89,2.75,0.86,55.44,64.3,2025-01-27 09:15:00,NORMAL
113,48,233.82,8.95,8.73,0.22,2.04,0.71,9.57,59.91,2025-01-27 09:20:00,NORMAL
151,1,238.22,10.4,11.32,0.92,2.7,0.91,22.85,81.05,2025-01-27 09:25:00,NORMAL
195,49,232.86,7.53,6.97,0.56,1.62,0.87,56.23,75.72,2025-01-27 09:30:00,NORMAL
105,26,223.0,10.68,10.99,0.31,2.45,0.89,25.67,49.56,2025-01-27 09:35:00,NORMAL
109,8,224.37,9.91,9.41,0.5,2.11,0.86,49.97,67.56,2025-01-27 09:40:00,NORMAL
170,16,253.6,9.74,9.29,0.45,2.36,0.92,57.17,41.12,2025-01-27 09:45:00,NORMAL
189,38,239.49,11.69,11.42,0.27,2.73,0.86,53.87,33.18,2025-01-27 09:50:00,NORMAL
197,10,228.02,8.63,9.06,0.43,2.07,0.98,52.13,89.39,2025-01-27 09:55:00,NORMAL
129,42,224.26,12.8,13.22,0.42,2.96,0.98,37.57,74.23,2025-01-27 10:00:00,NORMAL
199,37,215.61,8.48,8.3,0.18,1.79,0.92,24.21,85.85,2025-01-27 10:05:00,NORMAL
120,26,241.28,12.73,13.0,0.27,3.14,0.97,71.85,79.91,2025-01-27 10:10:00,NORMAL
159,28,222.89,6.81,6.0,0.81,1.34,0.98,15.8,55.68,2025-01-27 10:15:00,NORMAL
180,12,240.54,10.61,10.46,0.15,2.52,0.78,46.68,81.69,2025-01-27 10:20:00,NORMAL
196,20,238.27,11.22,11.52,0.3,2.74,1.0,36.43,77.2,2025-01-27 10:25:00,NORMAL
173,49,243.53,9.28,8.58,0.7,2.09,0.78,64.81,45.5,2025-01-27 10:30:00,NORMAL
162,14,237.59,10.56,11.32,0.76,2.69,0.71,45.41,67.38,2025-01-27 10:35:00,NORMAL
141,46,227.9,9.27,9.14,0.13,2.08,0.99,31.8,48.3,2025-01-27 10:40:00,NORMAL
150,35,230.16,10.9,10.42,0.48,2.4,0.77,37.85,44.04,2025-01-27 10:45:00,NORMAL
163,29,230.25,10.5,10.81,0.31,2.49,0.88,58.22,34.9,2025-01-27 10:50:00,NORMAL
175,12,227.31,14.43,14.45,0.02,3.28,0.99,60.93,62.59,2025-01-27 10:55:00,NORMAL
155,18,213.77,7.24,7.38,0.14,1.58,0.71,54.63,53.55,2025-01-27 11:00:00,NORMAL
179,44,208.45,10.4,10.76,0.36,2.24,0.78,46.52,35.28,2025-01-27 11:05:00,NORMAL
140,2,237.59,9.16,8.92,0.24,2.12,0.88,30.34,73.1,2025-01-27 11:10:00,NORMAL
131,2,228.19,10.25,9.62,0.63,2.2,0.93,33.95,73.38,2025-01-27 11:15:00,NORMAL
114,17,239.6,9.73,8.53,1.2,2.04,0.94,51.82,44.12,2025-01-27 11:20:00,LEAKAGE_WARNING
161,10,226.2,9.3,8.72,0.58,1.97,0.97,60.12,87.35,2025-01-27 11:25:00,NORMAL
126,18,229.99,8.95,8.88,0.07,2.04,0.75,22.65,76.67,2025-01-27 11:30:00,NORMAL
127,22,239.3,11.43,10.67,0.76,2.55,0.81,19.28,78.32,2025-01-27 11:35:00,NORMAL
180,19,245.55,9.25,9.61,0.36,2.36,0.91,41.79,30.22,2025-01-27 11:40:00,NORMAL
163,1,226.84,9.96,10.03,0.07,2.28,0.91,48.37,88.71,2025-01-27 11:45:00,NORMAL
158,24,220.0,10.37,9.69,0.68,2.13,0.79,47.37,89.42,2025-01-27 11:50:00,NORMAL
157,36,242.13,8.55,8.68,0.13,2.1,0.79,52.91,60.43,2025-01-27 11:55:00,NORMAL
101,25,227.13,11.22,10.99,0.23,2.5,0.8,36.84,89.1,2025-01-27 12:00:00,NORMAL
135,36,225.15,8.08,8.23,0.15,1.85,0.97,63.41,66.73,2025-01-27 12:05:00,NORMAL
170,31,226.0,10.99,10.9,0.09,2.46,0.97,67.6,38.04,2025-01-27 12:10:00,NORMAL
112,31,222.81,10.8,10.63,0.17,2.37,0.7,52.86,78.85,2025-01-27 12:15:00,NORMAL
114,2,237.74,9.73,9.29,0.44,2.21,0.8,37.19,63.49,2025-01-27 12:20:00,NORMAL
188,19,216.62,7.81,7.53,0.28,1.63,0.82,3.03,50.54,2025-01-27 12:25:00,NORMAL
186,12,231.02,10.01,9.45,0.56,2.18,0.99,34.86,44.17,2025-01-27 12:30:00,NORMAL
159,10,232.5,7.94,7.54,0.4,1.75,0.98,46.91,61.13,2025-01-27 12:35:00,NORMAL
121,31,224.01,9.78,9.68,0.1,2.17,0.89,54.44,71.51,2025-01-27 12:40:00,NORMAL
162,45,245.87,11.58,11.68,0.1,2.87,0.71,39.57,82.62,2025-01-27 12:45:00,NORMAL
189,22,238.98,9.97,10.23,0.26,2.44,0.76,43.27,65.92,2025-01-27 12:50:00,NORMAL
196,23,225.45,12.51,13.67,1.16,3.08,0.83,70.22,54.92,2025-01-27 12:55:00,LEAKAGE_WARNING
174,23,228.94,10.59,10.45,0.14,2.39,0.99,28.39,67.93,2025-01-27 13:00:00,NORMAL
173,15,238.94,11.55,11.92,0.37,2.85,0.73,19.87,59.82,2025-01-27 13:05:00,NORMAL
124,26,230.8,11.43,11.67,0.24,2.69,0.94,8.91,69.12,2025-01-27 13:10:00,NORMAL
147,3,244.02,12.81,12.76,0.05,3.11,0.76,59.2,66.54,2025-01-27 13:15:00,NORMAL
142,23,235.66,7.39,7.45,0.06,1.76,0.85,24.79,88.72,2025-01-27 13:20:00,NORMAL
137,20,232.53,8.95,8.48,0.47,1.97,0.93,39.57,67.33,2025-01-27 13:25:00,NORMAL
140,45,232.44,10.06,9.94,0.12,2.31,0.91,57.16,71.46,2025-01-27 13:30:00,NORMAL
144,40,261.49,11.6,10.59,1.01,2.77,0.93,68.06,83.54,2025-01-27 13:35:00,LEAKAGE_WARNING
187,39,219.82,10.34,9.04,1.3,1.99,0.94,45.63,84.78,2025-01-27 13:40:00,LEAKAGE_WARNING
139,8,219.06,9.99,9.94,0.05,2.18,0.79,29.8,38.45,2025-01-27 13:45:00,NORMAL
196,18,227.59,12.06,12.28,0.22,2.79,0.81,50.09,57.23,2025-01-27 13:50:00,NORMAL
116,41,244.05,9.32,10.0,0.68,2.44,0.94,28.97,86.57,2025-01-27 13:55:00,NORMAL
187,6,205.36,9.23,8.12,1.11,1.67,0.71,43.82,87.59,2025-01-27 14:00:00,LEAKAGE_WARNING
156,27,210.96,11.04,11.2,0.16,2.36,0.85,23.9,41.4,2025-01-27 14:05:00,NORMAL
101,36,226.0,14.79,14.86,0.07,3.36,0.98,32.32,56.62,2025-01-27 14:10:00,NORMAL
195,15,251.2,9.96,10.11,0.15,2.54,0.97,78.64,46.72,2025-01-27 14:15:00,NORMAL
161,37,230.25,8.71,8.67,0.04,2.0,0.94,61.02,77.44,2025-01-27 14:20:00,NORMAL
187,5,218.38,8.87,8.91,0.04,1.95,0.71,34.79,81.13,2025-01-27 14:25:00,NORMAL
108,39,238.22,9.27,8.66,0.61,2.06,0.97,38.28,58.15,2025-01-27 14:30:00,NORMAL
167,9,246.62,12.65,13.82,1.17,3.41,0.97,55.74,70.54,2025-01-27 14:35:00,LEAKAGE_WARNING
180,7,223.61,9.27,9.16,0.11,2.05,0.9,38.72,82.2,2025-01-27 14:40:00,NORMAL
116,41,234.54,10.61,10.05,0.56,2.36,0.79,63.17,72.57,2025-01-27 14:45:00,NORMAL
149,20,231.57,9.82,9.97,0.15,2.31,0.85,21.37,39.39,2025-01-27 14:50:00,NORMAL
193,10,235.72,7.37,6.88,0.49,1.62,0.93,43.91,72.72,2025-01-27 14:55:00,NORMAL
139,26,225.41,9.34,9.1,0.24,2.05,0.94,32.92,39.54,2025-01-27 15:00:00,NORMAL
157,4,236.29,5.05,5.21,0.16,1.23,0.8,48.8,69.22,2025-01-27 15:05:00,NORMAL
174,38,238.38,10.35,11.06,0.71,2.64,0.8,46.76,50.01,2025-01-27 15:10:00,NORMAL
184,24,237.14,10.98,10.58,0.4,2.51,0.92,45.33,33.39,2025-01-27 15:15:00,NORMAL
120,14,213.78,8.31,7.95,0.36,1.7,0.91,51.35,43.59,2025-01-27 15:20:00,NORMAL
117,41,215.66,8.92,9.09,0.17,1.96,0.85,49.07,58.1,2025-01-27 15:25:00,NORMAL
154,1,223.11,7.32,6.74,0.58,1.5,0.83,27.87,89.64,2025-01-27 15:30:00,NORMAL
128,17,232.67,5.57,5.61,0.04,1.31,0.9,43.29,45.34,2025-01-27 15:35:00,NORMAL
123,45,235.59,6.99,6.27,0.72,1.48,0.71,43.33,88.73,2025-01-27 15:40:00,NORMAL
173,24,219.46,11.3,10.95,0.35,2.4,0.72,44.22,51.85,2025-01-27 15:45:00,NORMAL
116,27,233.24,9.37,8.43,0.94,1.97,0.87,77.94,87.6,2025-01-27 15:50:00,NORMAL
117,7,239.46,10.42,10.04,0.38,2.4,0.76,45.4,87.37,2025-01-27 15:55:00,NORMAL
141,9,236.68,14.08,13.87,0.21,3.28,0.93,69.54,38.57,2025-01-27 16:00:00,NORMAL
183,43,225.4,12.0,12.74,0.74,2.87,0.93,15.68,79.72,2025-01-27 16:05:00,NORMAL
144,35,226.32,11.08,10.85,0.23,2.46,0.91,36.19,61.04,2025-01-27 16:10:00,NORMAL
181,12,217.02,9.03,8.95,0.08,1.94,0.97,41.18,71.17,2025-01-27 16:15:00,NORMAL
116,21,247.4,13.12,12.11,1.01,3.0,0.74,68.11,76.56,2025-01-27 16:20:00,LEAKAGE_WARNING
172,3,234.74,12.47,12.16,0.31,2.85,0.78,12.12,37.47,2025-01-27 16:25:00,NORMAL
113,15,213.88,11.79,11.2,0.59,2.4,0.78,59.52,77.94,2025-01-27 16:30:00,NORMAL
148,21,242.27,9.99,9.09,0.9,2.2,0.93,53.0,48.17,2025-01-27 16:35:00,NORMAL
128,10,236.59,8.15,7.28,0.87,1.72,0.86,53.05,73.94,2025-01-27 16:40:00,NORMAL
194,33,241.94,13.03,12.87,0.16,3.11,0.78,41.92,64.42,2025-01-27 16:45:00,NORMAL
103,46,224.41,11.74,10.48,1.26,2.35,0.74,47.32,71.08,2025-01-27 16:50:00,LEAKAGE_WARNING
181,6,225.81,9.59,9.64,0.05,2.18,0.97,44.21,67.37,2025-01-27 16:55:00,NORMAL
119,2,221.87,9.45,8.58,0.87,1.9,0.91,34.78,78.63,2025-01-27 17:00:00,NORMAL
146,29,251.17,7.56,7.73,0.17,1.94,0.86,58.47,83.67,2025-01-27 17:05:00,NORMAL
108,40,224.99,11.52,10.89,0.63,2.45,0.99,46.19,56.95,2025-01-27 17:10:00,NORMAL
176,33,220.45,10.34,10.62,0.28,2.34,0.95,33.21,53.53,2025-01-27 17:15:00,NORMAL
178,4,223.53,10.8,10.29,0.51,2.3,0.75,51.14,44.53,2025-01-27 17:20:00,NORMAL
126,4,226.75,11.86,12.09,0.23,2.74,0.85,41.83,78.83,2025-01-27 17:25:00,NORMAL
114,29,245.56,11.44,11.76,0.32,2.89,0.85,38.27,88.02,2025-01-27 17:30:00,NORMAL
191,37,232.77,8.25,8.53,0.28,1.99,0.95,19.54,41.72,2025-01-27 17:35:00,NORMAL
118,20,242.34,10.04,9.59,0.45,2.32,0.74,37.14,57.47,2025-01-27 17:40:00,NORMAL
189,41,232.85,10.83,10.38,0.45,2.42,0.84,36.38,76.22,2025-01-27 17:45:00,NORMAL
151,23,228.2,10.98,10.53,0.45,2.4,0.89,49.55,68.16,2025-01-27 17:50:00,NORMAL
125,45,219.57,6.82,6.51,0.31,1.43,0.98,39.23,78.9,2025-01-27 17:55:00,NORMAL
188,18,245.94,7.99,8.03,0.04,1.97,0.97,85.25,30.97,2025-01-27 18:00:00,OVERHEAT
125,49,239.91,11.31,11.47,0.16,2.75,0.86,21.97,84.68,2025-01-27 18:05:00,NORMAL
125,25,240.82,11.28,11.6,0.32,2.79,0.88,26.31,33.68,2025-01-27 18:10:00,NORMAL
145,1,239.25,13.22,13.57,0.35,3.25,0.96,36.9,56.73,2025-01-27 18:15:00,NORMAL
191,15,222.9,6.9,6.09,0.81,1.36,0.92,50.46,46.55,2025-01-27 18:20:00,NORMAL
148,34,232.65,11.8,12.13,0.33,2.82,0.96,40.09,85.69,2025-01-27 18:25:00,NORMAL
181,48,240.87,10.75,11.02,0.27,2.65,0.97,35.81,46.51,2025-01-27 18:30:00,NORMAL
195,20,239.44,7.9,8.2,0.3,1.96,0.95,27.07,52.4,2025-01-27 18:35:00,NORMAL
152,37,231.57,6.47,6.93,0.46,1.6,0.7,51.43,83.3,2025-01-27 18:40:00,NORMAL
102,27,249.75,11.88,11.53,0.35,2.88,0.79,86.02,62.24,2025-01-27 18:45:00,OVERHEAT
165,22,235.33,8.03,8.1,0.07,1.91,0.82,29.11,83.89,2025-01-27 18:50:00,NORMAL
196,5,243.22,7.37,7.25,0.12,1.76,0.9,53.62,69.66,2025-01-27 18:55:00,NORMAL
141,34,232.0,10.91,10.77,0.14,2.5,0.79,68.54,34.75,2025-01-27 19:00:00,NORMAL
118,39,226.28,9.98,9.64,0.34,2.18,0.8,47.11,56.09,2025-01-27 19:05:00,NORMAL
116,3,239.69,11.15,10.9,0.25,2.61,0.82,50.07,40.58,2025-01-27 19:10:00,NORMAL
132,17,237.34,10.86,10.07,0.79,2.39,0.99,43.79,33.91,2025-01-27 19:15:00,NORMAL
175,24,233.46,16.69,16.82,0.13,3.93,0.83,71.85,52.43,2025-01-27 19:20:00,NORMAL
148,24,221.54,11.45,11.55,0.1,2.56,0.74,56.97,84.51,2025-01-27 19:25:00,NORMAL
155,3,240.11,11.32,11.16,0.16,2.68,0.7,62.07,37.06,2025-01-27 19:30:00,NORMAL
162,45,222.07,8.24,8.08,0.16,1.79,0.77,43.05,30.41,2025-01-27 19:35:00,NORMAL
102,7,237.77,13.12,13.66,0.54,3.25,0.98,55.19,86.11,2025-01-27 19:40:00,NORMAL
148,25,219.03,8.99,9.58,0.59,2.1,0.99,43.88,61.81,2025-01-27 19:45:00,NORMAL
154,3,221.53,8.18,8.05,0.13,1.78,0.86,56.58,63.51,2025-01-27 19:50:00,NORMAL
125,15,232.92,9.58,8.69,0.89,2.02,0.89,38.91,85.71,2025-01-27 19:55:00,NORMAL
198,29,235.79,10.88,9.94,0.94,2.34,0.94,62.53,72.01,2025-01-27 20:00:00,NORMAL
171,29,232.17,9.08,9.44,0.36,2.19,0.72,53.17,79.61,2025-01-27 20:05:00,NORMAL
151,10,224.73,8.25,8.27,0.02,1.86,0.81,38.13,76.23,2025-01-27 20:10:00,NORMAL
199,32,241.13,8.2,7.92,0.28,1.91,0.89,58.13,66.71,2025-01-27 20:15:00,NORMAL
106,23,231.39,10.41,10.06,0.35,2.33,0.97,40.27,71.3,2025-01-27 20:20:00,NORMAL
145,39,231.93,11.12,11.41,0.29,2.65,0.92,26.48,63.64,2025-01-27 20:25:00,NORMAL
145,9,228.42,11.28,10.23,1.05,2.34,0.81,40.79,51.32,2025-01-27 20:30:00,LEAKAGE_WARNING
199,37,222.77,6.89,6.98,0.09,1.55,0.97,40.93,47.12,2025-01-27 20:35:00,NORMAL
115,40,241.27,8.34,7.96,0.38,1.92,0.9,27.64,40.56,2025-01-27 20:40:00,NORMAL
123,14,223.57,11.86,11.82,0.04,2.64,0.95,52.49,51.24,2025-01-27 20:45:00,NORMAL
160,4,246.97,9.15,9.11,0.04,2.25,0.82,51.32,64.61,2025-01-27 20:50:00,NORMAL
153,20,221.75,10.41,9.83,0.58,2.18,0.7,44.77,65.25,2025-01-27 20:55:00,NORMAL
161,28,233.23,15.25,14.56,0.69,3.4,0.75,57.26,71.01,2025-01-27 21:00:00,NORMAL
100,14,230.7,5.49,4.95,0.54,1.14,0.98,39.52,82.77,2025-01-27 21:05:00,NORMAL
148,44,228.87,9.74,9.98,0.24,2.28,0.71,22.69,69.11,2025-01-27 21:10:00,NORMAL
124,34,236.82,11.42,11.89,0.47,2.82,0.88,35.25,40.25,2025-01-27 21:15:00,NORMAL
109,13,237.9,8.04,6.51,1.53,1.55,0.82,32.52,31.54,2025-01-27 21:20:00,LEAKAGE_WARNING
179,31,235.36,9.73,9.38,0.35,2.21,0.83,39.51,41.81,2025-01-27 21:25:00,NORMAL
115,33,219.36,7.6,7.85,0.25,1.72,0.82,46.53,84.49,2025-01-27 21:30:00,NORMAL
157,39,218.29,11.16,10.49,0.67,2.29,0.72,75.35,64.06,2025-01-27 21:35:00,NORMAL
171,28,217.69,8.66,8.91,0.25,1.94,0.74,21.95,80.92,2025-01-27 21:40:00,NORMAL
128,25,227.56,9.14,7.96,1.18,1.81,0.72,58.33,44.06,2025-01-27 21:45:00,LEAKAGE_WARNING
191,32,251.15,11.79,11.79,0.0,2.96,0.72,29.95,72.59,2025-01-27 21:50:00,NORMAL
105,9,229.51,11.11,10.48,0.63,2.41,0.73,51.88,73.9,2025-01-27 21:55:00,NORMAL
115,28,251.01,11.95,11.77,0.18,2.95,0.91,35.45,78.57,2025-01-27 22:00:00,NORMAL
119,31,229.67,13.52,14.08,0.56,3.23,0.73,48.48,62.13,2025-01-27 22:05:00,NORMAL
179,17,231.6,10.15,10.44,0.29,2.42,0.78,69.48,77.61,2025-01-27 22:10:00,NORMAL
170,23,235.96,14.23,14.41,0.18,3.4,0.9,22.76,86.13,2025-01-27 22:15:00,NORMAL
177,13,227.09,10.39,10.53,0.14,2.39,0.73,49.66,87.44,2025-01-27 22:20:00,NORMAL
142,10,232.27,12.64,12.35,0.29,2.87,0.97,50.29,37.53,2025-01-27 22:25:00,NORMAL
125,16,212.97,9.94,10.96,1.02,2.33,0.84,60.35,67.46,2025-01-27 22:30:00,LEAKAGE_WARNING
189,6,221.11,11.68,11.38,0.3,2.52,0.99,46.08,36.81,2025-01-27 22:35:00,NORMAL
177,48,213.18,9.15,9.94,0.79,2.12,0.76,96.66,85.36,2025-01-27 22:40:00,OVERHEAT
170,11,237.25,12.68,12.3,0.38,2.92,0.71,62.76,87.32,2025-01-27 22:45:00,NORMAL
132,3,216.37,12.3,12.5,0.2,2.7,0.88,54.47,59.98,2025-01-27 22:50:00,NORMAL
125,28,244.12,9.57,9.3,0.27,2.27,0.8,50.53,87.59,2025-01-27 22:55:00,NORMAL
144,41,233.56,10.31,10.78,0.47,2.52,0.87,53.88,75.97,2025-01-27 23:00:00,NORMAL
183,15,239.59,8.11,8.22,0.11,1.97,0.84,47.05,71.76,2025-01-27 23:05:00,NORMAL
162,13,223.53,11.86,12.68,0.82,2.83,0.84,47.16,64.85,2025-01-27 23:10:00,NORMAL
166,42,218.77,11.68,12.1,0.42,2.65,0.96,22.23,54.41,2025-01-27 23:15:00,NORMAL
151,45,226.52,7.53,6.63,0.9,1.5,0.76,53.78,87.83,2025-01-27 23:20:00,NORMAL
167,17,240.64,14.34,13.43,0.91,3.23,0.85,53.62,41.82,2025-01-27 23:25:00,NORMAL
125,7,251.15,10.8,11.22,0.42,2.82,0.82,50.32,78.15,2025-01-27 23:30:00,NORMAL
174,28,235.08,9.54,9.51,0.03,2.24,0.9,50.7,52.05,2025-01-27 23:35:00,NORMAL
101,38,216.84,12.4,11.97,0.43,2.6,0.72,56.41,75.19,2025-01-27 23:40:00,NORMAL
113,13,220.28,8.96,8.72,0.24,1.92,0.86,51.92,39.82,2025-01-27 23:45:00,NORMAL
129,17,215.12,12.61,12.7,0.09,2.73,0.84,46.31,52.4,2025-01-27 23:50:00,NORMAL
148,15,228.71,7.65,8.23,0.58,1.88,0.99,49.96,86.77,2025-01-27 23:55:00,NORMAL
111,36,227.23,9.56,8.92,0.64,2.03,0.93,63.46,63.44,2025-01-28 00:00:00,NORMAL
189,28,228.63,9.83,9.88,0.05,2.26,0.75,67.01,59.47,2025-01-28 00:05:00,NORMAL
143,15,219.27,8.91,9.53,0.62,2.09,0.85,30.25,75.13,2025-01-28 00:10:00,NORMAL
132,46,218.26,8.53,8.35,0.18,1.82,0.94,39.11,55.02,2025-01-28 00:15:00,NORMAL
112,11,230.94,9.03,9.0,0.03,2.08,0.86,59.29,59.58,2025-01-28 00:20:00,NORMAL
177,31,234.84,8.94,8.99,0.05,2.11,0.81,53.39,63.64,2025-01-28 00:25:00,NORMAL
187,4,218.15,9.06,8.8,0.26,1.92,0.81,35.45,89.4,2025-01-28 00:30:00,NORMAL
197,35,234.74,12.87,12.78,0.09,3.0,0.81,45.95,78.32,2025-01-28 00:35:00,NORMAL
125,34,239.47,10.87,10.11,0.76,2.42,0.71,56.81,32.39,2025-01-28 00:40:00,NORMAL
120,27,206.69,9.82,10.08,0.26,2.08,0.92,73.78,77.02,2025-01-28 00:45:00,NORMAL
127,10,245.76,11.53,11.72,0.19,2.88,0.88,80.31,60.18,2025-01-28 00:50:00,OVERHEAT
147,30,237.02,9.81,9.22,0.59,2.19,0.78,17.75,43.84,2025-01-28 00:55:00,NORMAL
199,45,239.56,8.41,6.96,1.45,1.67,0.89,57.77,81.21,2025-01-28 01:00:00,LEAKAGE_WARNING
139,20,219.79,6.79,5.42,1.37,1.19,0.79,35.61,46.23,2025-01-28 01:05:00,LEAKAGE_WARNING
165,29,237.87,11.98,11.41,0.57,2.71,0.77,62.31,49.22,2025-01-28 01:10:00,NORMAL
172,29,239.02,5.55,5.53,0.02,1.32,0.92,24.44,33.78,2025-01-28 01:15:00,NORMAL
186,23,223.48,6.98,7.05,0.07,1.58,0.94,34.75,88.66,2025-01-28 01:20:00,NORMAL
178,21,237.8,11.01,11.0,0.01,2.62,0.89,42.39,77.72,2025-01-28 01:25:00,NORMAL
176,48,228.62,9.97,10.64,0.67,2.43,0.94,55.06,38.89,2025-01-28 01:30:00,NORMAL
122,43,223.82,12.92,12.38,0.54,2.77,0.81,39.44,59.37,2025-01-28 01:35:00,NORMAL
180,10,228.04,8.71,7.85,0.86,1.79,0.72,34.08,50.2,2025-01-28 01:40:00,NORMAL
147,41,231.68,11.54,11.41,0.13,2.64,0.88,19.35,31.94,2025-01-28 01:45:00,NORMAL
101,12,226.97,9.65,8.4,1.25,1.91,0.78,35.03,85.63,2025-01-28 01:50:00,LEAKAGE_WARNING
183,30,222.08,11.1,9.54,1.56,2.12,0.93,55.14,80.36,2025-01-28 01:55:00,LEAKAGE_WARNING
119,33,233.93,10.34,9.7,0.64,2.27,0.81,67.32,89.22,2025-01-28 02:00:00,NORMAL
158,18,235.6,11.01,11.15,0.14,2.63,0.9,29.36,44.55,2025-01-28 02:05:00,NORMAL
145,14,231.46,10.43,10.66,0.23,2.47,0.87,30.76,71.97,2025-01-28 02:10:00,NORMAL
102,22,213.82,10.59,10.0,0.59,2.14,0.95,33.95,37.09,2025-01-28 02:15:00,NORMAL
154,21,224.15,7.82,7.09,0.73,1.59,0.95,43.24,55.88,2025-01-28 02:20:00,NORMAL
111,1,221.56,10.15,10.28,0.13,2.28,0.72,47.91,80.8,2025-01-28 02:25:00,NORMAL
139,49,247.31,11.21,11.59,0.38,2.87,0.79,40.4,30.48,2025-01-28 02:30:00,NORMAL
165,43,231.18,9.9,10.56,0.66,2.44,0.96,21.29,58.84,2025-01-28 02:35:00,NORMAL
199,15,227.2,9.8,10.12,0.32,2.3,0.82,14.52,56.08,2025-01-28 02:40:00,NORMAL
177,36,224.41,6.23,6.24,0.01,1.4,0.85,37.6,71.46,2025-01-28 02:45:00,NORMAL
115,47,228.75,13.07,12.32,0.75,2.82,0.76,52.98,44.28,2025-01-28 02:50:00,NORMAL
182,22,237.52,7.26,7.35,0.09,1.75,0.87,45.1,40.4,2025-01-28 02:55:00,NORMAL
133,32,211.7,8.76,10.09,1.33,2.14,0.78,70.26,69.04,2025-01-28 03:00:00,LEAKAGE_WARNING
143,46,232.3,8.42,8.55,0.13,1.99,0.95,22.22,68.48,2025-01-28 03:05:00,NORMAL
105,33,224.95,10.59,10.56,0.03,2.38,0.76,46.53,75.11,2025-01-28 03:10:00,NORMAL
176,41,234.31,10.68,10.66,0.02,2.5,0.81,65.92,44.81,2025-01-28 03:15:00,NORMAL
163,39,237.99,11.32,12.41,1.09,2.95,0.73,40.52,30.98,2025-01-28 03:20:00,LEAKAGE_WARNING
199,23,223.04,11.41,11.38,0.03,2.54,0.88,25.84,82.68,2025-01-28 03:25:00,NORMAL
121,43,216.31,13.45,12.59,0.86,2.72,0.98,4.43,42.38,2025-01-28 03:30:00,NORMAL
117,2,226.96,9.39,9.42,0.03,2.14,0.75,40.22,55.08,2025-01-28 03:35:00,NORMAL
111,2,242.87,8.34,8.48,0.14,2.06,0.71,37.32,58.11,2025-01-28 03:40:00,NORMAL
151,38,238.36,9.53,9.72,0.19,2.32,0.83,35.26,41.24,2025-01-28 03:45:00,NORMAL
193,29,226.22,7.79,7.51,0.28,1.7,0.92,49.49,61.25,2025-01-28 03:50:00,NORMAL
150,46,223.65,9.31,9.87,0.56,2.21,0.99,72.23,84.86,2025-01-28 03:55:00,NORMAL
170,3,224.41,6.9,7.27,0.37,1.63,0.72,24.4,46.28,2025-01-28 04:00:00,NORMAL
195,39,217.02,8.33,7.57,0.76,1.64,0.94,30.59,61.22,2025-01-28 04:05:00,NORMAL
147,7,237.85,6.63,6.09,0.54,1.45,0.81,42.79,48.52,2025-01-28 04:10:00,NORMAL
118,36,239.67,12.42,12.49,0.07,2.99,0.75,55.81,88.84,2025-01-28 04:15:00,NORMAL
105,29,226.13,10.22,9.78,0.44,2.21,0.76,39.23,43.24,2025-01-28 04:20:00,NORMAL
183,37,224.99,13.76,14.02,0.26,3.15,0.98,53.75,36.56,2025-01-28 04:25:00,NORMAL
126,49,223.02,12.22,12.49,0.27,2.79,0.94,23.41,38.56,2025-01-28 04:30:00,NORMAL
152,36,225.5,12.42,12.7,0.28,2.86,0.79,45.71,52.02,2025-01-28 04:35:00,NORMAL
147,23,222.65,9.72,10.3,0.58,2.29,0.98,44.79,63.17,2025-01-28 04:40:00,NORMAL
106,45,228.45,10.98,10.83,0.15,2.47,0.73,68.52,70.08,2025-01-28 04:45:00,NORMAL
158,16,237.86,8.21,7.01,1.2,1.67,0.8,62.02,63.74,2025-01-28 04:50:00,LEAKAGE_WARNING
168,48,236.83,8.94,9.74,0.8,2.31,0.9,46.72,84.33,2025-01-28 04:55:00,NORMAL
110,31,221.61,10.03,8.99,1.04,1.99,1.0,30.75,51.62,2025-01-28 05:00:00,LEAKAGE_WARNING
114,34,231.52,6.52,7.68,1.16,1.78,0.84,9.99,72.74,2025-01-28 05:05:00,LEAKAGE_WARNING
163,1,236.46,8.99,8.54,0.45,2.02,0.94,31.72,46.09,2025-01-28 05:10:00,NORMAL
102,18,220.6,11.59,12.32,0.73,2.72,0.97,77.8,70.91,2025-01-28 05:15:00,NORMAL
168,40,231.41,9.02,8.56,0.46,1.98,0.7,17.82,85.55,2025-01-28 05:20:00,NORMAL
122,43,242.14,8.53,8.74,0.21,2.12,0.79,31.29,88.7,2025-01-28 05:25:00,NORMAL
152,15,227.55,9.23,8.67,0.56,1.97,0.73,46.92,73.78,2025-01-28 05:30:00,NORMAL
136,48,209.82,11.5,11.7,0.2,2.45,0.93,63.99,86.55,2025-01-28 05:35:00,NORMAL
108,49,204.83,10.72,10.27,0.45,2.1,0.87,25.82,70.83,2025-01-28 05:40:00,NORMAL
114,17,233.11,9.55,9.46,0.09,2.21,0.73,51.96,87.79,2025-01-28 05:45:00,NORMAL
102,44,231.07,10.04,9.24,0.8,2.14,0.83,33.2,83.88,2025-01-28 05:50:00,NORMAL
192,10,231.88,11.71,11.61,0.1,2.69,0.85,26.72,36.4,2025-01-28 05:55:00,NORMAL
169,20,234.89,12.61,12.31,0.3,2.89,0.91,36.07,58.45,2025-01-28 06:00:00,NORMAL
116,6,215.21,9.05,8.82,0.23,1.9,0.93,44.32,50.85,2025-01-28 06:05:00,NORMAL
125,8,221.93,9.84,9.2,0.64,2.04,0.73,25.96,31.62,2025-01-28 06:10:00,NORMAL
120,45,234.23,12.49,11.82,0.67,2.77,0.85,61.73,58.01,2025-01-28 06:15:00,NORMAL
171,34,237.36,11.05,10.83,0.22,2.57,0.75,66.74,38.9,2025-01-28 06:20:00,NORMAL
120,32,227.43,7.19,7.86,0.67,1.79,0.93,34.35,32.19,2025-01-28 06:25:00,NORMAL
110,42,215.68,8.21,8.5,0.29,1.83,0.9,56.68,56.7,2025-01-28 06:30:00,NORMAL
137,4,233.4,8.28,7.69,0.59,1.79,0.92,22.09,43.94,2025-01-28 06:35:00,NORMAL
171,44,230.51,9.17,9.75,0.58,2.25,0.72,42.23,86.12,2025-01-28 06:40:00,NORMAL
187,39,219.42,10.74,10.91,0.17,2.39,0.85,57.56,78.76,2025-01-28 06:45:00,NORMAL
134,20,210.16,13.77,13.88,0.11,2.92,0.95,55.76,87.37,2025-01-28 06:50:00,NORMAL
113,24,235.71,9.83,9.75,0.08,2.3,0.91,47.18,82.89,2025-01-28 06:55:00,NORMAL
113,24,223.83,11.32,11.31,0.01,2.53,0.96,62.99,73.68,2025-01-28 07:00:00,NORMAL
109,26,231.87,12.27,12.05,0.22,2.79,0.76,33.95,65.86,2025-01-28 07:05:00,NORMAL
111,25,231.5,12.97,13.31,0.34,3.08,0.79,46.32,33.93,2025-01-28 07:10:00,NORMAL
137,36,218.53,12.27,12.51,0.24,2.73,0.83,45.79,45.95,2025-01-28 07:15:00,NORMAL
133,7,234.18,8.51,7.42,1.09,1.74,0.86,51.3,72.64,2025-01-28 07:20:00,LEAKAGE_WARNING
140,10,221.4,7.1,6.2,0.9,1.37,0.78,54.09,54.07,2025-01-28 07:25:00,NORMAL
109,47,215.05,8.74,8.29,0.45,1.78,0.81,25.58,49.52,2025-01-28 07:30:00,NORMAL
116,12,213.77,10.34,9.84,0.5,2.1,0.91,55.24,36.24,2025-01-28 07:35:00,NORMAL
116,1,229.97,8.51,8.18,0.33,1.88,0.89,26.91,34.21,2025-01-28 07:40:00,NORMAL
166,25,245.94,6.75,6.59,0.16,1.62,0.73,58.81,42.6,2025-01-28 07:45:00,NORMAL
161,16,230.41,7.57,7.81,0.24,1.8,1.0,71.27,80.07,2025-01-28 07:50:00,NORMAL
194,5,247.83,16.01,15.09,0.92,3.74,0.87,37.49,69.78,2025-01-28 07:55:00,NORMAL
100,19,244.49,9.56,8.44,1.12,2.06,0.85,30.91,50.46,2025-01-28 08:00:00,LEAKAGE_WARNING
111,4,235.16,13.6,13.69,0.09,3.22,0.99,69.94,33.66,2025-01-28 08:05:00,NORMAL
103,6,245.74,9.53,8.79,0.74,2.16,0.74,43.99,41.3,2025-01-28 08:10:00,NORMAL
141,26,244.61,11.59,11.62,0.03,2.84,0.86,24.82,56.99,2025-01-28 08:15:00,NORMAL
112,49,241.79,9.71,9.92,0.21,2.4,0.94,31.21,39.19,2025-01-28 08:20:00,NORMAL
197,39,211.16,10.01,10.04,0.03,2.12,0.82,32.03,75.76,2025-01-28 08:25:00,NORMAL
184,39,227.63,11.56,11.57,0.01,2.63,0.92,63.07,77.32,2025-01-28 08:30:00,NORMAL
185,9,223.06,9.2,8.72,0.48,1.95,0.97,29.82,38.21,2025-01-28 08:35:00,NORMAL
103,45,241.71,7.61,7.65,0.04,1.85,0.78,9.87,73.61,2025-01-28 08:40:00,NORMAL
181,14,226.93,8.39,7.78,0.61,1.77,0.77,44.25,60.73,2025-01-28 08:45:00,NORMAL
168,48,247.52,8.38,8.56,0.18,2.12,0.81,49.43,87.74,2025-01-28 08:50:00,NORMAL
118,9,231.02,10.17,10.02,0.15,2.31,0.83,53.58,77.25,2025-01-28 08:55:00,NORMAL
101,15,229.72,6.21,6.6,0.39,1.52,0.73,4.33,65.12,2025-01-28 09:00:00,NORMAL
111,37,226.21,10.61,11.08,0.47,2.51,0.77,42.24,66.22,2025-01-28 09:05:00,NORMAL
180,20,228.15,12.53,12.17,0.36,2.78,0.96,38.54,40.73,2025-01-28 09:10:00,NORMAL
173,8,232.69,8.98,8.75,0.23,2.04,0.87,51.29,83.62,2025-01-28 09:15:00,NORMAL
197,32,229.34,8.69,8.74,0.05,2.0,0.78,15.2,63.55,2025-01-28 09:20:00,NORMAL
105,47,225.35,13.93,14.21,0.28,3.2,0.98,47.25,64.45,2025-01-28 09:25:00,NORMAL
107,21,225.94,12.94,13.34,0.4,3.01,0.93,47.72,64.53,2025-01-28 09:30:00,NORMAL
150,41,248.21,10.86,10.5,0.36,2.61,0.81,62.03,46.57,2025-01-28 09:35:00,NORMAL
110,19,249.98,8.5,8.66,0.16,2.16,0.93,50.31,78.73,2025-01-28 09:40:00,NORMAL
162,29,225.29,11.17,10.17,1.0,2.29,0.88,55.43,81.74,2025-01-28 09:45:00,NORMAL
156,31,238.49,7.98,7.71,0.27,1.84,0.91,26.43,47.27,2025-01-28 09:50:00,NORMAL
111,6,221.72,7.35,6.9,0.45,1.53,0.8,43.39,56.51,2025-01-28 09:55:00,NORMAL
172,4,226.73,10.9,10.01,0.89,2.27,0.76,64.53,40.75,2025-01-28 10:00:00,NORMAL
101,43,219.12,9.04,9.27,0.23,2.03,0.78,37.51,44.31,2025-01-28 10:05:00,NORMAL
107,29,240.2,5.95,5.54,0.41,1.33,0.73,56.6,50.16,2025-01-28 10:10:00,NORMAL
110,42,234.85,11.17,10.73,0.44,2.52,0.84,30.46,84.12,2025-01-28 10:15:00,NORMAL
152,3,236.75,12.92,12.99,0.07,3.08,0.82,41.49,67.57,2025-01-28 10:20:00,NORMAL
199,1,238.88,11.32,11.9,0.58,2.84,0.7,20.65,65.28,2025-01-28 10:25:00,NORMAL
109,44,221.3,9.0,9.89,0.89,2.19,0.96,43.62,86.81,2025-01-28 10:30:00,NORMAL
184,15,226.76,5.72,5.99,0.27,1.36,0.9,32.29,77.48,2025-01-28 10:35:00,NORMAL
183,47,234.45,10.29,9.55,0.74,2.24,0.83,62.09,30.96,2025-01-28 10:40:00,NORMAL
107,21,226.54,8.69,8.9,0.21,2.02,0.99,75.42,37.46,2025-01-28 10:45:00,NORMAL
135,46,230.69,8.2,7.53,0.67,1.74,0.98,19.01,44.87,2025-01-28 10:50:00,NORMAL
192,31,222.0,6.11,6.31,0.2,1.4,0.73,26.35,48.24,2025-01-28 10:55:00,NORMAL
175,7,243.3,13.75,13.54,0.21,3.29,0.88,58.77,80.04,2025-01-28 11:00:00,NORMAL
113,17,239.39,7.81,7.36,0.45,1.76,0.95,33.42,76.19,2025-01-28 11:05:00,NORMAL
153,19,242.37,6.36,5.66,0.7,1.37,0.75,43.64,38.73,2025-01-28 11:10:00,NORMAL
184,39,236.59,13.39,13.43,0.04,3.18,0.74,67.58,62.04,2025-01-28 11:15:00,NORMAL
185,3,219.06,10.06,10.2,0.14,2.23,0.78,68.0,36.55,2025-01-28 11:20:00,NORMAL
120,30,225.2,9.75,10.55,0.8,2.38,0.78,25.34,40.37,2025-01-28 11:25:00,NORMAL
149,35,222.98,10.62,10.65,0.03,2.37,0.99,73.9,44.53,2025-01-28 11:30:00,NORMAL
193,29,227.43,10.87,9.02,1.85,2.05,0.93,54.98,84.32,2025-01-28 11:35:00,LEAKAGE_WARNING
138,14,240.58,10.43,10.35,0.08,2.49,0.72,60.01,51.94,2025-01-28 11:40:00,NORMAL
119,35,215.27,6.99,7.52,0.53,1.62,0.94,34.9,84.95,2025-01-28 11:45:00,NORMAL
187,28,224.16,6.83,6.72,0.11,1.51,0.75,33.37,75.04,2025-01-28 11:50:00,NORMAL
186,30,226.06,8.54,7.98,0.56,1.8,0.81,18.78,74.96,2025-01-28 11:55:00,NORMAL
106,26,216.86,8.98,9.09,0.11,1.97,0.8,26.26,78.21,2025-01-28 12:00:00,NORMAL
108,7,232.05,9.28,9.64,0.36,2.24,0.78,55.21,35.76,2025-01-28 12:05:00,NORMAL
100,39,226.58,10.46,9.0,1.46,2.04,0.79,51.85,78.88,2025-01-28 12:10:00,LEAKAGE_WARNING
125,31,241.12,9.44,9.05,0.39,2.18,0.93,56.76,45.16,2025-01-28 12:15:00,NORMAL
137,5,227.25,8.64,7.67,0.97,1.74,0.78,48.48,89.04,2025-01-28 12:20:00,NORMAL
137,35,234.59,10.79,10.79,0.0,2.53,0.94,44.59,80.89,2025-01-28 12:25:00,NORMAL
160,47,231.15,11.43,10.34,1.09,2.39,0.73,34.4,89.8,2025-01-28 12:30:00,LEAKAGE_WARNING
143,14,205.18,8.38,7.73,0.65,1.59,0.88,40.69,86.23,2025-01-28 12:35:00,NORMAL
185,36,215.65,7.26,6.8,0.46,1.47,0.96,58.41,51.58,2025-01-28 12:40:00,NORMAL
143,27,233.84,10.36,10.77,0.41,2.52,0.72,57.18,86.5,2025-01-28 12:45:00,NORMAL
173,24,233.38,9.16,9.33,0.17,2.18,0.89,48.73,49.81,2025-01-28 12:50:00,NORMAL
161,40,229.31,11.67,11.24,0.43,2.58,0.85,30.88,69.56,2025-01-28 12:55:00,NORMAL
105,29,243.3,8.03,8.0,0.03,1.95,0.8,37.72,79.12,2025-01-28 13:00:00,NORMAL
116,45,235.1,7.59,7.2,0.39,1.69,0.73,24.69,52.92,2025-01-28 13:05:00,NORMAL
150,22,245.7,8.73,8.77,0.04,2.15,0.9,39.58,42.23,2025-01-28 13:10:00,NORMAL
137,8,205.4,11.04,10.63,0.41,2.18,0.79,19.9,83.69,2025-01-28 13:15:00,NORMAL
123,15,247.34,9.3,9.43,0.13,2.33,0.8,39.9,36.2,2025-01-28 13:20:00,NORMAL
150,49,223.93,9.82,9.39,0.43,2.1,0.92,34.95,51.9,2025-01-28 13:25:00,NORMAL
109,5,230.25,9.01,9.31,0.3,2.14,0.98,44.78,62.43,2025-01-28 13:30:00,NORMAL
171,4,241.87,12.03,12.0,0.03,2.9,0.8,33.28,78.28,2025-01-28 13:35:00,NORMAL
120,11,208.85,10.97,10.88,0.09,2.27,0.92,55.96,82.13,2025-01-28 13:40:00,NORMAL
169,18,227.47,6.95,7.2,0.25,1.64,0.99,20.33,60.7,2025-01-28 13:45:00,NORMAL
184,42,240.09,11.8,11.92,0.12,2.86,0.73,21.07,64.4,2025-01-28 13:50:00,NORMAL
156,49,223.83,11.18,10.84,0.34,2.43,0.86,40.93,81.23,2025-01-28 13:55:00,NORMAL
138,30,239.14,12.17,11.62,0.55,2.78,0.7,48.95,58.02,2025-01-28 14:00:00,NORMAL
187,15,236.76,8.94,8.61,0.33,2.04,0.95,38.82,63.55,2025-01-28 14:05:00,NORMAL
132,6,231.69,8.12,7.67,0.45,1.78,0.79,40.08,31.11,2025-01-28 14:10:00,NORMAL
158,16,235.99,9.83,9.59,0.24,2.26,0.8,46.4,87.07,2025-01-28 14:15:00,NORMAL
117,47,242.95,10.33,10.48,0.15,2.55,0.91,52.45,64.01,2025-01-28 14:20:00,NORMAL
155,40,236.03,12.37,13.03,0.66,3.08,0.94,38.59,73.65,2025-01-28 14:25:00,NORMAL
191,9,239.29,11.27,11.33,0.06,2.71,0.82,47.84,44.87,2025-01-28 14:30:00,NORMAL
156,43,221.19,10.3,10.16,0.14,2.25,0.9,59.75,69.4,2025-01-28 14:35:00,NORMAL
195,34,235.82,9.74,9.85,0.11,2.32,0.99,24.47,57.6,2025-01-28 14:40:00,NORMAL
175,27,234.89,10.03,9.05,0.98,2.13,0.97,63.97,36.75,2025-01-28 14:45:00,NORMAL
147,13,241.24,9.21,8.87,0.34,2.14,0.91,62.83,79.81,2025-01-28 14:50:00,NORMAL
141,36,218.42,11.36,11.21,0.15,2.45,0.98,32.46,80.36,2025-01-28 14:55:00,NORMAL
126,27,240.74,7.1,6.63,0.47,1.6,0.96,52.81,33.82,2025-01-28 15:00:00,NORMAL
173,9,221.21,10.02,8.81,1.21,1.95,0.92,22.0,53.44,2025-01-28 15:05:00,LEAKAGE_WARNING
151,5,253.41,12.09,12.03,0.06,3.05,0.98,49.52,46.89,2025-01-28 15:10:00,NORMAL
141,22,221.12,7.73,8.01,0.28,1.77,0.95,65.47,60.98,2025-01-28 15:15:00,NORMAL
131,31,218.33,13.89,13.53,0.36,2.95,0.85,29.31,59.33,2025-01-28 15:20:00,NORMAL
125,3,227.09,7.85,8.22,0.37,1.87,0.85,33.62,69.39,2025-01-28 15:25:00,NORMAL
124,30,240.48,8.99,9.27,0.28,2.23,0.7,50.42,44.85,2025-01-28 15:30:00,NORMAL
174,21,233.55,12.05,11.14,0.91,2.6,0.71,39.8,43.3,2025-01-28 15:35:00,NORMAL
122,35,246.8,12.9,12.05,0.85,2.97,0.92,47.87,73.4,2025-01-28 15:40:00,NORMAL
197,6,227.0,10.71,10.18,0.53,2.31,0.87,81.66,88.57,2025-01-28 15:45:00,OVERHEAT
156,28,225.1,10.66,10.27,0.39,2.31,0.93,38.78,86.78,2025-01-28 15:50:00,NORMAL
151,32,222.66,13.58,13.99,0.41,3.12,0.98,21.48,77.52,2025-01-28 15:55:00,NORMAL
186,42,224.74,7.26,7.46,0.2,1.68,0.84,35.1,34.05,2025-01-28 16:00:00,NORMAL
192,37,216.03,6.55,5.69,0.86,1.23,0.73,47.78,44.27,2025-01-28 16:05:00,NORMAL
130,25,223.51,6.15,6.2,0.05,1.39,0.89,25.81,71.38,2025-01-28 16:10:00,NORMAL
163,32,217.9,8.3,8.5,0.2,1.85,0.73,34.74,47.75,2025-01-28 16:15:00,NORMAL
170,35,237.19,8.57,8.46,0.11,2.01,0.89,62.76,53.62,2025-01-28 16:20:00,NORMAL
132,22,244.8,10.76,10.27,0.49,2.51,0.86,69.48,87.22,2025-01-28 16:25:00,NORMAL
184,24,232.22,12.02,11.92,0.1,2.77,0.91,39.09,35.18,2025-01-28 16:30:00,NORMAL
101,39,223.26,11.82,11.71,0.11,2.61,0.81,39.48,81.67,2025-01-28 16:35:00,NORMAL
117,30,237.44,11.76,12.65,0.89,3.0,0.74,26.6,33.02,2025-01-28 16:40:00,NORMAL
146,32,229.61,8.08,7.92,0.16,1.82,0.77,48.81,50.28,2025-01-28 16:45:00,NORMAL
132,31,240.15,10.77,10.07,0.7,2.42,0.91,80.85,63.32,2025-01-28 16:50:00,OVERHEAT
197,23,220.55,8.53,8.36,0.17,1.84,0.84,39.47,51.38,2025-01-28 16:55:00,NORMAL
183,40,221.24,11.2,9.97,1.23,2.21,0.86,40.0,87.43,2025-01-28 17:00:00,LEAKAGE_WARNING
134,33,237.26,10.09,10.25,0.16,2.43,0.8,52.44,60.26,2025-01-28 17:05:00,NORMAL
150,25,229.8,11.77,11.81,0.04,2.71,0.95,38.22,74.03,2025-01-28 17:10:00,NORMAL
117,36,239.27,14.75,14.89,0.14,3.56,1.0,38.48,72.12,2025-01-28 17:15:00,NORMAL
187,24,221.41,9.93,10.08,0.15,2.23,0.79,65.73,80.11,2025-01-28 17:20:00,NORMAL
171,31,234.34,7.79,7.32,0.47,1.72,0.92,25.61,81.83,2025-01-28 17:25:00,NORMAL
129,39,235.46,6.74,6.68,0.06,1.57,0.75,28.76,57.98,2025-01-28 17:30:00,NORMAL
143,46,214.63,8.21,7.04,1.17,1.51,0.92,54.66,81.78,2025-01-28 17:35:00,LEAKAGE_WARNING
152,13,229.97,12.13,11.81,0.32,2.72,0.83,42.75,69.21,2025-01-28 17:40:00,NORMAL
109,10,209.84,10.97,11.21,0.24,2.35,0.88,28.87,71.16,2025-01-28 17:45:00,NORMAL
186,23,244.7,10.46,10.76,0.3,2.63,0.77,49.36,40.39,2025-01-28 17:50:00,NORMAL
151,18,216.82,10.76,9.73,1.03,2.11,0.96,40.0,44.71,2025-01-28 17:55:00,LEAKAGE_WARNING
148,32,228.11,11.44,11.13,0.31,2.54,0.75,47.57,71.26,2025-01-28 18:00:00,NORMAL
110,33,229.95,6.89,6.04,0.85,1.39,0.98,40.76,45.94,2025-01-28 18:05:00,NORMAL
165,36,220.38,11.97,11.74,0.23,2.59,0.72,22.8,59.4,2025-01-28 18:10:00,NORMAL
157,28,248.49,10.78,10.57,0.21,2.63,0.79,60.89,59.4,2025-01-28 18:15:00,NORMAL
189,16,223.08,7.12,6.25,0.87,1.39,0.87,70.39,44.04,2025-01-28 18:20:00,NORMAL
135,16,227.3,10.67,10.28,0.39,2.34,0.96,31.19,63.99,2025-01-28 18:25:00,NORMAL
132,18,223.11,7.4,7.02,0.38,1.57,0.87,69.16,63.83,2025-01-28 18:30:00,NORMAL
146,8,223.02,11.02,11.02,0.0,2.46,0.76,43.41,37.74,2025-01-28 18:35:00,NORMAL
112,42,228.91,10.24,9.6,0.64,2.2,0.96,-0.44,52.87,2025-01-28 18:40:00,NORMAL
139,16,237.03,7.98,7.82,0.16,1.85,0.88,51.38,51.95,2025-01-28 18:45:00,NORMAL
188,11,231.6,10.83,10.91,0.08,2.53,0.77,11.98,63.73,2025-01-28 18:50:00,NORMAL
167,6,222.41,11.62,10.34,1.28,2.3,0.87,37.67,74.96,2025-01-28 18:55:00,LEAKAGE_WARNING
141,1,229.94,8.85,8.8,0.05,2.02,0.9,55.6,31.09,2025-01-28 19:00:00,NORMAL
118,12,216.33,11.56,11.76,0.2,2.54,0.9,52.13,37.95,2025-01-28 19:05:00,NORMAL
181,38,241.83,9.44,8.67,0.77,2.1,0.92,34.19,48.12,2025-01-28 19:10:00,NORMAL
193,28,224.94,11.75,11.21,0.54,2.52,0.97,54.42,78.62,2025-01-28 19:15:00,NORMAL
118,45,225.48,9.81,9.94,0.13,2.24,0.95,58.52,58.83,2025-01-28 19:20:00,NORMAL
157,17,210.54,12.35,12.19,0.16,2.57,0.88,35.96,60.65,2025-01-28 19:25:00,NORMAL
122,1,224.93,8.17,7.64,0.53,1.72,0.71,39.88,54.55,2025-01-28 19:30:00,NORMAL
153,32,246.82,8.23,7.92,0.31,1.95,0.92,47.99,54.91,2025-01-28 19:35:00,NORMAL
179,8,236.12,8.42,7.83,0.59,1.85,0.99,27.64,88.65,2025-01-28 19:40:00,NORMAL
164,40,241.09,10.25,10.05,0.2,2.42,0.79,32.85,83.92,2025-01-28 19:45:00,NORMAL
111,43,231.17,9.7,9.09,0.61,2.1,0.88,59.99,73.55,2025-01-28 19:50:00,NORMAL
123,46,203.8,10.57,10.52,0.05,2.14,0.93,79.46,49.44,2025-01-28 19:55:00,NORMAL
133,24,230.7,7.67,7.79,0.12,1.8,0.89,54.11,60.82,2025-01-28 20:00:00,NORMAL
152,10,232.01,8.57,7.84,0.73,1.82,0.98,48.97,71.36,2025-01-28 20:05:00,NORMAL
107,47,238.96,12.54,12.19,0.35,2.91,0.84,72.44,53.67,2025-01-28 20:10:00,NORMAL
117,39,229.63,10.74,10.2,0.54,2.34,0.86,31.11,61.47,2025-01-28 20:15:00,NORMAL
156,39,222.28,11.25,10.44,0.81,2.32,0.71,46.24,38.74,2025-01-28 20:20:00,NORMAL
104,10,229.01,9.49,9.58,0.09,2.19,0.97,57.43,35.61,2025-01-28 20:25:00,NORMAL
125,36,226.58,10.59,10.12,0.47,2.29,0.78,32.54,40.04,2025-01-28 20:30:00,NORMAL
129,25,235.24,9.05,7.69,1.36,1.81,0.99,20.41,75.34,2025-01-28 20:35:00,LEAKAGE_WARNING
153,10,229.03,6.3,6.18,0.12,1.42,0.76,57.34,41.4,2025-01-28 20:40:00,NORMAL
112,19,220.1,12.07,12.47,0.4,2.74,0.78,59.28,85.48,2025-01-28 20:45:00,NORMAL
182,46,235.67,10.36,9.75,0.61,2.3,0.85,57.65,52.11,2025-01-28 20:50:00,NORMAL
128,45,222.61,8.54,9.17,0.63,2.04,0.9,57.92,40.14,2025-01-28 20:55:00,NORMAL
102,15,226.84,10.0,10.35,0.35,2.35,0.83,46.34,79.51,2025-01-28 21:00:00,NORMAL
189,16,225.36,9.07,8.87,0.2,2.0,0.81,47.14,57.4,2025-01-28 21:05:00,NORMAL
157,2,232.37,13.0,12.81,0.19,2.98,0.86,48.45,53.31,2025-01-28 21:10:00,NORMAL
175,29,216.29,11.34,11.05,0.29,2.39,0.99,61.62,49.77,2025-01-28 21:15:00,NORMAL
101,4,230.32,7.7,6.4,1.3,1.47,0.99,49.19,49.83,2025-01-28 21:20:00,LEAKAGE_WARNING
174,29,240.8,7.43,7.19,0.24,1.73,0.8,46.29,69.81,2025-01-28 21:25:00,NORMAL
127,31,230.96,10.5,10.59,0.09,2.45,0.9,50.01,62.44,2025-01-28 21:30:00,NORMAL
181,17,223.33,10.27,10.39,0.12,2.32,0.92,51.69,58.06,2025-01-28 21:35:00,NORMAL
176,10,226.34,11.04,11.07,0.03,2.51,0.9,29.12,56.82,2025-01-28 21:40:00,NORMAL
185,27,232.96,9.71,10.12,0.41,2.36,0.73,65.83,38.52,2025-01-28 21:45:00,NORMAL
175,41,235.6,8.71,8.23,0.48,1.94,0.86,35.06,79.67,2025-01-28 21:50:00,NORMAL
101,15,245.04,11.02,10.67,0.35,2.61,0.93,46.07,85.61,2025-01-28 21:55:00,NORMAL
106,44,213.74,11.19,10.76,0.43,2.3,0.76,30.92,78.13,2025-01-28 22:00:00,NORMAL
125,31,232.63,12.51,11.91,0.6,2.77,0.8,41.96,57.08,2025-01-28 22:05:00,NORMAL
189,21,231.85,11.47,10.96,0.51,2.54,0.76,53.04,88.33,2025-01-28 22:10:00,NORMAL
187,41,229.33,8.33,8.82,0.49,2.02,0.97,49.69,67.12,2025-01-28 22:15:00,NORMAL
175,46,233.55,10.51,10.45,0.06,2.44,0.96,36.95,76.44,2025-01-28 22:20:00,NORMAL
115,45,227.7,9.43,9.35,0.08,2.13,0.75,34.69,74.47,2025-01-28 22:25:00,NORMAL
122,26,220.01,8.11,7.22,0.89,1.59,0.93,48.9,72.47,2025-01-28 22:30:00,NORMAL
139,38,232.14,6.42,5.49,0.93,1.27,0.81,61.21,68.52,2025-01-28 22:35:00,NORMAL
159,36,236.49,14.5,14.51,0.01,3.43,0.91,66.51,42.7,2025-01-28 22:40:00,NORMAL
172,17,229.53,8.88,9.18,0.3,2.11,0.85,75.22,47.67,2025-01-28 22:45:00,NORMAL
131,3,240.59,9.75,9.47,0.28,2.28,0.84,34.47,83.2,2025-01-28 22:50:00,NORMAL
114,14,227.63,10.44,10.4,0.04,2.37,0.96,33.45,40.8,2025-01-28 22:55:00,NORMAL
112,49,234.61,10.22,10.06,0.16,2.36,0.89,43.23,39.12,2025-01-28 23:00:00,NORMAL
104,13,214.18,4.96,4.15,0.81,0.89,0.77,42.38,47.05,2025-01-28 23:05:00,NORMAL
174,41,252.42,9.67,9.34,0.33,2.36,0.73,23.53,51.75,2025-01-28 23:10:00,NORMAL
173,27,227.72,13.54,13.58,0.04,3.09,0.98,57.6,63.19,2025-01-28 23:15:00,NORMAL
151,1,225.12,9.58,9.71,0.13,2.19,0.75,33.37,66.33,2025-01-28 23:20:00,NORMAL
176,17,227.34,13.27,13.79,0.52,3.14,0.92,35.3,77.44,2025-01-28 23:25:00,NORMAL
140,48,220.51,10.06,9.58,0.48,2.11,0.85,51.46,34.4,2025-01-28 23:30:00,NORMAL
152,34,218.31,9.3,8.96,0.34,1.96,0.74,27.08,42.49,2025-01-28 23:35:00,NORMAL
149,14,230.41,10.29,9.81,0.48,2.26,0.93,41.2,60.31,2025-01-28 23:40:00,NORMAL
114,17,231.14,10.08,9.89,0.19,2.29,0.97,56.11,45.05,2025-01-28 23:45:00,NORMAL
106,3,232.24,10.03,10.36,0.33,2.41,0.74,45.74,82.41,2025-01-28 23:50:00,NORMAL
139,34,229.66,8.84,8.61,0.23,1.98,0.72,56.2,68.41,2025-01-28 23:55:00,NORMAL
127,40,229.17,7.27,6.5,0.77,1.49,0.95,59.73,59.41,2025-01-29 00:00:00,NORMAL
131,25,217.97,11.12,10.89,0.23,2.37,0.85,43.73,30.03,2025-01-29 00:05:00,NORMAL
198,2,225.13,10.19,9.17,1.02,2.06,0.9,-5.28,81.52,2025-01-29 00:10:00,LEAKAGE_WARNING
114,34,231.61,13.33,13.0,0.33,3.01,0.83,63.43,57.65,2025-01-29 00:15:00,NORMAL
199,26,224.61,9.93,8.75,1.18,1.97,0.82,44.29,61.88,2025-01-29 00:20:00,LEAKAGE_WARNING
184,31,232.92,6.97,5.75,1.22,1.34,0.79,56.86,71.9,2025-01-29 00:25:00,LEAKAGE_WARNING
169,9,228.65,10.64,10.89,0.25,2.49,0.87,65.51,86.25,2025-01-29 00:30:00,NORMAL
164,30,228.57,10.15,10.27,0.12,2.35,0.75,17.62,39.49,2025-01-29 00:35:00,NORMAL
103,20,232.07,9.14,9.17,0.03,2.13,0.92,44.94,34.27,2025-01-29 00:40:00,NORMAL
110,21,234.85,11.24,11.89,0.65,2.79,0.86,68.15,37.31,2025-01-29 00:45:00,NORMAL
125,29,237.08,11.0,10.57,0.43,2.51,0.95,41.91,74.44,2025-01-29 00:50:00,NORMAL
160,25,249.83,7.61,7.19,0.42,1.8,0.98,59.64,37.76,2025-01-29 00:55:00,NORMAL
136,38,238.64,9.06,8.76,0.3,2.09,0.97,28.57,60.06,2025-01-29 01:00:00,NORMAL
122,44,215.2,12.19,12.6,0.41,2.71,0.88,52.18,72.39,2025-01-29 01:05:00,NORMAL
192,25,219.16,8.04,7.05,0.99,1.55,0.8,26.23,72.77,2025-01-29 01:10:00,NORMAL
184,9,227.25,9.66,10.4,0.74,2.36,0.81,58.52,54.38,2025-01-29 01:15:00,NORMAL
190,39,222.37,10.45,10.91,0.46,2.43,0.9,38.22,71.92,2025-01-29 01:20:00,NORMAL
139,44,233.9,7.69,7.05,0.64,1.65,0.91,66.44,87.0,2025-01-29 01:25:00,NORMAL
176,26,234.97,9.8,9.44,0.36,2.22,0.75,66.99,31.68,2025-01-29 01:30:00,NORMAL
122,37,225.16,9.74,9.85,0.11,2.22,1.0,35.94,70.28,2025-01-29 01:35:00,NORMAL
115,16,241.9,9.35,9.12,0.23,2.21,0.73,70.19,61.36,2025-01-29 01:40:00,NORMAL
193,37,244.54,6.94,6.68,0.26,1.63,0.88,36.21,42.76,2025-01-29 01:45:00,NORMAL
160,12,211.88,10.0,9.21,0.79,1.95,0.86,55.19,48.46,2025-01-29 01:50:00,NORMAL
167,24,215.71,8.76,9.17,0.41,1.98,0.88,44.52,80.23,2025-01-29 01:55:00,NORMAL
179,26,240.97,12.13,11.78,0.35,2.84,0.86,38.67,65.21,2025-01-29 02:00:00,NORMAL
130,20,238.7,10.83,10.09,0.74,2.41,0.72,57.02,30.87,2025-01-29 02:05:00,NORMAL
152,9,235.03,8.45,8.75,0.3,2.06,1.0,37.32,87.92,2025-01-29 02:10:00,NORMAL
124,23,230.11,9.21,9.04,0.17,2.08,0.99,36.49,69.97,2025-01-29 02:15:00,NORMAL
143,39,228.97,10.25,10.08,0.17,2.31,0.86,45.09,56.56,2025-01-29 02:20:00,NORMAL
111,29,235.37,9.21,9.82,0.61,2.31,0.76,58.63,72.74,2025-01-29 02:25:00,NORMAL
189,31,231.76,6.97,6.62,0.35,1.53,0.75,48.54,42.27,2025-01-29 02:30:00,NORMAL
196,19,243.08,10.58,10.2,0.38,2.48,0.72,39.62,45.63,2025-01-29 02:35:00,NORMAL
191,20,223.19,11.05,10.1,0.95,2.25,0.88,37.3,39.13,2025-01-29 02:40:00,NORMAL
108,23,230.18,11.48,11.29,0.19,2.6,0.84,41.87,53.82,2025-01-29 02:45:00,NORMAL
111,43,238.9,11.88,11.46,0.42,2.74,0.82,53.18,84.28,2025-01-29 02:50:00,NORMAL
168,27,231.64,8.34,7.4,0.94,1.71,0.86,28.89,53.32,2025-01-29 02:55:00,NORMAL
153,30,236.73,11.57,11.69,0.12,2.77,0.96,35.08,47.29,2025-01-29 03:00:00,NORMAL
153,21,236.59,7.72,8.11,0.39,1.92,0.72,56.84,72.21,2025-01-29 03:05:00,NORMAL
127,44,225.75,10.71,10.45,0.26,2.36,0.86,32.59,82.18,2025-01-29 03:10:00,NORMAL
155,35,219.79,8.58,8.48,0.1,1.86,0.91,36.36,44.65,2025-01-29 03:15:00,NORMAL
198,49,222.52,10.84,10.69,0.15,2.38,0.99,44.54,78.48,2025-01-29 03:20:00,NORMAL
168,7,219.16,6.98,6.99,0.01,1.53,0.92,32.81,48.29,2025-01-29 03:25:00,NORMAL
197,22,211.44,11.09,11.31,0.22,2.39,0.86,38.1,44.84,2025-01-29 03:30:00,NORMAL
197,10,240.92,8.43,7.76,0.67,1.87,0.93,46.99,58.38,2025-01-29 03:35:00,NORMAL
176,23,211.14,10.97,10.78,0.19,2.28,1.0,55.77,34.0,2025-01-29 03:40:00,NORMAL
157,15,248.61,10.75,9.43,1.32,2.34,0.97,33.53,81.73,2025-01-29 03:45:00,LEAKAGE_WARNING
177,30,224.72,10.77,11.09,0.32,2.49,0.73,32.69,82.46,2025-01-29 03:50:00,NORMAL
174,34,227.22,10.1,8.9,1.2,2.02,0.87,62.1,70.64,2025-01-29 03:55:00,LEAKAGE_WARNING
141,13,214.85,7.67,7.32,0.35,1.57,0.94,35.28,48.17,2025-01-29 04:00:00,NORMAL
137,4,233.85,12.98,12.77,0.21,2.99,0.9,33.77,40.0,2025-01-29 04:05:00,NORMAL
167,18,227.39,9.74,10.09,0.35,2.29,0.83,15.05,71.93,2025-01-29 04:10:00,NORMAL
152,23,230.61,9.74,9.87,0.13,2.28,0.8,61.61,36.19,2025-01-29 04:15:00,NORMAL
132,33,222.13,12.77,11.94,0.83,2.65,0.89,65.62,54.67,2025-01-29 04:20:00,NORMAL
170,34,234.81,8.22,9.35,1.13,2.2,0.82,44.71,35.33,2025-01-29 04:25:00,LEAKAGE_WARNING
155,34,221.76,9.91,10.61,0.7,2.35,0.82,47.94,55.59,2025-01-29 04:30:00,NORMAL
171,36,230.79,10.34,10.95,0.61,2.53,0.95,45.01,38.07,2025-01-29 04:35:00,NORMAL
150,35,234.62,9.54,8.75,0.79,2.05,0.79,28.57,31.93,2025-01-29 04:40:00,NORMAL
173,17,244.51,10.55,10.01,0.54,2.45,0.89,54.31,56.98,2025-01-29 04:45:00,NORMAL
142,28,238.06,8.84,9.15,0.31,2.18,0.96,65.5,64.06,2025-01-29 04:50:00,NORMAL
114,14,230.9,9.86,9.9,0.04,2.29,0.89,44.97,56.36,2025-01-29 04:55:00,NORMAL
137,34,229.92,10.26,10.0,0.26,2.3,0.85,55.71,40.57,2025-01-29 05:00:00,NORMAL
114,48,233.13,12.73,12.02,0.71,2.8,0.71,31.85,34.65,2025-01-29 05:05:00,NORMAL
104,11,237.67,13.31,13.62,0.31,3.24,0.9,30.51,37.58,2025-01-29 05:10:00,NORMAL
192,13,222.56,10.34,10.07,0.27,2.24,1.0,52.02,73.63,2025-01-29 05:15:00,NORMAL
182,33,239.03,12.4,12.37,0.03,2.96,0.94,67.88,30.95,2025-01-29 05:20:00,NORMAL
153,2,220.63,8.55,8.4,0.15,1.85,0.89,35.91,81.8,2025-01-29 05:25:00,NORMAL
150,34,234.56,14.5,14.75,0.25,3.46,0.84,42.27,80.41,2025-01-29 05:30:00,NORMAL
109,29,235.41,9.51,9.21,0.3,2.17,0.77,52.88,82.83,2025-01-29 05:35:00,NORMAL
111,37,223.28,9.93,10.12,0.19,2.26,0.91,38.32,82.72,2025-01-29 05:40:00,NORMAL
103,4,214.58,11.06,10.81,0.25,2.32,0.75,52.28,70.05,2025-01-29 05:45:00,NORMAL
194,12,227.35,11.71,10.73,0.98,2.44,0.97,30.73,80.85,2025-01-29 05:50:00,NORMAL
117,26,203.7,9.66,8.94,0.72,1.82,0.81,51.53,73.82,2025-01-29 05:55:00,NORMAL
179,28,228.22,5.98,5.09,0.89,1.16,0.82,41.52,48.01,2025-01-29 06:00:00,NORMAL
135,3,217.52,11.31,10.95,0.36,2.38,0.76,21.04,75.31,2025-01-29 06:05:00,NORMAL
124,20,261.13,8.18,7.41,0.77,1.93,0.84,29.53,66.93,2025-01-29 06:10:00,VOLTAGE_FAULT
186,10,240.59,11.55,12.25,0.7,2.95,0.9,49.92,31.65,2025-01-29 06:15:00,NORMAL
175,18,230.72,11.5,12.15,0.65,2.8,0.79,65.34,77.18,2025-01-29 06:20:00,NORMAL
197,27,243.32,10.39,10.69,0.3,2.6,0.91,25.33,82.25,2025-01-29 06:25:00,NORMAL
135,31,237.05,11.81,12.08,0.27,2.86,0.89,60.27,61.05,2025-01-29 06:30:00,NORMAL
166,27,218.36,9.02,8.3,0.72,1.81,0.81,51.24,59.22,2025-01-29 06:35:00,NORMAL
108,42,223.75,12.75,13.3,0.55,2.98,0.79,59.4,55.64,2025-01-29 06:40:00,NORMAL
160,1,240.29,10.33,10.81,0.48,2.6,0.96,42.69,73.13,2025-01-29 06:45:00,NORMAL
152,6,220.39,9.63,9.49,0.14,2.09,0.7,54.46,42.93,2025-01-29 06:50:00,NORMAL
117,11,233.95,12.28,12.01,0.27,2.81,0.91,72.74,76.44,2025-01-29 06:55:00,NORMAL
142,34,236.75,8.67,8.03,0.64,1.9,0.83,47.86,47.54,2025-01-29 07:00:00,NORMAL
134,39,227.39,5.79,5.72,0.07,1.3,0.92,30.33,45.69,2025-01-29 07:05:00,NORMAL
162,20,231.52,7.5,7.39,0.11,1.71,0.85,66.75,78.55,2025-01-29 07:10:00,NORMAL
197,21,238.32,12.87,12.23,0.64,2.91,0.73,52.95,40.46,2025-01-29 07:15:00,NORMAL
177,21,237.84,10.5,10.75,0.25,2.56,0.99,48.67,81.75,2025-01-29 07:20:00,NORMAL
103,18,234.48,10.34,10.08,0.26,2.36,0.73,71.84,88.67,2025-01-29 07:25:00,NORMAL
192,21,229.87,11.82,11.34,0.48,2.61,0.75,66.11,49.19,2025-01-29 07:30:00,NORMAL
140,19,235.87,10.59,10.58,0.01,2.5,0.83,52.19,85.67,2025-01-29 07:35:00,NORMAL
144,4,209.78,9.45,8.82,0.63,1.85,0.98,31.44,63.98,2025-01-29 07:40:00,NORMAL
149,13,244.76,9.12,9.35,0.23,2.29,0.79,39.48,45.56,2025-01-29 07:45:00,NORMAL
178,18,228.67,7.65,6.67,0.98,1.53,0.87,47.86,57.16,2025-01-29 07:50:00,NORMAL
127,29,222.65,7.87,7.83,0.04,1.74,0.86,44.59,78.0,2025-01-29 07:55:00,NORMAL
141,25,235.99,10.35,10.37,0.02,2.45,0.8,37.89,70.0,2025-01-29 08:00:00,NORMAL
179,13,235.71,9.69,10.22,0.53,2.41,0.91,42.09,59.69,2025-01-29 08:05:00,NORMAL
175,27,220.24,10.98,11.34,0.36,2.5,0.85,60.77,45.44,2025-01-29 08:10:00,NORMAL
168,19,230.68,9.83,10.04,0.21,2.32,0.87,48.1,73.55,2025-01-29 08:15:00,NORMAL
197,49,230.37,7.87,8.23,0.36,1.9,0.76,37.94,48.8,2025-01-29 08:20:00,NORMAL
100,1,229.72,10.49,10.88,0.39,2.5,0.98,54.87,49.86,2025-01-29 08:25:00,NORMAL
138,38,246.24,10.37,10.15,0.22,2.5,0.73,53.41,74.81,2025-01-29 08:30:00,NORMAL
195,19,229.8,10.03,9.53,0.5,2.19,0.91,44.46,63.51,2025-01-29 08:35:00,NORMAL
189,1,228.7,10.31,9.97,0.34,2.28,0.97,28.36,41.15,2025-01-29 08:40:00,NORMAL
116,40,223.2,13.93,15.33,1.4,3.42,0.73,43.2,71.23,2025-01-29 08:45:00,LEAKAGE_WARNING
190,17,221.75,7.62,7.94,0.32,1.76,0.71,44.84,45.48,2025-01-29 08:50:00,NORMAL
187,21,233.92,8.09,7.32,0.77,1.71,0.8,58.22,75.63,2025-01-29 08:55:00,NORMAL
134,22,225.3,6.6,7.07,0.47,1.59,0.94,34.27,58.72,2025-01-29 09:00:00,NORMAL
145,15,228.12,10.19,10.05,0.14,2.29,0.92,40.85,65.7,2025-01-29 09:05:00,NORMAL
141,39,231.98,6.13,6.48,0.35,1.5,0.95,68.07,66.06,2025-01-29 09:10:00,NORMAL
138,48,230.64,10.45,9.6,0.85,2.21,0.82,41.43,38.81,2025-01-29 09:15:00,NORMAL
189,39,231.35,9.89,10.09,0.2,2.33,1.0,44.57,69.03,2025-01-29 09:20:00,NORMAL
148,32,231.31,8.85,8.31,0.54,1.92,0.81,72.39,82.03,2025-01-29 09:25:00,NORMAL
161,49,236.25,10.94,11.1,0.16,2.62,0.94,31.58,83.47,2025-01-29 09:30:00,NORMAL
137,4,256.41,10.59,11.6,1.01,2.97,0.81,64.74,71.31,2025-01-29 09:35:00,LEAKAGE_WARNING
122,44,242.29,13.21,12.77,0.44,3.09,0.77,39.27,88.14,2025-01-29 09:40:00,NORMAL
121,45,226.38,11.23,11.99,0.76,2.71,0.8,48.26,65.9,2025-01-29 09:45:00,NORMAL
103,32,242.16,9.87,10.13,0.26,2.45,0.76,49.39,45.29,2025-01-29 09:50:00,NORMAL
148,4,219.46,5.44,4.31,1.13,0.95,0.74,41.51,69.61,2025-01-29 09:55:00,LEAKAGE_WARNING
158,1,224.34,11.86,10.1,1.76,2.27,0.81,30.88,84.55,2025-01-29 10:00:00,LEAKAGE_WARNING
172,33,237.07,11.88,11.67,0.21,2.77,0.74,35.09,51.53,2025-01-29 10:05:00,NORMAL
167,7,236.76,12.65,12.9,0.25,3.05,0.85,41.95,45.89,2025-01-29 10:10:00,NORMAL
170,9,236.02,5.42,5.21,0.21,1.23,0.71,33.27,87.99,2025-01-29 10:15:00,NORMAL
186,1,224.1,10.41,10.87,0.46,2.44,0.83,44.92,75.99,2025-01-29 10:20:00,NORMAL
101,16,224.17,11.32,11.33,0.01,2.54,0.99,33.62,32.99,2025-01-29 10:25:00,NORMAL
148,18,231.31,12.4,11.4,1.0,2.64,0.81,31.52,63.67,2025-01-29 10:30:00,NORMAL
187,47,227.48,11.2,10.9,0.3,2.48,0.74,21.25,44.07,2025-01-29 10:35:00,NORMAL
194,6,238.88,10.12,10.63,0.51,2.54,0.79,70.27,47.21,2025-01-29 10:40:00,NORMAL
130,2,227.23,7.96,7.56,0.4,1.72,0.94,43.52,35.26,2025-01-29 10:45:00,NORMAL
139,9,226.93,9.77,10.43,0.66,2.37,0.79,34.89,43.86,2025-01-29 10:50:00,NORMAL
147,4,213.74,10.78,11.52,0.74,2.46,0.82,30.3,60.31,2025-01-29 10:55:00,NORMAL
150,45,238.75,11.57,10.99,0.58,2.62,0.94,36.82,34.71,2025-01-29 11:00:00,NORMAL
142,23,233.22,6.83,7.01,0.18,1.63,0.78,17.05,83.38,2025-01-29 11:05:00,NORMAL
197,43,207.14,10.59,9.6,0.99,1.99,0.84,35.99,76.52,2025-01-29 11:10:00,NORMAL
154,45,234.45,7.05,7.38,0.33,1.73,0.72,55.63,52.88,2025-01-29 11:15:00,NORMAL
187,43,225.99,10.53,9.72,0.81,2.2,0.75,35.31,37.81,2025-01-29 11:20:00,NORMAL
148,8,237.76,7.71,6.69,1.02,1.59,0.76,54.27,89.64,2025-01-29 11:25:00,LEAKAGE_WARNING
189,39,228.95,7.11,6.83,0.28,1.56,0.84,58.74,63.8,2025-01-29 11:30:00,NORMAL
179,25,221.96,13.62,13.57,0.05,3.01,0.95,54.66,55.38,2025-01-29 11:35:00,NORMAL
156,16,247.29,7.24,7.34,0.1,1.82,0.81,45.51,41.92,2025-01-29 11:40:00,NORMAL
176,35,245.72,8.73,8.8,0.07,2.16,0.81,62.63,42.19,2025-01-29 11:45:00,NORMAL
114,17,228.14,9.96,10.56,0.6,2.41,0.79,61.86,77.77,2025-01-29 11:50:00,NORMAL
126,18,233.73,5.84,5.32,0.52,1.24,0.8,34.4,61.19,2025-01-29 11:55:00,NORMAL
167,27,225.41,11.57,11.07,0.5,2.5,0.82,32.01,89.04,2025-01-29 12:00:00,NORMAL
179,15,212.94,8.6,8.51,0.09,1.81,0.97,38.39,87.19,2025-01-29 12:05:00,NORMAL
163,17,243.18,7.96,7.75,0.21,1.88,0.71,40.34,42.41,2025-01-29 12:10:00,NORMAL
193,43,222.02,11.85,11.88,0.03,2.64,0.89,62.58,89.96,2025-01-29 12:15:00,NORMAL
129,5,242.74,7.33,7.74,0.41,1.88,0.97,56.98,89.2,2025-01-29 12:20:00,NORMAL
135,16,236.97,10.9,11.35,0.45,2.69,0.83,47.03,77.96,2025-01-29 12:25:00,NORMAL
166,15,232.87,10.05,10.13,0.08,2.36,0.9,47.57,53.45,2025-01-29 12:30:00,NORMAL
185,42,229.59,10.11,10.11,0.0,2.32,0.88,28.64,43.45,2025-01-29 12:35:00,NORMAL
185,46,237.01,9.89,9.11,0.78,2.16,0.8,61.49,36.19,2025-01-29 12:40:00,NORMAL
148,34,220.7,10.26,9.73,0.53,2.15,0.74,47.68,33.12,2025-01-29 12:45:00,NORMAL
175,48,243.34,5.45,4.48,0.97,1.09,0.77,29.28,79.25,2025-01-29 12:50:00,NORMAL
154,19,231.43,8.25,7.7,0.55,1.78,0.72,19.74,86.73,2025-01-29 12:55:00,NORMAL
184,8,244.95,8.17,8.76,0.59,2.15,0.93,25.93,76.35,2025-01-29 13:00:00,NORMAL
155,47,228.78,12.22,12.76,0.54,2.92,0.86,46.11,75.54,2025-01-29 13:05:00,NORMAL
167,10,231.43,10.32,10.65,0.33,2.46,0.94,6.82,54.91,2025-01-29 13:10:00,NORMAL
194,5,232.64,10.02,10.0,0.02,2.33,0.79,27.47,68.47,2025-01-29 13:15:00,NORMAL
143,48,235.76,13.71,13.9,0.19,3.28,0.94,52.21,70.27,2025-01-29 13:20:00,NORMAL
130,26,248.11,5.95,5.4,0.55,1.34,0.79,38.45,45.44,2025-01-29 13:25:00,NORMAL
157,22,225.62,12.83,12.04,0.79,2.72,0.74,18.37,74.32,2025-01-29 13:30:00,NORMAL
186,44,228.72,10.02,10.42,0.4,2.38,0.86,35.53,38.77,2025-01-29 13:35:00,NORMAL
152,23,229.81,8.49,9.11,0.62,2.09,0.98,43.54,47.61,2025-01-29 13:40:00,NORMAL
183,13,206.85,8.93,7.91,1.02,1.64,0.82,59.09,65.38,2025-01-29 13:45:00,LEAKAGE_WARNING
178,9,224.45,9.0,8.68,0.32,1.95,0.85,51.82,62.37,2025-01-29 13:50:00,NORMAL
122,49,225.1,13.0,13.07,0.07,2.94,0.84,51.28,72.27,2025-01-29 13:55:00,NORMAL
127,20,256.38,10.48,9.49,0.99,2.43,0.84,55.79,64.97,2025-01-29 14:00:00,NORMAL
115,28,232.58,11.37,10.55,0.82,2.45,0.76,19.88,32.97,2025-01-29 14:05:00,NORMAL
136,44,234.93,8.52,8.62,0.1,2.03,0.83,63.67,88.66,2025-01-29 14:10:00,NORMAL
120,37,215.31,10.22,9.58,0.64,2.06,0.85,63.71,75.81,2025-01-29 14:15:00,NORMAL
178,24,229.37,11.82,11.04,0.78,2.53,0.92,35.82,82.83,2025-01-29 14:20:00,NORMAL
116,44,239.36,12.25,11.63,0.62,2.78,0.74,0.07,78.24,2025-01-29 14:25:00,NORMAL
136,33,255.17,7.32,6.49,0.83,1.66,0.87,64.94,42.74,2025-01-29 14:30:00,NORMAL
176,20,223.16,11.62,11.89,0.27,2.65,0.9,3.73,85.96,2025-01-29 14:35:00,NORMAL
118,48,211.84,9.71,9.5,0.21,2.01,0.81,50.68,89.05,2025-01-29 14:40:00,NORMAL
129,30,222.25,10.73,9.71,1.02,2.16,0.86,38.24,34.72,2025-01-29 14:45:00,LEAKAGE_WARNING
144,44,222.29,8.94,8.93,0.01,1.99,0.91,35.98,39.51,2025-01-29 14:50:00,NORMAL
117,9,222.38,13.05,13.17,0.12,2.93,0.84,38.52,89.42,2025-01-29 14:55:00,NORMAL
177,45,239.08,10.52,10.26,0.26,2.45,0.8,46.99,47.61,2025-01-29 15:00:00,NORMAL
161,49,233.43,8.82,9.41,0.59,2.2,0.95,12.84,79.19,2025-01-29 15:05:00,NORMAL
135,17,218.72,9.02,8.66,0.36,1.89,1.0,42.14,34.45,2025-01-29 15:10:00,NORMAL
199,36,244.16,11.72,12.35,0.63,3.02,0.76,23.58,73.95,2025-01-29 15:15:00,NORMAL
183,14,248.93,11.44,10.61,0.83,2.64,0.97,37.44,72.08,2025-01-29 15:20:00,NORMAL
151,19,212.95,10.16,10.77,0.61,2.29,0.86,47.43,86.26,2025-01-29 15:25:00,NORMAL
118,7,241.78,9.23,8.61,0.62,2.08,0.83,58.14,73.72,2025-01-29 15:30:00,NORMAL
143,3,228.3,11.91,12.07,0.16,2.76,0.97,33.97,32.48,2025-01-29 15:35:00,NORMAL
106,33,220.58,8.95,9.28,0.33,2.05,0.97,71.85,57.03,2025-01-29 15:40:00,NORMAL
143,44,215.45,8.85,8.64,0.21,1.86,0.78,31.6,50.87,2025-01-29 15:45:00,NORMAL
167,32,225.47,15.05,14.7,0.35,3.31,0.81,31.98,64.24,2025-01-29 15:50:00,NORMAL
133,47,224.78,10.76,10.51,0.25,2.36,0.96,60.43,55.7,2025-01-29 15:55:00,NORMAL
165,11,231.47,9.84,9.47,0.37,2.19,0.85,41.28,46.85,2025-01-29 16:00:00,NORMAL
168,42,251.46,9.11,8.56,0.55,2.15,0.79,47.7,69.66,2025-01-29 16:05:00,NORMAL
154,2,224.92,9.58,10.39,0.81,2.34,0.99,37.66,48.67,2025-01-29 16:10:00,NORMAL
109,26,215.93,12.5,12.23,0.27,2.64,0.77,39.39,81.04,2025-01-29 16:15:00,NORMAL
195,4,226.7,11.66,12.14,0.48,2.75,0.88,50.25,49.38,2025-01-29 16:20:00,NORMAL
141,17,240.42,8.7,9.13,0.43,2.2,0.83,64.07,60.92,2025-01-29 16:25:00,NORMAL
140,17,227.52,9.34,9.69,0.35,2.2,0.84,47.1,79.56,2025-01-29 16:30:00,NORMAL
176,28,236.51,7.37,8.16,0.79,1.93,0.73,51.43,79.37,2025-01-29 16:35:00,NORMAL
168,30,231.7,10.53,10.34,0.19,2.4,0.78,59.72,65.17,2025-01-29 16:40:00,NORMAL
109,40,230.61,2.06,2.74,0.68,0.63,0.75,38.02,52.8,2025-01-29 16:45:00,NORMAL
109,23,245.87,6.92,6.52,0.4,1.6,0.92,30.31,63.48,2025-01-29 16:50:00,NORMAL
190,46,220.32,10.18,9.22,0.96,2.03,0.91,29.64,80.98,2025-01-29 16:55:00,NORMAL
159,24,219.59,4.75,3.77,0.98,0.83,0.94,31.71,43.13,2025-01-29 17:00:00,NORMAL
150,29,220.91,14.57,14.92,0.35,3.3,0.91,29.34,37.35,2025-01-29 17:05:00,NORMAL
120,4,233.45,8.23,8.62,0.39,2.01,0.74,61.5,64.92,2025-01-29 17:10:00,NORMAL
107,38,230.53,10.97,10.38,0.59,2.39,0.99,16.74,64.44,2025-01-29 17:15:00,NORMAL
164,29,237.1,12.54,12.31,0.23,2.92,0.76,53.86,47.59,2025-01-29 17:20:00,NORMAL
191,19,229.24,10.54,10.38,0.16,2.38,0.81,26.62,56.07,2025-01-29 17:25:00,NORMAL
177,27,228.04,9.99,10.44,0.45,2.38,0.91,71.87,35.31,2025-01-29 17:30:00,NORMAL
184,29,233.29,8.86,8.6,0.26,2.01,0.74,51.04,37.85,2025-01-29 17:35:00,NORMAL
129,36,246.96,7.36,6.73,0.63,1.66,0.75,31.86,79.7,2025-01-29 17:40:00,NORMAL
184,35,218.38,9.05,9.24,0.19,2.02,0.96,36.88,57.87,2025-01-29 17:45:00,NORMAL
148,6,220.8,10.21,9.78,0.43,2.16,0.8,43.74,35.99,2025-01-29 17:50:00,NORMAL
108,23,230.41,9.95,9.67,0.28,2.23,0.9,54.53,87.71,2025-01-29 17:55:00,NORMAL
116,39,250.32,8.09,8.22,0.13,2.06,0.96,50.04,42.6,2025-01-29 18:00:00,NORMAL
168,46,219.28,12.13,11.96,0.17,2.62,0.99,44.8,49.01,2025-01-29 18:05:00,NORMAL
157,44,229.9,7.14,7.46,0.32,1.72,0.76,34.4,88.35,2025-01-29 18:10:00,NORMAL
156,48,221.23,11.19,10.56,0.63,2.34,0.74,40.65,40.85,2025-01-29 18:15:00,NORMAL
161,8,233.98,11.7,12.01,0.31,2.81,0.92,65.13,88.12,2025-01-29 18:20:00,NORMAL
194,2,209.36,10.48,10.58,0.1,2.22,0.76,76.92,73.33,2025-01-29 18:25:00,NORMAL
151,13,219.64,13.33,12.68,0.65,2.79,0.87,61.54,55.62,2025-01-29 18:30:00,NORMAL
160,40,242.78,10.81,10.87,0.06,2.64,0.86,30.66,65.7,2025-01-29 18:35:00,NORMAL
139,21,230.09,12.76,13.03,0.27,3.0,0.87,66.49,60.47,2025-01-29 18:40:00,NORMAL
137,31,222.55,4.67,4.38,0.29,0.97,0.89,40.04,78.28,2025-01-29 18:45:00,NORMAL
142,48,229.54,11.88,10.78,1.1,2.47,0.96,45.05,33.77,2025-01-29 18:50:00,LEAKAGE_WARNING
162,36,229.37,11.17,10.39,0.78,2.38,0.78,26.07,78.8,2025-01-29 18:55:00,NORMAL
118,48,235.61,11.07,10.56,0.51,2.49,0.87,46.7,88.24,2025-01-29 19:00:00,NORMAL
199,38,209.24,11.23,10.53,0.7,2.2,0.8,33.22,55.77,2025-01-29 19:05:00,NORMAL
149,27,219.63,9.04,8.58,0.46,1.88,0.8,65.63,41.48,2025-01-29 19:10:00,NORMAL
132,36,220.45,11.52,11.21,0.31,2.47,0.71,83.16,36.53,2025-01-29 19:15:00,OVERHEAT
112,48,236.29,13.56,12.9,0.66,3.05,0.88,44.98,50.81,2025-01-29 19:20:00,NORMAL
177,23,229.94,6.24,5.87,0.37,1.35,0.99,52.16,37.84,2025-01-29 19:25:00,NORMAL
196,21,244.41,12.38,12.21,0.17,2.98,0.93,40.38,43.78,2025-01-29 19:30:00,NORMAL
161,13,238.29,9.74,9.45,0.29,2.25,0.77,46.8,69.27,2025-01-29 19:35:00,NORMAL
192,37,226.54,8.68,8.31,0.37,1.88,0.91,36.13,54.95,2025-01-29 19:40:00,NORMAL
142,47,229.5,7.58,7.23,0.35,1.66,0.79,49.67,84.06,2025-01-29 19:45:00,NORMAL
148,26,242.94,10.76,10.38,0.38,2.52,0.93,51.03,57.83,2025-01-29 19:50:00,NORMAL
135,40,244.33,13.17,13.46,0.29,3.29,0.96,49.48,39.25,2025-01-29 19:55:00,NORMAL
109,7,229.04,9.22,9.12,0.1,2.09,0.8,56.2,38.32,2025-01-29 20:00:00,NORMAL
194,46,220.15,11.33,11.76,0.43,2.59,0.7,39.53,71.59,2025-01-29 20:05:00,NORMAL
105,39,208.99,9.98,9.65,0.33,2.02,0.79,85.35,68.03,2025-01-29 20:10:00,OVERHEAT
156,22,208.99,6.71,6.34,0.37,1.32,0.76,35.21,72.47,2025-01-29 20:15:00,NORMAL
100,39,234.72,9.64,8.78,0.86,2.06,0.89,35.06,50.33,2025-01-29 20:20:00,NORMAL
170,23,234.52,8.67,8.32,0.35,1.95,0.79,7.26,84.9,2025-01-29 20:25:00,NORMAL
157,30,223.25,7.97,7.96,0.01,1.78,0.71,56.38,36.83,2025-01-29 20:30:00,NORMAL
190,18,243.01,9.14,9.15,0.01,2.22,0.86,2.1,31.97,2025-01-29 20:35:00,NORMAL
120,42,227.93,9.36,8.84,0.52,2.01,0.96,39.87,74.53,2025-01-29 20:40:00,NORMAL
191,18,224.12,12.01,12.15,0.14,2.72,0.84,33.72,70.62,2025-01-29 20:45:00,NORMAL
179,46,241.71,10.05,9.77,0.28,2.36,0.81,23.42,59.61,2025-01-29 20:50:00,NORMAL
155,10,240.39,7.19,6.51,0.68,1.56,0.75,45.96,32.62,2025-01-29 20:55:00,NORMAL
186,39,229.48,12.41,11.2,1.21,2.57,0.82,71.51,36.85,2025-01-29 21:00:00,LEAKAGE_WARNING
119,30,235.18,10.77,9.99,0.78,2.35,0.8,55.95,41.72,2025-01-29 21:05:00,NORMAL
153,26,236.44,10.56,10.62,0.06,2.51,1.0,33.56,68.32,2025-01-29 21:10:00,NORMAL
124,7,251.75,11.75,11.92,0.17,3.0,0.71,74.85,69.78,2025-01-29 21:15:00,NORMAL
127,7,228.69,9.96,9.44,0.52,2.16,0.77,34.01,70.61,2025-01-29 21:20:00,NORMAL
104,5,218.2,8.93,8.84,0.09,1.93,0.72,61.4,78.18,2025-01-29 21:25:00,NORMAL
120,1,236.25,10.69,11.23,0.54,2.65,0.96,18.94,31.49,2025-01-29 21:30:00,NORMAL
117,46,230.62,11.25,9.75,1.5,2.25,0.83,41.52,68.6,2025-01-29 21:35:00,LEAKAGE_WARNING
146,18,231.12,10.76,10.47,0.29,2.42,0.94,27.17,45.09,2025-01-29 21:40:00,NORMAL
169,13,229.69,11.62,10.8,0.82,2.48,0.91,76.16,64.26,2025-01-29 21:45:00,NORMAL
156,25,214.09,10.2,10.17,0.03,2.18,0.98,34.62,74.27,2025-01-29 21:50:00,NORMAL
192,40,232.61,8.01,7.83,0.18,1.82,0.71,29.69,73.2,2025-01-29 21:55:00,NORMAL
118,8,226.41,8.74,8.46,0.28,1.92,0.76,51.98,47.27,2025-01-29 22:00:00,NORMAL
196,10,226.91,12.75,12.69,0.06,2.88,0.91,41.26,51.32,2025-01-29 22:05:00,NORMAL
164,32,226.02,10.07,10.25,0.18,2.32,0.88,77.2,85.04,2025-01-29 22:10:00,NORMAL
102,17,229.61,7.74,6.44,1.3,1.48,0.91,49.63,80.93,2025-01-29 22:15:00,LEAKAGE_WARNING
141,38,232.6,7.56,7.18,0.38,1.67,0.87,45.98,45.42,2025-01-29 22:20:00,NORMAL
120,15,229.71,7.32,7.91,0.59,1.82,0.87,55.81,65.22,2025-01-29 22:25:00,NORMAL
198,15,241.55,11.65,11.4,0.25,2.75,0.98,41.67,36.44,2025-01-29 22:30:00,NORMAL
139,48,237.56,10.62,11.14,0.52,2.65,0.98,48.57,69.23,2025-01-29 22:35:00,NORMAL
166,40,229.27,13.69,13.91,0.22,3.19,0.71,32.44,67.28,2025-01-29 22:40:00,NORMAL
124,20,219.65,11.15,10.9,0.25,2.39,0.82,35.67,45.84,2025-01-29 22:45:00,NORMAL
154,15,235.81,11.27,10.8,0.47,2.55,0.85,31.29,55.31,2025-01-29 22:50:00,NORMAL
183,35,226.85,13.98,15.04,1.06,3.41,0.81,50.85,76.94,2025-01-29 22:55:00,LEAKAGE_WARNING
151,6,228.29,8.06,7.0,1.06,1.6,0.71,35.02,45.33,2025-01-29 23:00:00,LEAKAGE_WARNING
143,30,216.81,7.0,7.13,0.13,1.55,0.84,56.7,76.1,2025-01-29 23:05:00,NORMAL
197,8,234.14,11.11,11.02,0.09,2.58,0.99,32.02,48.98,2025-01-29 23:10:00,NORMAL
184,31,255.93,9.51,8.54,0.97,2.19,0.72,30.5,80.37,2025-01-29 23:15:00,NORMAL
155,48,224.94,10.6,9.54,1.06,2.15,0.95,48.58,31.83,2025-01-29 23:20:00,LEAKAGE_WARNING
154,47,236.23,12.45,12.56,0.11,2.97,0.76,47.08,45.49,2025-01-29 23:25:00,NORMAL
186,32,242.46,11.52,10.79,0.73,2.62,0.87,57.85,40.66,2025-01-29 23:30:00,NORMAL
169,45,224.77,13.03,12.75,0.28,2.87,0.82,27.26,83.43,2025-01-29 23:35:00,NORMAL
176,15,205.75,8.18,6.65,1.53,1.37,0.8,21.92,55.71,2025-01-29 23:40:00,LEAKAGE_WARNING
186,18,236.96,11.79,11.93,0.14,2.83,0.96,63.24,62.74,2025-01-29 23:45:00,NORMAL
172,13,230.79,8.45,7.43,1.02,1.71,0.99,24.69,44.52,2025-01-29 23:50:00,LEAKAGE_WARNING
180,24,233.11,13.34,13.43,0.09,3.13,0.82,57.45,37.7,2025-01-29 23:55:00,NORMAL
165,40,230.55,10.9,11.24,0.34,2.59,0.89,9.73,65.89,2025-01-30 00:00:00,NORMAL
118,14,241.6,11.01,10.96,0.05,2.65,0.87,53.52,47.0,2025-01-30 00:05:00,NORMAL
182,28,229.02,8.84,9.46,0.62,2.17,0.72,44.83,85.73,2025-01-30 00:10:00,NORMAL
106,11,251.71,8.94,9.21,0.27,2.32,0.71,51.07,58.58,2025-01-30 00:15:00,NORMAL
162,6,236.98,10.81,10.77,0.04,2.55,0.93,56.51,38.29,2025-01-30 00:20:00,NORMAL
141,25,240.11,13.5,13.43,0.07,3.22,0.82,59.21,31.43,2025-01-30 00:25:00,NORMAL
141,1,230.07,13.16,12.5,0.66,2.88,0.79,51.98,43.94,2025-01-30 00:30:00,NORMAL
158,25,233.11,10.72,10.11,0.61,2.36,1.0,57.52,49.2,2025-01-30 00:35:00,NORMAL
119,2,213.1,9.16,8.98,0.18,1.91,0.73,61.85,42.42,2025-01-30 00:40:00,NORMAL
172,32,224.23,11.15,11.82,0.67,2.65,0.78,64.11,51.94,2025-01-30 00:45:00,NORMAL
116,13,240.78,12.51,13.38,0.87,3.22,0.96,52.78,82.74,2025-01-30 00:50:00,NORMAL
126,33,229.33,10.42,10.48,0.06,2.4,0.82,30.79,32.88,2025-01-30 00:55:00,NORMAL
146,32,218.75,9.23,9.45,0.22,2.07,0.88,41.23,78.07,2025-01-30 01:00:00,NORMAL
101,24,223.16,11.36,11.46,0.1,2.56,0.71,43.51,55.55,2025-01-30 01:05:00,NORMAL
162,27,223.08,9.52,8.51,1.01,1.9,0.98,34.8,84.39,2025-01-30 01:10:00,LEAKAGE_WARNING
161,4,229.61,9.29,9.39,0.1,2.16,0.74,27.81,70.02,2025-01-30 01:15:00,NORMAL
199,24,221.66,9.89,10.12,0.23,2.24,0.76,58.88,39.9,2025-01-30 01:20:00,NORMAL
118,23,244.23,11.33,11.13,0.2,2.72,0.75,49.5,87.57,2025-01-30 01:25:00,NORMAL
116,29,232.08,9.55,9.61,0.06,2.23,0.85,34.97,39.28,2025-01-30 01:30:00,NORMAL
168,34,216.04,9.93,9.43,0.5,2.04,0.95,45.57,50.18,2025-01-30 01:35:00,NORMAL
138,21,245.36,10.29,9.97,0.32,2.45,0.78,49.51,88.73,2025-01-30 01:40:00,NORMAL
181,30,229.54,9.24,8.11,1.13,1.86,0.74,27.7,42.71,2025-01-30 01:45:00,LEAKAGE_WARNING
170,26,235.06,13.1,13.05,0.05,3.07,0.82,33.03,67.87,2025-01-30 01:50:00,NORMAL
180,20,233.07,13.69,12.52,1.17,2.92,0.99,40.29,88.65,2025-01-30 01:55:00,LEAKAGE_WARNING
138,16,234.17,9.39,8.84,0.55,2.07,0.7,42.68,71.34,2025-01-30 02:00:00,NORMAL
135,3,226.56,8.4,7.93,0.47,1.8,0.85,21.07,69.77,2025-01-30 02:05:00,NORMAL
139,49,233.31,9.07,9.86,0.79,2.3,0.9,56.19,67.29,2025-01-30 02:10:00,NORMAL
144,37,228.51,10.89,11.76,0.87,2.69,0.94,45.47,63.33,2025-01-30 02:15:00,NORMAL
103,40,233.62,9.83,10.43,0.6,2.44,0.92,41.28,86.95,2025-01-30 02:20:00,NORMAL
124,44,228.14,7.44,7.13,0.31,1.63,0.72,34.28,62.63,2025-01-30 02:25:00,NORMAL
168,25,227.1,9.69,9.11,0.58,2.07,0.84,29.8,69.8,2025-01-30 02:30:00,NORMAL
129,23,215.38,10.81,10.34,0.47,2.23,0.72,45.24,74.33,2025-01-30 02:35:00,NORMAL
175,44,229.95,11.97,11.75,0.22,2.7,0.89,47.36,61.66,2025-01-30 02:40:00,NORMAL
167,1,232.25,13.51,12.86,0.65,2.99,0.72,74.54,83.26,2025-01-30 02:45:00,NORMAL
187,33,248.49,9.1,8.3,0.8,2.06,0.71,75.89,31.37,2025-01-30 02:50:00,NORMAL
128,15,234.79,8.75,8.7,0.05,2.04,0.79,36.99,53.72,2025-01-30 02:55:00,NORMAL
172,17,222.75,9.5,9.02,0.48,2.01,0.98,30.62,67.0,2025-01-30 03:00:00,NORMAL
167,34,219.85,8.11,7.72,0.39,1.7,0.91,26.01,31.14,2025-01-30 03:05:00,NORMAL
150,17,232.67,8.6,8.0,0.6,1.86,0.7,46.32,86.21,2025-01-30 03:10:00,NORMAL
123,41,222.55,8.61,8.25,0.36,1.84,0.79,26.28,79.58,2025-01-30 03:15:00,NORMAL
113,44,224.32,10.65,10.32,0.33,2.31,0.71,24.31,43.14,2025-01-30 03:20:00,NORMAL
168,4,222.52,8.33,8.43,0.1,1.88,0.79,33.98,49.91,2025-01-30 03:25:00,NORMAL
117,13,226.71,11.65,11.35,0.3,2.57,0.91,35.85,70.63,2025-01-30 03:30:00,NORMAL
141,4,237.36,12.3,12.27,0.03,2.91,0.93,33.89,50.46,2025-01-30 03:35:00,NORMAL
156,7,210.1,7.75,8.08,0.33,1.7,0.94,20.74,81.41,2025-01-30 03:40:00,NORMAL
182,46,242.95,7.39,7.04,0.35,1.71,0.97,43.64,44.91,2025-01-30 03:45:00,NORMAL
111,9,227.96,8.93,9.24,0.31,2.11,0.81,43.37,79.1,2025-01-30 03:50:00,NORMAL
181,23,223.66,9.2,9.02,0.18,2.02,0.96,65.07,57.88,2025-01-30 03:55:00,NORMAL
116,33,238.88,12.53,12.51,0.02,2.99,0.92,26.37,57.2,2025-01-30 04:00:00,NORMAL
129,33,227.94,9.9,9.98,0.08,2.27,0.86,52.9,40.11,2025-01-30 04:05:00,NORMAL
187,20,219.53,10.84,9.94,0.9,2.18,0.99,71.77,89.0,2025-01-30 04:10:00,NORMAL
174,4,214.78,10.84,9.82,1.02,2.11,0.98,23.15,50.69,2025-01-30 04:15:00,LEAKAGE_WARNING
198,1,236.95,8.24,8.19,0.05,1.94,0.97,28.64,42.28,2025-01-30 04:20:00,NORMAL
122,42,237.6,9.5,8.8,0.7,2.09,0.76,26.13,31.95,2025-01-30 04:25:00,NORMAL
180,34,225.87,9.97,10.56,0.59,2.39,0.76,51.71,59.61,2025-01-30 04:30:00,NORMAL
100,27,243.21,10.76,11.15,0.39,2.71,0.97,51.11,31.94,2025-01-30 04:35:00,NORMAL
178,21,230.36,7.13,6.96,0.17,1.6,0.82,59.3,57.32,2025-01-30 04:40:00,NORMAL
131,24,243.28,8.81,9.14,0.33,2.22,0.94,46.19,84.16,2025-01-30 04:45:00,NORMAL
108,15,220.43,10.02,9.63,0.39,2.12,0.91,72.01,59.88,2025-01-30 04:50:00,NORMAL
114,35,219.2,9.12,8.78,0.34,1.92,0.93,53.12,32.6,2025-01-30 04:55:00,NORMAL
127,25,224.86,7.2,7.02,0.18,1.58,0.71,63.88,45.86,2025-01-30 05:00:00,NORMAL
123,9,226.0,8.56,7.18,1.38,1.62,0.83,47.33,32.92,2025-01-30 05:05:00,LEAKAGE_WARNING
159,17,241.51,7.22,6.84,0.38,1.65,0.96,39.21,82.92,2025-01-30 05:10:00,NORMAL
134,21,232.93,12.76,12.27,0.49,2.86,0.85,42.35,44.41,2025-01-30 05:15:00,NORMAL
185,13,222.41,9.36,8.92,0.44,1.98,0.91,65.58,33.9,2025-01-30 05:20:00,NORMAL
126,3,230.11,9.87,10.12,0.25,2.33,0.93,56.92,87.87,2025-01-30 05:25:00,NORMAL
182,4,225.72,8.04,6.86,1.18,1.55,0.74,56.0,59.23,2025-01-30 05:30:00,LEAKAGE_WARNING
175,4,221.96,10.46,10.96,0.5,2.43,0.75,59.88,54.34,2025-01-30 05:35:00,NORMAL
119,43,229.2,11.39,11.05,0.34,2.53,0.92,48.96,85.62,2025-01-30 05:40:00,NORMAL
164,28,228.09,8.17,7.6,0.57,1.73,0.72,87.23,61.85,2025-01-30 05:45:00,OVERHEAT
184,7,222.34,8.21,7.52,0.69,1.67,0.8,41.64,46.89,2025-01-30 05:50:00,NORMAL
148,26,222.24,9.01,8.97,0.04,1.99,0.98,46.63,77.52,2025-01-30 05:55:00,NORMAL
100,11,238.15,7.2,6.63,0.57,1.58,0.87,38.27,46.31,2025-01-30 06:00:00,NORMAL
109,24,234.23,10.76,11.08,0.32,2.6,0.97,52.48,56.57,2025-01-30 06:05:00,NORMAL
146,43,239.44,11.52,10.48,1.04,2.51,0.79,18.62,78.19,2025-01-30 06:10:00,LEAKAGE_WARNING
158,10,227.16,7.13,7.01,0.12,1.59,0.89,0.61,85.89,2025-01-30 06:15:00,NORMAL
195,37,219.12,11.76,11.81,0.05,2.59,0.79,35.3,66.35,2025-01-30 06:20:00,NORMAL
161,13,224.26,11.76,11.88,0.12,2.66,0.73,53.76,60.29,2025-01-30 06:25:00,NORMAL
185,44,240.27,4.32,3.97,0.35,0.95,1.0,60.4,34.57,2025-01-30 06:30:00,NORMAL
117,42,214.0,7.79,8.38,0.59,1.79,0.75,26.09,67.02,2025-01-30 06:35:00,NORMAL
145,39,244.45,8.79,8.15,0.64,1.99,0.76,20.01,49.6,2025-01-30 06:40:00,NORMAL
131,19,218.9,11.14,11.24,0.1,2.46,0.95,34.16,60.87,2025-01-30 06:45:00,NORMAL
126,19,237.8,10.88,10.03,0.85,2.39,0.94,33.9,74.68,2025-01-30 06:50:00,NORMAL
191,12,219.8,8.15,8.57,0.42,1.88,0.99,48.26,68.41,2025-01-30 06:55:00,NORMAL
117,22,224.05,13.25,12.98,0.27,2.91,0.72,46.88,35.82,2025-01-30 07:00:00,NORMAL
138,47,209.43,8.6,8.12,0.48,1.7,0.73,67.0,53.83,2025-01-30 07:05:00,NORMAL
148,37,248.54,8.33,7.8,0.53,1.94,0.83,38.79,41.97,2025-01-30 07:10:00,NORMAL
192,30,235.75,7.68,7.74,0.06,1.82,0.88,25.05,39.07,2025-01-30 07:15:00,NORMAL
181,46,236.34,9.64,10.06,0.42,2.38,0.71,49.58,43.22,2025-01-30 07:20:00,NORMAL
143,12,225.07,11.81,11.84,0.03,2.66,0.75,30.51,85.24,2025-01-30 07:25:00,NORMAL
171,29,220.69,8.2,7.42,0.78,1.64,0.91,30.75,72.75,2025-01-30 07:30:00,NORMAL
153,21,237.77,10.42,9.17,1.25,2.18,0.9,70.48,84.49,2025-01-30 07:35:00,LEAKAGE_WARNING
194,11,217.97,10.41,11.02,0.61,2.4,0.73,58.96,60.39,2025-01-30 07:40:00,NORMAL
133,37,228.33,9.94,10.11,0.17,2.31,0.98,38.6,30.07,2025-01-30 07:45:00,NORMAL
170,48,217.49,10.64,11.31,0.67,2.46,0.78,72.33,32.07,2025-01-30 07:50:00,NORMAL
135,18,231.24,11.81,11.88,0.07,2.75,0.97,57.45,38.68,2025-01-30 07:55:00,NORMAL
117,44,210.83,10.55,10.67,0.12,2.25,0.98,50.82,76.84,2025-01-30 08:00:00,NORMAL
137,27,215.19,12.09,12.49,0.4,2.69,0.85,34.83,42.1,2025-01-30 08:05:00,NORMAL
158,37,221.4,7.8,6.77,1.03,1.5,0.82,14.12,36.1,2025-01-30 08:10:00,LEAKAGE_WARNING
108,48,236.15,9.12,8.35,0.77,1.97,0.78,32.17,81.66,2025-01-30 08:15:00,NORMAL
172,12,224.69,7.8,7.48,0.32,1.68,0.94,37.63,43.71,2025-01-30 08:20:00,NORMAL
171,23,239.84,11.1,10.96,0.14,2.63,0.76,27.05,60.15,2025-01-30 08:25:00,NORMAL
150,34,245.01,12.44,11.79,0.65,2.89,0.89,46.86,50.37,2025-01-30 08:30:00,NORMAL
134,38,226.91,9.38,9.68,0.3,2.2,0.87,14.43,83.79,2025-01-30 08:35:00,NORMAL
181,23,215.22,10.56,10.24,0.32,2.2,0.77,64.96,72.29,2025-01-30 08:40:00,NORMAL
104,25,239.66,7.01,7.11,0.1,1.7,0.99,38.14,57.24,2025-01-30 08:45:00,NORMAL
113,4,214.58,10.04,8.67,1.37,1.86,0.95,56.09,81.78,2025-01-30 08:50:00,LEAKAGE_WARNING
191,30,220.97,6.65,7.13,0.48,1.58,0.71,55.91,73.6,2025-01-30 08:55:00,NORMAL
129,30,212.99,10.12,10.06,0.06,2.14,0.83,26.49,78.53,2025-01-30 09:00:00,NORMAL
103,13,239.63,6.15,6.6,0.45,1.58,0.81,18.89,88.65,2025-01-30 09:05:00,NORMAL
138,42,235.72,13.39,12.81,0.58,3.02,0.96,35.4,42.19,2025-01-30 09:10:00,NORMAL
183,49,246.18,9.9,9.33,0.57,2.3,0.78,50.63,42.15,2025-01-30 09:15:00,NORMAL
163,14,225.59,9.82,9.97,0.15,2.25,1.0,47.05,63.39,2025-01-30 09:20:00,NORMAL
124,47,221.76,13.82,14.24,0.42,3.16,0.76,62.49,61.96,2025-01-30 09:25:00,NORMAL
127,8,224.75,10.13,10.12,0.01,2.27,0.77,50.89,82.15,2025-01-30 09:30:00,NORMAL
175,24,216.67,6.78,6.93,0.15,1.5,0.9,51.99,39.35,2025-01-30 09:35:00,NORMAL
165,18,244.29,9.14,8.91,0.23,2.18,0.75,32.87,55.5,2025-01-30 09:40:00,NORMAL
177,35,263.77,13.89,12.88,1.01,3.4,0.97,41.18,61.67,2025-01-30 09:45:00,LEAKAGE_WARNING
121,25,222.76,8.21,7.68,0.53,1.71,0.73,41.58,57.85,2025-01-30 09:50:00,NORMAL
130,17,235.93,9.12,8.54,0.58,2.01,0.99,54.27,34.03,2025-01-30 09:55:00,NORMAL
122,32,228.45,13.09,12.89,0.2,2.94,0.96,56.3,38.87,2025-01-30 10:00:00,NORMAL
147,24,234.42,8.46,6.94,1.52,1.63,0.95,41.51,39.21,2025-01-30 10:05:00,LEAKAGE_WARNING
119,7,240.6,9.81,9.55,0.26,2.3,0.82,42.01,65.76,2025-01-30 10:10:00,NORMAL
137,13,218.57,12.7,12.14,0.56,2.65,0.85,50.27,55.73,2025-01-30 10:15:00,NORMAL
154,27,225.21,8.85,8.1,0.75,1.82,0.84,73.99,40.69,2025-01-30 10:20:00,NORMAL
167,48,242.03,8.4,8.23,0.17,1.99,1.0,18.91,74.2,2025-01-30 10:25:00,NORMAL
178,5,235.09,6.31,6.01,0.3,1.41,0.71,31.14,78.18,2025-01-30 10:30:00,NORMAL
187,36,233.27,7.79,7.87,0.08,1.84,0.81,31.75,42.61,2025-01-30 10:35:00,NORMAL
188,26,235.1,8.23,8.02,0.21,1.89,0.99,25.26,73.37,2025-01-30 10:40:00,NORMAL
100,42,236.08,9.27,8.34,0.93,1.97,0.81,33.07,33.82,2025-01-30 10:45:00,NORMAL
106,45,241.58,10.71,9.93,0.78,2.4,0.82,50.65,81.36,2025-01-30 10:50:00,NORMAL
156,31,237.54,9.91,9.37,0.54,2.23,0.89,59.19,87.76,2025-01-30 10:55:00,NORMAL
194,10,229.49,7.54,6.88,0.66,1.58,0.97,48.45,39.35,2025-01-30 11:00:00,NORMAL
111,46,233.53,12.72,12.54,0.18,2.93,0.79,48.15,77.17,2025-01-30 11:05:00,NORMAL
104,26,229.33,7.8,7.13,0.67,1.64,0.98,31.22,35.84,2025-01-30 11:10:00,NORMAL
149,22,222.54,13.61,13.49,0.12,3.0,0.78,5.05,87.68,2025-01-30 11:15:00,NORMAL
141,12,229.48,10.3,10.92,0.62,2.51,0.94,50.62,57.12,2025-01-30 11:20:00,NORMAL
111,32,228.86,12.09,10.97,1.12,2.51,0.78,65.01,62.12,2025-01-30 11:25:00,LEAKAGE_WARNING
117,27,213.02,11.06,10.96,0.1,2.33,0.72,59.38,75.83,2025-01-30 11:30:00,NORMAL
165,33,237.75,13.01,12.28,0.73,2.92,0.94,43.58,44.93,2025-01-30 11:35:00,NORMAL
173,20,239.44,9.91,9.89,0.02,2.37,0.84,46.16,53.93,2025-01-30 11:40:00,NORMAL
178,39,235.44,9.47,10.62,1.15,2.5,0.82,66.06,34.2,2025-01-30 11:45:00,LEAKAGE_WARNING
193,41,238.85,10.61,10.45,0.16,2.5,0.83,34.56,66.88,2025-01-30 11:50:00,NORMAL
116,40,228.24,9.45,10.17,0.72,2.32,0.88,38.21,77.96,2025-01-30 11:55:00,NORMAL
167,13,224.86,10.91,10.33,0.58,2.32,0.78,18.0,81.11,2025-01-30 12:00:00,NORMAL
170,14,239.49,13.1,13.01,0.09,3.12,0.77,51.98,62.18,2025-01-30 12:05:00,NORMAL
161,44,219.41,6.62,5.81,0.81,1.27,0.85,37.5,75.95,2025-01-30 12:10:00,NORMAL
140,40,219.07,9.85,9.53,0.32,2.09,0.71,40.52,38.99,2025-01-30 12:15:00,NORMAL
194,22,234.48,14.4,14.72,0.32,3.45,0.89,55.23,74.6,2025-01-30 12:20:00,NORMAL
133,18,234.21,9.22,8.69,0.53,2.04,0.95,33.72,30.27,2025-01-30 12:25:00,NORMAL
169,48,239.3,12.03,12.61,0.58,3.02,0.92,52.47,41.69,2025-01-30 12:30:00,NORMAL
144,29,212.9,11.74,11.69,0.05,2.49,0.84,53.24,68.08,2025-01-30 12:35:00,NORMAL
157,43,229.02,7.12,7.85,0.73,1.8,0.87,39.59,49.23,2025-01-30 12:40:00,NORMAL
150,16,218.7,10.59,10.21,0.38,2.23,0.71,57.59,54.64,2025-01-30 12:45:00,NORMAL
133,46,238.55,10.44,10.12,0.32,2.41,0.97,43.45,79.56,2025-01-30 12:50:00,NORMAL
143,35,243.34,16.36,16.1,0.26,3.92,0.87,55.73,64.27,2025-01-30 12:55:00,NORMAL
114,34,235.04,4.75,5.02,0.27,1.18,0.79,35.76,53.94,2025-01-30 13:00:00,NORMAL
177,3,224.42,6.76,5.88,0.88,1.32,0.79,53.78,57.95,2025-01-30 13:05:00,NORMAL
169,4,222.51,9.54,8.89,0.65,1.98,0.9,39.68,80.91,2025-01-30 13:10:00,NORMAL
149,5,225.88,9.28,8.96,0.32,2.02,0.88,50.03,59.14,2025-01-30 13:15:00,NORMAL
131,10,221.59,8.23,8.32,0.09,1.84,0.76,50.3,82.52,2025-01-30 13:20:00,NORMAL
166,29,228.41,8.36,8.33,0.03,1.9,0.82,39.02,44.83,2025-01-30 13:25:00,NORMAL
102,32,222.49,11.37,11.18,0.19,2.49,0.9,38.58,62.03,2025-01-30 13:30:00,NORMAL
185,31,216.18,8.32,8.67,0.35,1.87,0.79,41.82,52.14,2025-01-30 13:35:00,NORMAL
185,2,233.81,8.92,8.29,0.63,1.94,0.85,46.08,65.48,2025-01-30 13:40:00,NORMAL
173,12,234.58,11.99,11.16,0.83,2.62,0.78,53.61,64.53,2025-01-30 13:45:00,NORMAL
150,27,246.99,11.69,10.64,1.05,2.63,0.72,48.56,64.28,2025-01-30 13:50:00,LEAKAGE_WARNING
166,5,225.67,9.04,9.01,0.03,2.03,0.82,0.02,61.67,2025-01-30 13:55:00,NORMAL
175,37,211.1,7.07,6.18,0.89,1.3,0.92,57.83,57.27,2025-01-30 14:00:00,NORMAL
192,27,238.15,11.76,10.84,0.92,2.58,0.76,51.05,84.62,2025-01-30 14:05:00,NORMAL
147,23,239.28,8.12,8.24,0.12,1.97,0.93,62.67,46.08,2025-01-30 14:10:00,NORMAL
116,33,241.42,12.58,12.88,0.3,3.11,0.9,57.73,56.04,2025-01-30 14:15:00,NORMAL
106,4,244.71,10.84,10.1,0.74,2.47,0.85,38.66,42.67,2025-01-30 14:20:00,NORMAL
112,21,244.86,9.61,9.68,0.07,2.37,0.99,27.5,49.94,2025-01-30 14:25:00,NORMAL
165,24,220.23,10.88,11.05,0.17,2.43,0.97,72.1,44.94,2025-01-30 14:30:00,NORMAL
103,44,245.48,6.1,5.49,0.61,1.35,0.87,64.25,70.18,2025-01-30 14:35:00,NORMAL
109,31,226.72,12.96,13.45,0.49,3.05,0.87,56.2,72.46,2025-01-30 14:40:00,NORMAL
187,44,237.98,9.58,9.6,0.02,2.28,0.78,33.06,46.6,2025-01-30 14:45:00,NORMAL
116,48,232.59,10.33,11.06,0.73,2.57,0.98,25.47,89.02,2025-01-30 14:50:00,NORMAL
151,24,220.27,8.85,9.07,0.22,2.0,0.97,38.48,47.05,2025-01-30 14:55:00,NORMAL
105,49,241.6,9.66,9.79,0.13,2.37,0.92,57.9,79.7,2025-01-30 15:00:00,NORMAL
182,10,225.44,13.2,13.38,0.18,3.02,0.74,8.9,47.56,2025-01-30 15:05:00,NORMAL
168,49,248.59,9.46,9.48,0.02,2.36,0.91,34.1,54.79,2025-01-30 15:10:00,NORMAL
195,49,222.37,9.16,9.99,0.83,2.22,0.78,85.17,69.88,2025-01-30 15:15:00,OVERHEAT
173,2,219.96,11.37,11.67,0.3,2.57,0.76,39.66,63.46,2025-01-30 15:20:00,NORMAL
108,31,223.37,10.62,9.75,0.87,2.18,0.93,45.56,60.37,2025-01-30 15:25:00,NORMAL
190,25,244.95,13.11,12.76,0.35,3.13,0.99,44.61,77.65,2025-01-30 15:30:00,NORMAL
176,4,214.33,5.97,6.03,0.06,1.29,0.73,70.87,72.46,2025-01-30 15:35:00,NORMAL
182,11,239.13,9.08,9.21,0.13,2.2,0.75,40.16,84.85,2025-01-30 15:40:00,NORMAL
120,17,248.32,7.15,6.57,0.58,1.63,0.77,18.05,43.85,2025-01-30 15:45:00,NORMAL
123,44,228.31,12.46,12.22,0.24,2.79,0.99,60.46,30.98,2025-01-30 15:50:00,NORMAL
103,2,226.07,7.42,7.78,0.36,1.76,0.91,28.96,89.99,2025-01-30 15:55:00,NORMAL
123,6,230.8,10.66,10.73,0.07,2.48,0.9,22.61,47.0,2025-01-30 16:00:00,NORMAL
158,9,218.78,7.39,7.81,0.42,1.71,0.85,67.89,32.58,2025-01-30 16:05:00,NORMAL
198,5,256.48,9.0,9.15,0.15,2.35,0.86,56.15,44.84,2025-01-30 16:10:00,NORMAL
102,20,236.7,8.01,7.47,0.54,1.77,0.79,39.52,70.13,2025-01-30 16:15:00,NORMAL
167,29,217.79,9.99,9.5,0.49,2.07,0.75,62.32,65.29,2025-01-30 16:20:00,NORMAL
139,21,221.93,14.06,13.35,0.71,2.96,0.93,59.63,42.4,2025-01-30 16:25:00,NORMAL
147,9,231.79,7.15,6.88,0.27,1.59,0.84,34.76,41.17,2025-01-30 16:30:00,NORMAL
153,28,217.06,7.72,8.27,0.55,1.8,0.78,47.86,56.66,2025-01-30 16:35:00,NORMAL
134,8,214.96,11.19,11.61,0.42,2.5,0.89,43.4,30.81,2025-01-30 16:40:00,NORMAL
194,31,232.94,9.69,9.25,0.44,2.15,0.76,35.03,30.14,2025-01-30 16:45:00,NORMAL
155,20,240.06,7.45,7.2,0.25,1.73,0.85,45.66,67.01,2025-01-30 16:50:00,NORMAL
188,27,239.15,9.06,9.44,0.38,2.26,0.76,56.52,49.52,2025-01-30 16:55:00,NORMAL
139,8,229.4,6.97,6.94,0.03,1.59,0.93,30.98,31.43,2025-01-30 17:00:00,NORMAL
176,21,227.25,9.02,7.87,1.15,1.79,0.8,57.34,57.59,2025-01-30 17:05:00,LEAKAGE_WARNING
167,28,230.52,8.06,7.39,0.67,1.7,0.83,17.14,86.13,2025-01-30 17:10:00,NORMAL
145,23,239.92,10.62,9.67,0.95,2.32,0.93,48.3,45.29,2025-01-30 17:15:00,NORMAL
177,6,217.43,11.29,11.68,0.39,2.54,0.9,33.95,45.06,2025-01-30 17:20:00,NORMAL
112,3,222.23,4.69,3.65,1.04,0.81,0.82,68.67,58.08,2025-01-30 17:25:00,LEAKAGE_WARNING
126,5,226.22,10.21,10.27,0.06,2.32,0.72,20.82,38.91,2025-01-30 17:30:00,NORMAL
105,9,227.58,5.39,4.4,0.99,1.0,0.98,41.41,68.28,2025-01-30 17:35:00,NORMAL
116,7,229.46,10.01,9.63,0.38,2.21,0.7,32.51,80.36,2025-01-30 17:40:00,NORMAL
135,4,229.75,13.18,12.67,0.51,2.91,0.92,36.49,41.67,2025-01-30 17:45:00,NORMAL
198,39,236.74,9.3,8.75,0.55,2.07,0.98,27.93,69.52,2025-01-30 17:50:00,NORMAL
180,5,212.37,10.51,10.26,0.25,2.18,0.79,47.59,83.28,2025-01-30 17:55:00,NORMAL
101,11,213.99,11.47,10.98,0.49,2.35,0.72,48.41,84.18,2025-01-30 18:00:00,NORMAL
176,15,223.35,11.55,11.86,0.31,2.65,0.77,19.07,63.17,2025-01-30 18:05:00,NORMAL
151,34,238.64,11.67,11.53,0.14,2.75,0.79,54.35,39.14,2025-01-30 18:10:00,NORMAL
165,13,223.48,10.87,10.28,0.59,2.3,0.84,21.21,69.55,2025-01-30 18:15:00,NORMAL
151,48,229.59,8.49,8.24,0.25,1.89,0.86,45.44,74.09,2025-01-30 18:20:00,NORMAL
191,7,231.28,11.29,11.27,0.02,2.61,0.92,71.43,75.26,2025-01-30 18:25:00,NORMAL
142,40,233.16,12.98,12.66,0.32,2.95,0.97,32.1,86.06,2025-01-30 18:30:00,NORMAL
189,6,245.65,10.97,11.45,0.48,2.81,0.84,40.52,66.92,2025-01-30 18:35:00,NORMAL
121,39,236.95,10.38,9.66,0.72,2.29,0.92,33.17,57.97,2025-01-30 18:40:00,NORMAL
154,30,239.97,6.65,7.49,0.84,1.8,0.74,34.94,60.15,2025-01-30 18:45:00,NORMAL
166,22,228.73,7.87,7.68,0.19,1.76,0.8,49.66,49.29,2025-01-30 18:50:00,NORMAL
198,25,244.74,8.56,7.98,0.58,1.95,0.74,69.2,33.44,2025-01-30 18:55:00,NORMAL
159,28,230.72,7.8,7.56,0.24,1.74,0.91,44.47,73.05,2025-01-30 19:00:00,NORMAL
157,20,210.45,9.67,9.7,0.03,2.04,0.97,62.89,31.19,2025-01-30 19:05:00,NORMAL
111,39,254.58,8.14,7.39,0.75,1.88,0.97,34.12,33.85,2025-01-30 19:10:00,NORMAL
187,3,230.46,11.73,11.87,0.14,2.74,0.8,61.63,50.05,2025-01-30 19:15:00,NORMAL
168,5,235.3,9.2,8.16,1.04,1.92,0.77,69.94,85.86,2025-01-30 19:20:00,LEAKAGE_WARNING
183,1,219.31,7.77,7.67,0.1,1.68,0.78,63.28,58.99,2025-01-30 19:25:00,NORMAL
138,15,251.97,8.15,8.07,0.08,2.03,0.79,55.94,42.91,2025-01-30 19:30:00,NORMAL
112,26,222.07,10.14,9.58,0.56,2.13,0.72,54.48,83.82,2025-01-30 19:35:00,NORMAL
140,3,226.15,9.44,9.4,0.04,2.13,0.74,33.62,64.3,2025-01-30 19:40:00,NORMAL
156,40,214.71,10.08,9.83,0.25,2.11,0.76,22.87,52.19,2025-01-30 19:45:00,NORMAL
152,41,233.65,9.51,9.02,0.49,2.11,0.7,54.97,72.94,2025-01-30 19:50:00,NORMAL
111,47,227.18,13.44,13.85,0.41,3.15,0.71,33.21,56.47,2025-01-30 19:55:00,NORMAL
112,42,214.56,11.71,11.2,0.51,2.4,0.91,34.4,73.8,2025-01-30 20:00:00,NORMAL
173,34,229.32,8.28,8.93,0.65,2.05,0.89,22.69,43.1,2025-01-30 20:05:00,NORMAL
196,5,230.95,6.11,5.92,0.19,1.37,0.98,36.38,39.01,2025-01-30 20:10:00,NORMAL
156,31,227.53,9.28,9.26,0.02,2.11,0.82,61.3,57.66,2025-01-30 20:15:00,NORMAL
139,13,211.79,7.73,8.19,0.46,1.73,0.83,59.34,49.18,2025-01-30 20:20:00,NORMAL
179,43,232.91,6.54,5.49,1.05,1.28,0.72,25.22,66.31,2025-01-30 20:25:00,LEAKAGE_WARNING
144,1,217.32,11.28,11.0,0.28,2.39,0.75,30.5,77.33,2025-01-30 20:30:00,NORMAL
134,22,238.89,9.98,10.11,0.13,2.42,0.91,18.0,84.09,2025-01-30 20:35:00,NORMAL
102,15,224.45,12.25,11.98,0.27,2.69,0.77,50.48,75.63,2025-01-30 20:40:00,NORMAL
104,26,239.28,9.85,8.41,1.44,2.01,0.93,47.81,50.5,2025-01-30 20:45:00,LEAKAGE_WARNING
189,18,230.14,9.56,9.86,0.3,2.27,0.91,49.09,73.64,2025-01-30 20:50:00,NORMAL
110,48,230.65,7.45,6.92,0.53,1.6,0.92,38.35,61.79,2025-01-30 20:55:00,NORMAL
170,9,242.76,8.75,9.01,0.26,2.19,0.91,54.86,84.36,2025-01-30 21:00:00,NORMAL
155,1,221.85,6.41,5.97,0.44,1.32,0.91,40.64,72.41,2025-01-30 21:05:00,NORMAL
109,43,219.04,12.08,12.21,0.13,2.67,0.86,59.36,39.01,2025-01-30 21:10:00,NORMAL
133,9,235.56,7.37,7.25,0.12,1.71,0.9,28.57,34.69,2025-01-30 21:15:00,NORMAL
166,23,216.86,10.44,10.16,0.28,2.2,0.86,58.05,62.63,2025-01-30 21:20:00,NORMAL
171,43,222.01,9.51,8.65,0.86,1.92,0.76,51.49,51.9,2025-01-30 21:25:00,NORMAL
130,45,214.21,10.78,11.32,0.54,2.42,0.77,54.9,40.09,2025-01-30 21:30:00,NORMAL
174,2,241.52,10.07,9.02,1.05,2.18,0.82,40.13,77.86,2025-01-30 21:35:00,LEAKAGE_WARNING
170,14,219.97,7.35,8.11,0.76,1.78,0.7,71.31,52.53,2025-01-30 21:40:00,NORMAL
165,38,223.46,9.33,8.97,0.36,2.0,0.97,34.28,35.16,2025-01-30 21:45:00,NORMAL
169,40,217.1,12.53,12.3,0.23,2.67,0.78,79.22,45.74,2025-01-30 21:50:00,NORMAL
140,18,226.15,8.35,8.22,0.13,1.86,0.72,51.7,70.61,2025-01-30 21:55:00,NORMAL
162,16,228.57,12.31,12.09,0.22,2.76,0.83,62.19,68.88,2025-01-30 22:00:00,NORMAL
131,29,238.26,11.32,10.86,0.46,2.59,0.94,66.82,45.75,2025-01-30 22:05:00,NORMAL
119,44,216.78,10.28,9.85,0.43,2.14,0.82,56.69,50.47,2025-01-30 22:10:00,NORMAL
156,11,223.99,8.52,8.41,0.11,1.88,0.78,73.14,32.99,2025-01-30 22:15:00,NORMAL
197,6,244.23,10.54,9.99,0.55,2.44,0.86,59.21,87.2,2025-01-30 22:20:00,NORMAL
149,3,240.41,8.98,8.89,0.09,2.14,0.87,56.01,49.63,2025-01-30 22:25:00,NORMAL
179,14,223.22,12.21,11.96,0.25,2.67,0.93,52.07,85.76,2025-01-30 22:30:00,NORMAL
124,2,229.51,7.43,6.65,0.78,1.53,0.94,50.75,78.83,2025-01-30 22:35:00,NORMAL
111,32,249.68,10.62,9.83,0.79,2.45,0.91,61.8,50.11,2025-01-30 22:40:00,NORMAL
170,31,218.06,10.06,9.34,0.72,2.04,0.7,32.45,71.65,2025-01-30 22:45:00,NORMAL
138,11,210.79,10.66,10.97,0.31,2.31,0.7,42.73,58.42,2025-01-30 22:50:00,NORMAL
116,22,224.64,11.44,11.03,0.41,2.48,0.99,52.64,88.6,2025-01-30 22:55:00,NORMAL
144,3,229.17,8.22,7.79,0.43,1.79,0.78,34.12,68.31,2025-01-30 23:00:00,NORMAL
110,31,221.98,8.22,7.14,1.08,1.58,0.78,59.48,61.14,2025-01-30 23:05:00,LEAKAGE_WARNING
169,33,239.77,10.43,9.83,0.6,2.36,0.92,41.84,68.28,2025-01-30 23:10:00,NORMAL
122,24,232.11,11.93,12.04,0.11,2.79,0.87,25.84,43.21,2025-01-30 23:15:00,NORMAL
190,1,223.96,9.5,9.49,0.01,2.13,0.84,35.93,48.38,2025-01-30 23:20:00,NORMAL
169,44,224.61,12.88,13.95,1.07,3.13,0.73,59.42,72.76,2025-01-30 23:25:00,LEAKAGE_WARNING
137,15,222.54,9.4,9.24,0.16,2.06,0.72,29.37,35.02,2025-01-30 23:30:00,NORMAL
101,37,238.3,8.58,8.56,0.02,2.04,0.91,30.58,48.16,2025-01-30 23:35:00,NORMAL
185,27,225.27,10.91,10.97,0.06,2.47,0.74,52.79,67.17,2025-01-30 23:40:00,NORMAL
183,38,218.07,8.91,9.1,0.19,1.98,0.83,25.25,89.74,2025-01-30 23:45:00,NORMAL
188,48,239.62,8.93,7.96,0.97,1.91,0.92,53.5,85.54,2025-01-30 23:50:00,NORMAL
178,27,227.24,10.52,11.66,1.14,2.65,0.98,14.11,79.93,2025-01-30 23:55:00,LEAKAGE_WARNING
192,44,216.4,11.86,12.29,0.43,2.66,0.96,52.13,60.05,2025-01-31 00:00:00,NORMAL
171,12,247.13,10.6,9.21,1.39,2.28,0.96,43.6,78.28,2025-01-31 00:05:00,LEAKAGE_WARNING
136,3,236.11,10.22,9.53,0.69,2.25,0.81,69.51,63.54,2025-01-31 00:10:00,NORMAL
148,30,230.46,13.85,13.5,0.35,3.11,0.98,15.76,57.51,2025-01-31 00:15:00,NORMAL
151,32,227.88,11.39,11.19,0.2,2.55,0.91,35.31,43.41,2025-01-31 00:20:00,NORMAL
132,23,227.2,9.32,9.41,0.09,2.14,0.97,52.77,87.06,2025-01-31 00:25:00,NORMAL
121,2,226.99,12.21,12.65,0.44,2.87,0.73,44.28,65.89,2025-01-31 00:30:00,NORMAL
104,7,227.26,9.52,9.14,0.38,2.08,0.71,37.51,70.52,2025-01-31 00:35:00,NORMAL
117,34,224.1,11.21,10.61,0.6,2.38,0.83,18.47,38.46,2025-01-31 00:40:00,NORMAL
137,32,228.97,11.08,11.23,0.15,2.57,0.95,51.31,55.85,2025-01-31 00:45:00,NORMAL
136,39,223.91,10.01,10.72,0.71,2.4,0.82,78.97,87.88,2025-01-31 00:50:00,NORMAL
193,32,232.23,8.55,8.02,0.53,1.86,0.97,33.94,75.46,2025-01-31 00:55:00,NORMAL
194,43,229.77,9.94,9.35,0.59,2.15,0.77,46.13,82.97,2025-01-31 01:00:00,NORMAL
163,43,223.0,9.05,8.43,0.62,1.88,0.71,50.27,53.75,2025-01-31 01:05:00,NORMAL
109,14,229.13,10.53,10.41,0.12,2.39,0.93,39.0,33.99,2025-01-31 01:10:00,NORMAL
178,3,235.43,10.84,11.72,0.88,2.76,0.89,44.36,51.09,2025-01-31 01:15:00,NORMAL
141,46,207.44,6.06,6.47,0.41,1.34,0.83,29.46,52.56,2025-01-31 01:20:00,NORMAL
147,32,235.78,10.68,9.84,0.84,2.32,0.95,24.2,48.07,2025-01-31 01:25:00,NORMAL
143,43,217.74,15.85,16.33,0.48,3.56,0.95,67.55,61.6,2025-01-31 01:30:00,NORMAL
181,36,225.41,9.37,8.82,0.55,1.99,0.8,43.16,41.53,2025-01-31 01:35:00,NORMAL
186,17,201.7,11.98,12.29,0.31,2.48,0.95,53.23,86.26,2025-01-31 01:40:00,NORMAL
196,48,235.66,11.48,11.84,0.36,2.79,0.8,51.58,84.45,2025-01-31 01:45:00,NORMAL
115,3,222.6,6.72,5.61,1.11,1.25,0.89,30.69,45.7,2025-01-31 01:50:00,LEAKAGE_WARNING
153,10,225.0,11.0,9.87,1.13,2.22,0.76,25.42,69.09,2025-01-31 01:55:00,LEAKAGE_WARNING
134,47,230.91,8.32,8.04,0.28,1.86,0.78,35.75,60.07,2025-01-31 02:00:00,NORMAL
197,40,210.29,9.6,9.64,0.04,2.03,0.83,48.33,45.0,2025-01-31 02:05:00,NORMAL
127,18,230.62,7.08,6.36,0.72,1.47,0.79,32.59,83.83,2025-01-31 02:10:00,NORMAL
101,3,236.48,10.88,11.47,0.59,2.71,0.74,37.98,43.86,2025-01-31 02:15:00,NORMAL
193,39,231.74,9.32,8.51,0.81,1.97,0.84,14.86,67.48,2025-01-31 02:20:00,NORMAL
112,10,226.06,12.69,11.48,1.21,2.6,0.85,44.42,50.12,2025-01-31 02:25:00,LEAKAGE_WARNING
140,9,230.41,7.28,6.79,0.49,1.56,0.75,46.13,79.57,2025-01-31 02:30:00,NORMAL
179,46,229.25,11.82,12.2,0.38,2.8,0.75,44.94,67.22,2025-01-31 02:35:00,NORMAL
158,46,237.59,10.84,9.88,0.96,2.35,0.71,29.87,79.96,2025-01-31 02:40:00,NORMAL
168,11,242.55,8.28,7.92,0.36,1.92,0.71,30.21,50.86,2025-01-31 02:45:00,NORMAL
191,33,225.89,6.91,6.78,0.13,1.53,0.81,28.62,30.67,2025-01-31 02:50:00,NORMAL
152,36,232.32,9.42,9.7,0.28,2.25,0.74,38.63,43.3,2025-01-31 02:55:00,NORMAL
144,26,223.32,10.47,10.84,0.37,2.42,0.98,34.31,78.86,2025-01-31 03:00:00,NORMAL
119,27,234.17,7.87,7.09,0.78,1.66,0.76,66.17,49.01,2025-01-31 03:05:00,NORMAL
123,38,234.6,8.1,7.94,0.16,1.86,0.72,72.08,49.18,2025-01-31 03:10:00,NORMAL
160,22,228.33,11.98,11.82,0.16,2.7,0.82,58.57,56.98,2025-01-31 03:15:00,NORMAL
190,26,235.19,8.44,8.18,0.26,1.92,0.76,46.48,46.48,2025-01-31 03:20:00,NORMAL
193,22,230.03,11.16,11.94,0.78,2.75,0.72,40.24,78.43,2025-01-31 03:25:00,NORMAL
157,5,229.52,12.44,12.25,0.19,2.81,0.93,32.38,49.3,2025-01-31 03:30:00,NORMAL
126,35,221.2,8.39,8.19,0.2,1.81,0.87,45.99,66.24,2025-01-31 03:35:00,NORMAL
125,2,231.72,7.5,6.55,0.95,1.52,0.72,42.55,57.06,2025-01-31 03:40:00,NORMAL
106,35,224.22,11.74,11.13,0.61,2.5,0.84,29.49,47.24,2025-01-31 03:45:00,NORMAL
141,9,238.7,9.4,9.81,0.41,2.34,0.71,33.13,45.92,2025-01-31 03:50:00,NORMAL
146,49,221.57,9.12,9.12,0.0,2.02,0.81,15.81,60.11,2025-01-31 03:55:00,NORMAL
152,18,232.69,12.86,12.14,0.72,2.82,0.81,29.76,42.65,2025-01-31 04:00:00,NORMAL
158,43,227.39,9.46,9.91,0.45,2.25,0.95,50.98,50.74,2025-01-31 04:05:00,NORMAL
137,12,232.66,10.56,9.51,1.05,2.21,0.92,60.49,32.36,2025-01-31 04:10:00,LEAKAGE_WARNING
168,3,229.42,6.78,6.6,0.18,1.51,0.97,52.91,77.42,2025-01-31 04:15:00,NORMAL
186,18,221.82,9.85,9.38,0.47,2.08,0.74,37.45,32.62,2025-01-31 04:20:00,NORMAL
191,38,240.94,8.24,8.26,0.02,1.99,0.86,20.04,82.34,2025-01-31 04:25:00,NORMAL
197,7,221.13,8.99,9.02,0.03,1.99,0.71,27.06,32.84,2025-01-31 04:30:00,NORMAL
152,33,236.43,8.87,9.13,0.26,2.16,0.95,51.62,80.89,2025-01-31 04:35:00,NORMAL
114,6,213.02,12.6,11.63,0.97,2.48,0.81,51.1,68.65,2025-01-31 04:40:00,NORMAL
195,18,227.11,8.67,8.17,0.5,1.86,0.72,35.24,60.36,2025-01-31 04:45:00,NORMAL
125,45,245.29,8.93,9.21,0.28,2.26,0.8,38.91,38.7,2025-01-31 04:50:00,NORMAL
147,22,227.25,13.07,12.52,0.55,2.85,0.79,73.89,45.41,2025-01-31 04:55:00,NORMAL
194,39,230.96,9.29,8.62,0.67,1.99,0.93,18.57,71.41,2025-01-31 05:00:00,NORMAL
118,9,246.03,8.76,8.02,0.74,1.97,0.74,45.15,60.73,2025-01-31 05:05:00,NORMAL
108,35,228.57,12.2,11.86,0.34,2.71,0.87,26.79,60.86,2025-01-31 05:10:00,NORMAL
163,23,232.59,10.03,9.74,0.29,2.27,0.94,27.71,37.99,2025-01-31 05:15:00,NORMAL
192,12,236.05,10.18,10.45,0.27,2.47,0.92,51.26,58.51,2025-01-31 05:20:00,NORMAL
153,24,216.2,10.6,9.73,0.87,2.1,0.98,70.45,65.42,2025-01-31 05:25:00,NORMAL
150,40,225.14,12.68,12.15,0.53,2.74,0.7,54.27,37.34,2025-01-31 05:30:00,NORMAL
138,9,231.3,7.93,7.24,0.69,1.67,0.81,68.44,88.46,2025-01-31 05:35:00,NORMAL
103,13,214.04,12.29,13.03,0.74,2.79,0.81,16.02,79.8,2025-01-31 05:40:00,NORMAL
102,40,243.7,7.01,6.33,0.68,1.54,0.71,52.37,49.05,2025-01-31 05:45:00,NORMAL
163,42,237.56,8.37,8.16,0.21,1.94,0.95,58.59,63.8,2025-01-31 05:50:00,NORMAL
128,17,236.07,8.21,7.6,0.61,1.79,0.91,41.33,63.54,2025-01-31 05:55:00,NORMAL
110,7,243.2,9.72,10.12,0.4,2.46,0.86,57.46,36.4,2025-01-31 06:00:00,NORMAL
196,17,237.23,8.5,7.39,1.11,1.75,0.82,83.69,56.29,2025-01-31 06:05:00,LEAKAGE_WARNING
157,24,227.7,12.54,12.67,0.13,2.88,0.97,47.25,42.47,2025-01-31 06:10:00,NORMAL
174,2,213.68,11.04,10.26,0.78,2.19,0.78,39.12,49.99,2025-01-31 06:15:00,NORMAL
126,35,223.19,9.97,9.87,0.1,2.2,0.8,62.04,86.63,2025-01-31 06:20:00,NORMAL
196,28,223.48,8.24,7.11,1.13,1.59,0.99,61.63,63.08,2025-01-31 06:25:00,LEAKAGE_WARNING
120,19,236.19,12.8,12.45,0.35,2.94,0.72,40.95,34.01,2025-01-31 06:30:00,NORMAL
138,33,230.81,10.2,9.06,1.14,2.09,0.93,36.71,70.34,2025-01-31 06:35:00,LEAKAGE_WARNING
194,21,214.35,9.5,9.34,0.16,2.0,0.92,61.6,89.92,2025-01-31 06:40:00,NORMAL
145,10,238.65,9.73,10.09,0.36,2.41,0.97,38.45,40.06,2025-01-31 06:45:00,NORMAL
165,46,243.29,9.56,9.21,0.35,2.24,0.73,44.19,70.98,2025-01-31 06:50:00,NORMAL
190,45,244.76,11.69,11.56,0.13,2.83,0.99,49.57,79.46,2025-01-31 06:55:00,NORMAL
135,9,218.7,12.26,12.36,0.1,2.7,0.71,42.21,80.64,2025-01-31 07:00:00,NORMAL
174,38,233.22,8.15,7.33,0.82,1.71,0.8,45.31,72.45,2025-01-31 07:05:00,NORMAL
181,6,219.94,8.7,9.18,0.48,2.02,0.73,32.62,84.59,2025-01-31 07:10:00,NORMAL
164,42,249.39,8.8,7.64,1.16,1.91,0.72,53.44,31.93,2025-01-31 07:15:00,LEAKAGE_WARNING
162,35,230.31,10.64,10.53,0.11,2.43,0.99,38.92,33.85,2025-01-31 07:20:00,NORMAL
198,18,226.3,12.0,12.48,0.48,2.82,0.92,67.99,38.07,2025-01-31 07:25:00,NORMAL
134,19,224.46,7.25,6.86,0.39,1.54,0.85,46.77,32.6,2025-01-31 07:30:00,NORMAL
130,5,233.34,7.91,7.62,0.29,1.78,0.73,60.44,37.2,2025-01-31 07:35:00,NORMAL
127,25,235.16,9.31,9.19,0.12,2.16,0.86,54.44,79.02,2025-01-31 07:40:00,NORMAL
100,11,213.52,11.07,11.18,0.11,2.39,0.8,61.81,83.79,2025-01-31 07:45:00,NORMAL
124,10,243.97,8.12,7.26,0.86,1.77,0.78,38.28,50.16,2025-01-31 07:50:00,NORMAL
142,17,234.71,9.23,8.76,0.47,2.06,0.89,27.24,87.43,2025-01-31 07:55:00,NORMAL
183,36,243.89,8.56,8.6,0.04,2.1,0.94,31.53,55.11,2025-01-31 08:00:00,NORMAL
166,26,247.11,11.52,11.12,0.4,2.75,0.83,30.42,40.32,2025-01-31 08:05:00,NORMAL
162,31,229.01,9.78,9.97,0.19,2.28,0.85,32.73,70.88,2025-01-31 08:10:00,NORMAL
150,32,238.57,8.54,7.85,0.69,1.87,0.9,27.38,55.22,2025-01-31 08:15:00,NORMAL
101,21,224.24,7.65,6.4,1.25,1.44,0.74,43.26,31.17,2025-01-31 08:20:00,LEAKAGE_WARNING
181,18,225.32,9.21,8.46,0.75,1.91,0.95,56.21,87.98,2025-01-31 08:25:00,NORMAL
163,18,245.72,9.47,9.6,0.13,2.36,0.95,25.61,65.87,2025-01-31 08:30:00,NORMAL
173,1,222.61,11.69,11.97,0.28,2.66,0.86,34.91,66.8,2025-01-31 08:35:00,NORMAL
168,14,231.96,12.04,11.79,0.25,2.73,0.76,60.34,88.96,2025-01-31 08:40:00,NORMAL
108,8,220.92,7.63,8.23,0.6,1.82,0.85,21.79,80.01,2025-01-31 08:45:00,NORMAL
101,2,223.44,11.97,11.31,0.66,2.53,0.73,44.99,51.76,2025-01-31 08:50:00,NORMAL
133,15,224.95,11.43,10.9,0.53,2.45,0.93,53.84,32.51,2025-01-31 08:55:00,NORMAL
159,34,244.47,8.94,8.82,0.12,2.16,0.79,76.29,43.34,2025-01-31 09:00:00,NORMAL
160,36,235.14,11.52,11.47,0.05,2.7,0.79,9.59,51.09,2025-01-31 09:05:00,NORMAL
130,1,238.42,8.42,8.28,0.14,1.97,0.98,25.23,87.62,2025-01-31 09:10:00,NORMAL
109,21,211.93,10.81,9.83,0.98,2.08,0.83,49.39,83.32,2025-01-31 09:15:00,NORMAL
175,42,230.35,14.85,14.85,0.0,3.42,0.94,39.39,31.29,2025-01-31 09:20:00,NORMAL
135,1,226.18,10.46,10.86,0.4,2.46,0.89,3.89,89.23,2025-01-31 09:25:00,NORMAL
184,32,234.92,9.32,9.51,0.19,2.23,0.79,38.32,45.43,2025-01-31 09:30:00,NORMAL
148,20,254.07,7.37,6.68,0.69,1.7,0.74,31.4,76.52,2025-01-31 09:35:00,NORMAL
169,47,206.09,10.16,10.44,0.28,2.15,0.94,20.26,37.0,2025-01-31 09:40:00,NORMAL
148,36,233.99,12.0,11.2,0.8,2.62,0.93,39.29,43.22,2025-01-31 09:45:00,NORMAL
102,39,252.05,8.58,8.48,0.1,2.14,0.75,25.12,60.33,2025-01-31 09:50:00,NORMAL
173,30,224.9,11.08,11.78,0.7,2.65,0.77,32.02,72.22,2025-01-31 09:55:00,NORMAL
104,7,231.5,9.47,8.9,0.57,2.06,0.93,64.49,50.72,2025-01-31 10:00:00,NORMAL
189,22,236.77,9.2,9.14,0.06,2.16,1.0,72.97,82.4,2025-01-31 10:05:00,NORMAL
160,45,208.44,10.98,10.59,0.39,2.21,0.95,31.47,86.41,2025-01-31 10:10:00,NORMAL
184,10,232.66,6.21,6.32,0.11,1.47,0.91,46.73,37.35,2025-01-31 10:15:00,NORMAL
189,8,222.06,9.62,8.8,0.82,1.95,0.97,54.35,73.11,2025-01-31 10:20:00,NORMAL
125,27,250.48,11.97,11.55,0.42,2.89,0.79,32.31,37.91,2025-01-31 10:25:00,NORMAL
171,10,227.93,9.63,8.35,1.28,1.9,0.7,30.45,50.45,2025-01-31 10:30:00,LEAKAGE_WARNING
104,14,222.9,10.01,9.45,0.56,2.11,0.8,54.54,79.17,2025-01-31 10:35:00,NORMAL
114,46,238.47,9.73,9.65,0.08,2.3,0.99,41.57,50.18,2025-01-31 10:40:00,NORMAL
115,11,234.88,13.83,14.06,0.23,3.3,0.96,41.77,84.44,2025-01-31 10:45:00,NORMAL
100,6,238.96,10.77,11.28,0.51,2.7,0.72,27.45,54.69,2025-01-31 10:50:00,NORMAL
115,21,249.1,7.45,7.31,0.14,1.82,0.85,29.66,48.59,2025-01-31 10:55:00,NORMAL
136,33,224.15,8.27,8.11,0.16,1.82,0.72,45.94,89.35,2025-01-31 11:00:00,NORMAL
102,19,247.19,10.19,9.19,1.0,2.27,0.94,38.46,56.49,2025-01-31 11:05:00,NORMAL
151,39,248.77,12.52,12.53,0.01,3.12,0.81,46.38,74.46,2025-01-31 11:10:00,NORMAL
146,24,222.31,11.32,10.61,0.71,2.36,0.97,59.11,65.97,2025-01-31 11:15:00,NORMAL
194,18,223.28,11.98,11.83,0.15,2.64,0.72,47.23,42.15,2025-01-31 11:20:00,NORMAL
112,35,230.47,7.74,6.59,1.15,1.52,0.92,35.25,60.02,2025-01-31 11:25:00,LEAKAGE_WARNING
179,43,228.0,11.26,11.84,0.58,2.7,0.82,58.58,34.65,2025-01-31 11:30:00,NORMAL
154,37,247.09,8.52,7.64,0.88,1.89,0.78,44.5,72.52,2025-01-31 11:35:00,NORMAL
120,19,221.36,9.76,9.81,0.05,2.17,0.86,64.66,61.14,2025-01-31 11:40:00,NORMAL
165,24,232.45,11.7,11.05,0.65,2.57,0.85,34.33,37.34,2025-01-31 11:45:00,NORMAL
153,34,222.35,8.86,7.87,0.99,1.75,0.8,43.27,76.01,2025-01-31 11:50:00,NORMAL
126,22,231.08,7.12,7.1,0.02,1.64,0.89,39.88,78.27,2025-01-31 11:55:00,NORMAL
137,4,251.42,9.26,9.61,0.35,2.42,0.9,46.57,74.03,2025-01-31 12:00:00,NORMAL
189,10,248.23,10.24,10.64,0.4,2.64,0.72,48.47,49.74,2025-01-31 12:05:00,NORMAL
157,2,233.79,11.37,11.6,0.23,2.71,0.88,44.88,73.39,2025-01-31 12:10:00,NORMAL
161,8,236.3,8.22,9.23,1.01,2.18,0.91,57.09,64.66,2025-01-31 12:15:00,LEAKAGE_WARNING
145,33,234.71,8.89,8.8,0.09,2.07,0.72,51.13,62.63,2025-01-31 12:20:00,NORMAL
188,38,226.96,10.43,9.91,0.52,2.25,0.9,81.66,68.92,2025-01-31 12:25:00,OVERHEAT
110,43,249.17,11.09,10.77,0.32,2.68,0.94,84.07,67.81,2025-01-31 12:30:00,OVERHEAT
171,28,243.2,10.41,10.4,0.01,2.53,0.95,34.44,77.95,2025-01-31 12:35:00,NORMAL
107,10,232.34,9.71,9.95,0.24,2.31,0.71,37.08,89.16,2025-01-31 12:40:00,NORMAL
196,45,227.83,8.52,8.61,0.09,1.96,0.91,25.71,73.58,2025-01-31 12:45:00,NORMAL
170,1,228.48,11.77,11.43,0.34,2.61,0.94,69.2,56.51,2025-01-31 12:50:00,NORMAL
163,34,233.39,12.43,11.82,0.61,2.76,0.82,38.39,57.7,2025-01-31 12:55:00,NORMAL
120,3,229.65,8.83,9.38,0.55,2.15,0.86,48.79,31.76,2025-01-31 13:00:00,NORMAL
171,9,241.4,9.05,8.77,0.28,2.12,0.78,26.88,39.59,2025-01-31 13:05:00,NORMAL
162,5,234.79,11.37,11.04,0.33,2.59,0.79,46.82,43.69,2025-01-31 13:10:00,NORMAL
184,42,220.46,10.33,10.6,0.27,2.34,0.85,18.5,89.42,2025-01-31 13:15:00,NORMAL
163,10,218.53,11.16,10.69,0.47,2.34,0.75,62.91,75.79,2025-01-31 13:20:00,NORMAL
119,12,239.91,10.54,9.87,0.67,2.37,0.81,72.5,38.49,2025-01-31 13:25:00,NORMAL
107,18,218.44,10.76,10.85,0.09,2.37,0.79,55.48,59.9,2025-01-31 13:30:00,NORMAL
157,21,226.51,9.19,9.42,0.23,2.13,0.77,30.77,42.81,2025-01-31 13:35:00,NORMAL
145,21,225.6,6.0,4.72,1.28,1.06,0.85,53.31,47.86,2025-01-31 13:40:00,LEAKAGE_WARNING
130,1,217.62,10.39,9.79,0.6,2.13,0.95,47.96,66.27,2025-01-31 13:45:00,NORMAL
192,3,233.1,11.38,11.09,0.29,2.59,0.77,65.85,65.94,2025-01-31 13:50:00,NORMAL
108,5,228.76,10.57,10.71,0.14,2.45,0.9,57.69,82.31,2025-01-31 13:55:00,NORMAL
114,25,223.62,8.51,8.7,0.19,1.95,0.78,28.89,39.87,2025-01-31 14:00:00,NORMAL
193,49,250.85,8.84,8.35,0.49,2.09,0.74,62.44,59.84,2025-01-31 14:05:00,NORMAL
125,8,205.69,14.91,15.12,0.21,3.11,0.98,43.79,65.93,2025-01-31 14:10:00,NORMAL
109,17,221.37,10.7,10.93,0.23,2.42,0.89,64.74,85.83,2025-01-31 14:15:00,NORMAL
128,9,224.23,5.3,5.17,0.13,1.16,0.73,21.52,60.99,2025-01-31 14:20:00,NORMAL
179,32,216.42,8.85,8.33,0.52,1.8,0.89,52.9,50.44,2025-01-31 14:25:00,NORMAL
135,6,252.58,9.57,8.49,1.08,2.14,0.75,40.58,47.53,2025-01-31 14:30:00,LEAKAGE_WARNING
183,49,252.47,7.52,7.2,0.32,1.82,0.97,46.43,42.97,2025-01-31 14:35:00,NORMAL
136,40,223.16,9.74,9.95,0.21,2.22,0.77,34.82,87.74,2025-01-31 14:40:00,NORMAL
185,21,242.69,9.01,8.94,0.07,2.17,0.94,52.52,66.18,2025-01-31 14:45:00,NORMAL
170,7,235.97,10.39,9.54,0.85,2.25,0.76,30.96,48.21,2025-01-31 14:50:00,NORMAL
122,7,246.56,9.43,8.63,0.8,2.13,0.87,21.52,74.71,2025-01-31 14:55:00,NORMAL
140,47,228.93,8.6,7.78,0.82,1.78,0.97,33.75,47.36,2025-01-31 15:00:00,NORMAL
192,39,234.32,9.32,8.61,0.71,2.02,0.79,33.91,60.23,2025-01-31 15:05:00,NORMAL
179,27,244.03,11.69,10.53,1.16,2.57,0.72,40.28,31.56,2025-01-31 15:10:00,LEAKAGE_WARNING
127,8,242.5,10.13,9.83,0.3,2.38,0.87,55.69,80.79,2025-01-31 15:15:00,NORMAL
147,9,231.52,9.57,8.99,0.58,2.08,0.75,31.0,87.39,2025-01-31 15:20:00,NORMAL
137,28,220.57,10.7,10.9,0.2,2.4,0.92,56.85,81.95,2025-01-31 15:25:00,NORMAL
130,15,222.37,10.0,9.68,0.32,2.15,0.88,53.7,40.27,2025-01-31 15:30:00,NORMAL
113,2,211.51,7.79,7.45,0.34,1.58,0.8,60.12,79.52,2025-01-31 15:35:00,NORMAL
196,7,237.87,11.37,10.78,0.59,2.56,0.91,39.48,50.82,2025-01-31 15:40:00,NORMAL
172,47,232.12,8.75,8.86,0.11,2.06,0.77,68.39,86.18,2025-01-31 15:45:00,NORMAL
190,18,232.89,9.31,9.89,0.58,2.3,0.98,40.53,47.94,2025-01-31 15:50:00,NORMAL
187,22,229.75,6.97,7.06,0.09,1.62,0.8,58.46,35.36,2025-01-31 15:55:00,NORMAL
176,10,218.57,11.64,10.91,0.73,2.38,0.93,70.1,81.18,2025-01-31 16:00:00,NORMAL
189,33,233.13,10.25,10.16,0.09,2.37,0.78,63.08,37.0,2025-01-31 16:05:00,NORMAL
128,7,236.05,10.57,10.14,0.43,2.39,0.91,43.27,62.49,2025-01-31 16:10:00,NORMAL
150,3,221.32,11.63,11.73,0.1,2.6,0.71,28.36,52.56,2025-01-31 16:15:00,NORMAL
148,14,229.72,11.64,10.92,0.72,2.51,0.79,30.64,75.41,2025-01-31 16:20:00,NORMAL
142,44,223.52,8.59,8.44,0.15,1.89,0.73,30.16,74.93,2025-01-31 16:25:00,NORMAL
191,46,227.84,10.02,9.88,0.14,2.25,0.84,34.69,76.57,2025-01-31 16:30:00,NORMAL
191,36,218.65,9.83,8.97,0.86,1.96,0.83,44.48,33.8,2025-01-31 16:35:00,NORMAL
171,13,227.32,9.64,8.65,0.99,1.97,0.81,54.65,81.5,2025-01-31 16:40:00,NORMAL
186,16,246.27,8.39,7.52,0.87,1.85,0.99,56.69,57.98,2025-01-31 16:45:00,NORMAL
192,16,224.98,12.85,12.81,0.04,2.88,0.77,59.42,43.15,2025-01-31 16:50:00,NORMAL
104,5,223.19,12.03,12.13,0.1,2.71,0.94,58.52,47.93,2025-01-31 16:55:00,NORMAL
141,25,223.82,10.89,11.15,0.26,2.5,0.83,43.15,84.16,2025-01-31 17:00:00,NORMAL
106,38,228.1,12.71,13.25,0.54,3.02,0.8,54.77,30.36,2025-01-31 17:05:00,NORMAL
141,38,247.92,10.95,11.22,0.27,2.78,0.76,41.02,78.1,2025-01-31 17:10:00,NORMAL
135,38,244.06,9.39,9.61,0.22,2.35,0.89,49.56,85.44,2025-01-31 17:15:00,NORMAL
126,39,228.57,9.16,9.59,0.43,2.19,0.8,41.59,45.0,2025-01-31 17:20:00,NORMAL
157,48,223.57,10.77,11.33,0.56,2.53,0.94,44.66,79.32,2025-01-31 17:25:00,NORMAL
145,41,212.39,7.24,7.69,0.45,1.63,0.99,39.83,39.67,2025-01-31 17:30:00,NORMAL
165,26,220.89,11.73,11.56,0.17,2.55,0.77,18.31,30.97,2025-01-31 17:35:00,NORMAL
124,13,210.25,6.74,6.32,0.42,1.33,0.74,40.96,66.27,2025-01-31 17:40:00,NORMAL
172,44,237.4,12.2,11.82,0.38,2.81,0.79,54.04,68.77,2025-01-31 17:45:00,NORMAL
126,26,243.36,10.99,11.05,0.06,2.69,0.84,59.24,39.01,2025-01-31 17:50:00,NORMAL
100,1,226.25,13.9,13.87,0.03,3.14,0.79,52.35,60.75,2025-01-31 17:55:00,NORMAL
186,8,233.84,10.36,9.98,0.38,2.33,0.99,30.65,53.13,2025-01-31 18:00:00,NORMAL
173,4,219.11,11.31,11.01,0.3,2.41,0.93,37.47,34.58,2025-01-31 18:05:00,NORMAL
141,21,210.6,11.39,10.91,0.48,2.3,0.99,20.93,60.46,2025-01-31 18:10:00,NORMAL
151,22,230.56,8.23,8.51,0.28,1.96,0.81,55.18,65.11,2025-01-31 18:15:00,NORMAL
124,37,233.83,7.87,6.8,1.07,1.59,0.79,31.62,43.03,2025-01-31 18:20:00,LEAKAGE_WARNING
153,49,247.04,8.13,7.61,0.52,1.88,0.82,50.58,74.39,2025-01-31 18:25:00,NORMAL
166,3,250.63,9.93,9.36,0.57,2.35,0.86,51.73,34.36,2025-01-31 18:30:00,NORMAL
105,19,227.21,9.99,10.32,0.33,2.34,0.92,31.67,63.06,2025-01-31 18:35:00,NORMAL
157,1,239.12,10.07,10.41,0.34,2.49,0.96,49.07,48.2,2025-01-31 18:40:00,NORMAL
169,29,233.15,10.99,11.14,0.15,2.6,0.84,72.16,56.16,2025-01-31 18:45:00,NORMAL
152,23,230.02,8.51,7.94,0.57,1.83,0.79,39.74,83.61,2025-01-31 18:50:00,NORMAL
165,33,229.63,11.68,12.06,0.38,2.77,0.8,61.27,70.2,2025-01-31 18:55:00,NORMAL
157,41,228.55,10.86,10.44,0.42,2.39,0.91,48.99,38.93,2025-01-31 19:00:00,NORMAL
181,23,228.98,13.16,12.23,0.93,2.8,0.87,49.59,83.18,2025-01-31 19:05:00,NORMAL
186,5,246.57,10.86,11.01,0.15,2.71,0.85,43.63,52.37,2025-01-31 19:10:00,NORMAL
101,7,232.15,9.86,10.13,0.27,2.35,0.76,58.99,50.48,2025-01-31 19:15:00,NORMAL
175,6,247.42,14.29,14.46,0.17,3.58,0.96,42.64,60.09,2025-01-31 19:20:00,NORMAL
121,49,221.02,9.83,9.71,0.12,2.15,0.93,54.01,42.32,2025-01-31 19:25:00,NORMAL
136,22,201.67,10.58,9.9,0.68,2.0,0.74,59.02,84.85,2025-01-31 19:30:00,NORMAL
119,49,225.37,10.87,10.16,0.71,2.29,0.81,60.23,58.07,2025-01-31 19:35:00,NORMAL
123,13,221.64,11.86,11.26,0.6,2.5,0.86,53.46,53.63,2025-01-31 19:40:00,NORMAL
183,12,215.06,10.17,10.94,0.77,2.35,0.84,56.39,40.26,2025-01-31 19:45:00,NORMAL
164,4,243.01,15.53,15.42,0.11,3.75,0.82,45.44,78.16,2025-01-31 19:50:00,NORMAL
164,8,216.64,8.85,9.09,0.24,1.97,0.92,38.63,87.17,2025-01-31 19:55:00,NORMAL
180,37,235.83,12.98,12.58,0.4,2.97,0.72,49.95,82.18,2025-01-31 20:00:00,NORMAL
100,31,250.14,7.08,6.43,0.65,1.61,0.84,50.09,39.69,2025-01-31 20:05:00,NORMAL
193,37,218.5,8.03,8.08,0.05,1.77,0.78,50.02,75.1,2025-01-31 20:10:00,NORMAL
102,45,227.69,6.89,5.73,1.16,1.3,0.73,61.72,42.25,2025-01-31 20:15:00,LEAKAGE_WARNING
145,26,243.53,8.15,8.4,0.25,2.05,0.84,45.51,32.33,2025-01-31 20:20:00,NORMAL
154,43,225.85,6.73,6.26,0.47,1.41,0.75,24.7,59.07,2025-01-31 20:25:00,NORMAL
174,8,233.32,10.22,8.95,1.27,2.09,0.78,14.47,70.22,2025-01-31 20:30:00,LEAKAGE_WARNING
187,40,236.39,8.21,7.55,0.66,1.78,0.85,47.82,37.46,2025-01-31 20:35:00,NORMAL
185,33,231.74,13.03,12.53,0.5,2.9,0.99,60.41,66.33,2025-01-31 20:40:00,NORMAL
163,45,225.52,11.01,10.9,0.11,2.46,0.91,41.86,80.62,2025-01-31 20:45:00,NORMAL
144,29,222.19,10.13,9.62,0.51,2.14,0.78,73.18,42.54,2025-01-31 20:50:00,NORMAL
125,5,219.05,10.53,10.61,0.08,2.32,0.81,47.47,55.67,2025-01-31 20:55:00,NORMAL
176,28,235.97,11.29,10.53,0.76,2.48,0.82,81.07,59.93,2025-01-31 21:00:00,OVERHEAT
164,40,223.42,12.39,12.55,0.16,2.8,0.75,43.71,79.87,2025-01-31 21:05:00,NORMAL
123,17,241.96,9.01,8.93,0.08,2.16,0.75,68.74,76.28,2025-01-31 21:10:00,NORMAL
173,23,245.89,8.64,8.86,0.22,2.18,0.74,38.88,76.16,2025-01-31 21:15:00,NORMAL
134,45,218.43,10.83,10.8,0.03,2.36,0.86,61.1,70.74,2025-01-31 21:20:00,NORMAL
123,9,237.38,13.14,13.17,0.03,3.13,0.9,53.99,67.07,2025-01-31 21:25:00,NORMAL
127,2,250.59,7.28,8.09,0.81,2.03,0.88,50.38,60.53,2025-01-31 21:30:00,NORMAL
199,32,221.45,10.8,10.58,0.22,2.34,0.99,50.32,52.18,2025-01-31 21:35:00,NORMAL
179,49,242.01,12.58,12.62,0.04,3.05,0.74,66.44,60.79,2025-01-31 21:40:00,NORMAL
115,31,235.62,11.23,11.68,0.45,2.75,1.0,42.62,81.22,2025-01-31 21:45:00,NORMAL
158,7,239.6,10.66,10.8,0.14,2.59,0.84,46.91,64.24,2025-01-31 21:50:00,NORMAL
180,30,222.44,11.08,10.7,0.38,2.38,0.77,86.24,89.14,2025-01-31 21:55:00,OVERHEAT
153,3,249.05,13.61,14.3,0.69,3.56,0.98,53.42,38.55,2025-01-31 22:00:00,NORMAL
178,9,223.3,11.59,11.47,0.12,2.56,0.84,63.78,56.47,2025-01-31 22:05:00,NORMAL
115,10,236.41,6.9,6.13,0.77,1.45,0.8,41.6,42.02,2025-01-31 22:10:00,NORMAL
114,46,229.37,9.83,9.85,0.02,2.26,0.76,37.25,51.91,2025-01-31 22:15:00,NORMAL
197,47,235.37,10.18,9.25,0.93,2.18,0.78,56.84,77.39,2025-01-31 22:20:00,NORMAL
110,26,220.17,12.05,11.31,0.74,2.49,0.99,48.58,79.49,2025-01-31 22:25:00,NORMAL
164,1,217.73,10.17,9.79,0.38,2.13,0.79,42.29,31.9,2025-01-31 22:30:00,NORMAL
178,30,232.87,10.03,9.84,0.19,2.29,0.99,19.96,87.2,2025-01-31 22:35:00,NORMAL
189,38,226.33,10.09,9.89,0.2,2.24,0.8,18.44,82.31,2025-01-31 22:40:00,NORMAL
167,15,225.99,10.48,10.04,0.44,2.27,0.77,16.15,84.3,2025-01-31 22:45:00,NORMAL
142,25,235.45,9.81,8.61,1.2,2.03,0.76,50.37,52.61,2025-01-31 22:50:00,LEAKAGE_WARNING
168,6,215.05,9.16,8.71,0.45,1.87,0.82,29.13,59.82,2025-01-31 22:55:00,NORMAL
198,18,242.07,9.7,8.76,0.94,2.12,0.77,19.09,40.11,2025-01-31 23:00:00,NORMAL
112,1,231.2,10.61,10.99,0.38,2.54,0.91,31.99,53.81,2025-01-31 23:05:00,NORMAL
109,3,237.63,11.24,11.31,0.07,2.69,0.77,16.46,37.57,2025-01-31 23:10:00,NORMAL
174,17,235.27,15.47,15.26,0.21,3.59,0.95,35.89,81.8,2025-01-31 23:15:00,NORMAL
181,48,235.82,7.34,6.47,0.87,1.53,0.95,35.15,64.87,2025-01-31 23:20:00,NORMAL
197,8,218.02,11.17,11.87,0.7,2.59,0.79,52.62,38.16,2025-01-31 23:25:00,NORMAL
140,49,241.65,12.95,11.24,1.71,2.72,0.93,47.45,82.74,2025-01-31 23:30:00,LEAKAGE_WARNING
149,40,232.73,8.45,8.25,0.2,1.92,0.96,37.78,34.82,2025-01-31 23:35:00,NORMAL
186,17,225.25,11.37,10.58,0.79,2.38,0.88,54.9,85.62,2025-01-31 23:40:00,NORMAL
170,25,228.75,9.27,9.08,0.19,2.08,0.81,26.39,36.34,2025-01-31 23:45:00,NORMAL
158,41,233.62,8.97,9.18,0.21,2.14,0.83,37.85,73.08,2025-01-31 23:50:00,NORMAL
138,12,231.8,8.53,7.47,1.06,1.73,0.94,33.18,68.72,2025-01-31 23:55:00,LEAKAGE_WARNING
102,29,235.97,9.82,9.72,0.1,2.29,0.79,44.13,76.96,2025-02-01 00:00:00,NORMAL
175,25,246.53,9.74,9.9,0.16,2.44,0.8,13.96,63.89,2025-02-01 00:05:00,NORMAL
106,36,219.63,11.51,11.12,0.39,2.44,0.75,79.25,51.0,2025-02-01 00:10:00,NORMAL
148,25,237.5,7.11,6.61,0.5,1.57,0.82,50.3,46.46,2025-02-01 00:15:00,NORMAL
125,29,228.93,11.7,11.33,0.37,2.59,0.73,50.8,86.73,2025-02-01 00:20:00,NORMAL
132,11,241.43,11.66,11.25,0.41,2.72,0.8,14.5,56.48,2025-02-01 00:25:00,NORMAL
147,4,246.26,10.62,10.23,0.39,2.52,0.81,48.31,80.53,2025-02-01 00:30:00,NORMAL
178,14,231.96,14.58,13.76,0.82,3.19,0.78,41.65,73.38,2025-02-01 00:35:00,NORMAL
101,46,236.21,12.47,12.24,0.23,2.89,0.73,61.77,69.37,2025-02-01 00:40:00,NORMAL
170,38,242.16,9.0,9.12,0.12,2.21,0.86,40.67,88.24,2025-02-01 00:45:00,NORMAL
131,17,239.98,7.62,7.06,0.56,1.69,0.96,39.69,63.93,2025-02-01 00:50:00,NORMAL
103,2,242.57,8.62,9.65,1.03,2.34,0.8,44.16,73.98,2025-02-01 00:55:00,LEAKAGE_WARNING
119,8,227.02,8.84,8.34,0.5,1.89,0.77,65.77,80.98,2025-02-01 01:00:00,NORMAL
135,36,224.83,6.34,5.39,0.95,1.21,0.79,21.4,32.76,2025-02-01 01:05:00,NORMAL
131,10,218.64,10.99,10.41,0.58,2.28,0.96,18.88,89.78,2025-02-01 01:10:00,NORMAL
127,7,228.05,7.37,7.96,0.59,1.82,0.86,11.31,45.73,2025-02-01 01:15:00,NORMAL
176,36,229.16,10.47,9.55,0.92,2.19,0.74,61.22,72.15,2025-02-01 01:20:00,NORMAL
100,16,228.56,11.88,11.96,0.08,2.73,0.91,59.45,87.22,2025-02-01 01:25:00,NORMAL
159,14,234.92,12.8,12.5,0.3,2.94,0.75,26.88,75.79,2025-02-01 01:30:00,NORMAL
155,16,235.18,9.5,8.65,0.85,2.03,0.72,23.66,43.78,2025-02-01 01:35:00,NORMAL
134,25,229.35,8.57,8.68,0.11,1.99,0.78,59.38,51.74,2025-02-01 01:40:00,NORMAL
129,41,233.47,12.67,12.4,0.27,2.9,0.75,23.31,54.85,2025-02-01 01:45:00,NORMAL
153,4,238.27,13.01,13.46,0.45,3.21,0.88,40.7,65.18,2025-02-01 01:50:00,NORMAL
135,29,222.01,11.37,11.26,0.11,2.5,0.85,36.75,66.18,2025-02-01 01:55:00,NORMAL
154,6,239.33,8.62,9.0,0.38,2.15,0.92,93.79,77.27,2025-02-01 02:00:00,OVERHEAT
188,1,223.89,7.37,6.93,0.44,1.55,0.85,42.53,81.58,2025-02-01 02:05:00,NORMAL
179,39,244.39,12.23,12.76,0.53,3.12,0.83,64.11,35.37,2025-02-01 02:10:00,NORMAL
157,1,231.66,9.88,9.72,0.16,2.25,0.86,51.91,46.39,2025-02-01 02:15:00,NORMAL
182,40,230.64,12.48,12.56,0.08,2.9,0.83,37.91,50.62,2025-02-01 02:20:00,NORMAL
164,3,212.1,8.67,8.83,0.16,1.87,0.71,36.31,30.8,2025-02-01 02:25:00,NORMAL
168,1,236.58,12.22,11.47,0.75,2.71,0.9,46.17,55.06,2025-02-01 02:30:00,NORMAL
150,1,230.95,12.81,13.15,0.34,3.04,0.99,46.32,51.53,2025-02-01 02:35:00,NORMAL
121,39,231.74,9.52,9.59,0.07,2.22,0.83,37.42,61.52,2025-02-01 02:40:00,NORMAL
187,21,229.07,10.62,10.32,0.3,2.36,0.83,53.37,36.01,2025-02-01 02:45:00,NORMAL
152,45,236.25,7.68,7.16,0.52,1.69,0.71,45.56,54.84,2025-02-01 02:50:00,NORMAL
199,30,238.25,7.73,8.43,0.7,2.01,0.97,34.52,65.84,2025-02-01 02:55:00,NORMAL
135,32,234.84,10.63,10.52,0.11,2.47,0.98,39.59,78.23,2025-02-01 03:00:00,NORMAL
167,33,243.17,8.92,8.34,0.58,2.03,0.94,52.63,75.99,2025-02-01 03:05:00,NORMAL
135,48,222.81,10.48,9.45,1.03,2.11,0.73,29.12,54.29,2025-02-01 03:10:00,LEAKAGE_WARNING
151,22,224.07,10.33,10.11,0.22,2.27,0.97,29.11,53.37,2025-02-01 03:15:00,NORMAL
152,30,234.07,11.3,11.8,0.5,2.76,0.71,25.81,32.25,2025-02-01 03:20:00,NORMAL
181,46,236.62,11.06,10.87,0.19,2.57,0.83,39.58,34.96,2025-02-01 03:25:00,NORMAL
149,4,235.17,11.84,11.88,0.04,2.79,0.85,41.26,82.34,2025-02-01 03:30:00,NORMAL
179,23,217.12,10.45,10.08,0.37,2.19,0.95,28.33,78.35,2025-02-01 03:35:00,NORMAL
140,44,217.97,10.61,9.49,1.12,2.07,0.93,44.99,31.27,2025-02-01 03:40:00,LEAKAGE_WARNING
117,25,228.15,10.0,10.39,0.39,2.37,0.94,45.11,82.96,2025-02-01 03:45:00,NORMAL
121,12,212.11,12.1,11.35,0.75,2.41,0.96,58.93,66.83,2025-02-01 03:50:00,NORMAL
165,17,232.61,13.68,13.03,0.65,3.03,0.84,58.45,78.12,2025-02-01 03:55:00,NORMAL
120,15,229.25,11.5,10.97,0.53,2.51,0.93,15.0,60.15,2025-02-01 04:00:00,NORMAL
199,10,220.86,10.99,10.66,0.33,2.35,0.72,49.32,39.04,2025-02-01 04:05:00,NORMAL
143,35,224.48,9.57,8.33,1.24,1.87,0.83,15.45,51.41,2025-02-01 04:10:00,LEAKAGE_WARNING
146,29,231.1,10.49,9.64,0.85,2.23,0.71,53.53,57.0,2025-02-01 04:15:00,NORMAL
138,12,215.06,9.21,9.3,0.09,2.0,0.97,53.23,75.23,2025-02-01 04:20:00,NORMAL
128,1,223.97,8.77,8.55,0.22,1.91,0.99,29.94,78.76,2025-02-01 04:25:00,NORMAL
153,1,227.37,9.61,9.95,0.34,2.26,0.73,50.05,74.49,2025-02-01 04:30:00,NORMAL
189,10,227.0,13.58,12.69,0.89,2.88,0.86,29.49,58.6,2025-02-01 04:35:00,NORMAL
184,18,227.29,9.83,9.61,0.22,2.18,0.8,43.0,69.82,2025-02-01 04:40:00,NORMAL
116,47,243.59,13.25,14.01,0.76,3.41,0.8,46.19,47.73,2025-02-01 04:45:00,NORMAL
179,2,239.49,8.06,9.09,1.03,2.18,0.84,41.03,89.27,2025-02-01 04:50:00,LEAKAGE_WARNING
159,49,223.57,10.28,10.36,0.08,2.32,0.74,56.13,40.09,2025-02-01 04:55:00,NORMAL
130,8,219.63,11.44,11.66,0.22,2.56,0.75,33.23,73.42,2025-02-01 05:00:00,NORMAL
172,22,225.87,11.54,11.56,0.02,2.61,0.87,52.52,39.3,2025-02-01 05:05:00,NORMAL
194,22,242.27,7.83,7.73,0.1,1.87,0.71,26.54,46.85,2025-02-01 05:10:00,NORMAL
177,26,208.73,7.57,6.72,0.85,1.4,0.88,13.37,74.93,2025-02-01 05:15:00,NORMAL
148,26,230.84,11.24,10.33,0.91,2.38,0.8,19.28,73.75,2025-02-01 05:20:00,NORMAL
101,9,226.92,8.89,7.57,1.32,1.72,0.95,30.14,37.47,2025-02-01 05:25:00,LEAKAGE_WARNING
147,21,241.98,11.27,10.22,1.05,2.47,0.88,54.82,70.71,2025-02-01 05:30:00,LEAKAGE_WARNING
113,31,239.81,12.87,12.36,0.51,2.96,0.91,53.2,42.23,2025-02-01 05:35:00,NORMAL
158,43,215.32,8.69,9.19,0.5,1.98,0.73,41.69,88.38,2025-02-01 05:40:00,NORMAL
196,6,241.97,8.96,8.36,0.6,2.02,0.78,13.61,66.18,2025-02-01 05:45:00,NORMAL
198,14,206.66,5.95,6.54,0.59,1.35,1.0,72.33,30.21,2025-02-01 05:50:00,NORMAL
157,33,236.12,11.6,11.23,0.37,2.65,0.83,22.13,42.51,2025-02-01 05:55:00,NORMAL
157,7,237.02,14.26,14.8,0.54,3.51,0.81,50.36,43.78,2025-02-01 06:00:00,NORMAL
150,24,246.85,7.51,6.34,1.17,1.57,0.96,38.87,44.83,2025-02-01 06:05:00,LEAKAGE_WARNING
183,9,232.27,12.49,12.1,0.39,2.81,0.71,51.03,63.43,2025-02-01 06:10:00,NORMAL
101,11,223.36,12.67,12.57,0.1,2.81,0.86,64.81,42.34,2025-02-01 06:15:00,NORMAL
140,23,219.92,11.57,11.6,0.03,2.55,0.76,47.81,54.77,2025-02-01 06:20:00,NORMAL
182,48,244.6,8.79,8.61,0.18,2.11,0.81,55.65,40.4,2025-02-01 06:25:00,NORMAL
181,2,246.97,9.51,9.67,0.16,2.39,0.76,91.12,70.01,2025-02-01 06:30:00,OVERHEAT
115,15,225.52,11.1,11.06,0.04,2.49,0.71,60.23,64.12,2025-02-01 06:35:00,NORMAL
103,35,230.22,11.05,11.85,0.8,2.73,0.82,20.56,67.72,2025-02-01 06:40:00,NORMAL
111,36,243.63,9.5,9.76,0.26,2.38,0.94,3.73,88.04,2025-02-01 06:45:00,NORMAL
128,28,237.69,10.92,11.3,0.38,2.69,0.99,52.99,53.96,2025-02-01 06:50:00,NORMAL
106,39,228.13,9.28,8.82,0.46,2.01,0.89,38.04,42.93,2025-02-01 06:55:00,NORMAL
113,44,222.4,9.77,9.55,0.22,2.12,0.82,56.97,89.93,2025-02-01 07:00:00,NORMAL
111,4,221.59,9.59,8.96,0.63,1.99,0.93,6.78,33.48,2025-02-01 07:05:00,NORMAL
198,10,239.53,12.19,12.2,0.01,2.92,0.85,62.49,78.62,2025-02-01 07:10:00,NORMAL
104,6,226.33,7.14,6.88,0.26,1.56,0.81,43.47,39.73,2025-02-01 07:15:00,NORMAL
180,30,225.93,11.3,12.12,0.82,2.74,0.75,76.34,69.89,2025-02-01 07:20:00,NORMAL
131,46,236.12,10.72,10.06,0.66,2.38,0.94,44.95,58.43,2025-02-01 07:25:00,NORMAL
173,35,230.81,5.46,4.63,0.83,1.07,0.85,53.03,80.34,2025-02-01 07:30:00,NORMAL
142,49,233.89,11.74,11.21,0.53,2.62,0.99,39.33,73.87,2025-02-01 07:35:00,NORMAL
180,43,226.76,11.99,12.23,0.24,2.77,0.94,38.17,40.34,2025-02-01 07:40:00,NORMAL
168,10,226.34,9.19,8.71,0.48,1.97,0.83,49.4,69.91,2025-02-01 07:45:00,NORMAL
144,32,222.66,10.97,10.68,0.29,2.38,0.92,40.37,43.03,2025-02-01 07:50:00,NORMAL
108,42,237.09,10.54,11.32,0.78,2.68,0.84,36.13,40.16,2025-02-01 07:55:00,NORMAL
148,42,230.85,14.46,13.64,0.82,3.15,0.72,50.55,35.05,2025-02-01 08:00:00,NORMAL
132,3,232.93,11.0,11.33,0.33,2.64,0.86,36.36,36.82,2025-02-01 08:05:00,NORMAL
199,26,219.8,10.21,9.72,0.49,2.14,0.96,51.04,72.23,2025-02-01 08:10:00,NORMAL
199,15,236.96,12.19,11.98,0.21,2.84,0.96,21.43,89.53,2025-02-01 08:15:00,NORMAL
117,17,233.12,13.22,12.35,0.87,2.88,0.87,45.14,70.55,2025-02-01 08:20:00,NORMAL
108,27,237.3,14.14,14.37,0.23,3.41,0.81,42.15,72.51,2025-02-01 08:25:00,NORMAL
161,18,233.45,8.8,8.85,0.05,2.07,0.7,11.35,76.96,2025-02-01 08:30:00,NORMAL
156,19,232.86,10.86,10.32,0.54,2.4,0.79,26.59,83.34,2025-02-01 08:35:00,NORMAL
128,12,211.8,8.76,8.86,0.1,1.88,1.0,6.56,46.06,2025-02-01 08:40:00,NORMAL
177,24,241.38,14.64,13.73,0.91,3.31,0.92,46.53,66.27,2025-02-01 08:45:00,NORMAL
124,5,216.8,10.09,10.27,0.18,2.23,0.92,33.04,43.0,2025-02-01 08:50:00,NORMAL
114,24,240.37,11.91,11.42,0.49,2.75,0.93,40.16,61.54,2025-02-01 08:55:00,NORMAL
105,27,229.27,9.67,9.47,0.2,2.17,0.89,64.97,42.52,2025-02-01 09:00:00,NORMAL
141,48,213.93,11.0,11.13,0.13,2.38,0.88,44.99,33.84,2025-02-01 09:05:00,NORMAL
128,30,229.14,6.39,5.53,0.86,1.27,0.84,49.38,35.3,2025-02-01 09:10:00,NORMAL
178,15,215.0,12.08,12.41,0.33,2.67,0.83,37.74,88.58,2025-02-01 09:15:00,NORMAL
192,47,241.08,12.61,12.14,0.47,2.93,0.96,33.98,30.36,2025-02-01 09:20:00,NORMAL
103,38,224.84,8.81,9.86,1.05,2.22,0.82,23.45,71.41,2025-02-01 09:25:00,LEAKAGE_WARNING
181,44,219.59,6.38,6.02,0.36,1.32,0.95,55.82,83.24,2025-02-01 09:30:00,NORMAL
156,34,236.61,12.97,12.16,0.81,2.88,0.95,68.16,53.62,2025-02-01 09:35:00,NORMAL
148,27,229.58,12.71,12.58,0.13,2.89,0.93,62.56,72.49,2025-02-01 09:40:00,NORMAL
143,20,235.2,11.58,11.27,0.31,2.65,0.71,27.18,50.93,2025-02-01 09:45:00,NORMAL
179,41,228.86,9.63,8.58,1.05,1.96,0.74,63.84,61.74,2025-02-01 09:50:00,LEAKAGE_WARNING
174,32,241.57,9.44,8.71,0.73,2.1,0.79,42.58,86.14,2025-02-01 09:55:00,NORMAL
113,4,225.98,12.67,13.58,0.91,3.07,0.95,67.07,32.54,2025-02-01 10:00:00,NORMAL
102,5,214.24,9.36,9.43,0.07,2.02,0.96,50.78,46.03,2025-02-01 10:05:00,NORMAL
161,8,219.06,10.31,10.25,0.06,2.25,0.71,49.71,36.36,2025-02-01 10:10:00,NORMAL
163,22,234.35,9.99,9.63,0.36,2.26,0.8,50.11,59.76,2025-02-01 10:15:00,NORMAL
144,42,223.42,10.66,10.49,0.17,2.34,0.96,19.59,76.23,2025-02-01 10:20:00,NORMAL
181,7,242.83,9.79,9.85,0.06,2.39,0.77,26.05,88.6,2025-02-01 10:25:00,NORMAL
157,22,218.29,10.02,10.11,0.09,2.21,0.99,35.61,39.33,2025-02-01 10:30:00,NORMAL
119,46,240.18,13.58,14.1,0.52,3.39,0.85,39.53,32.64,2025-02-01 10:35:00,NORMAL
157,30,225.67,11.05,11.35,0.3,2.56,0.98,46.76,38.3,2025-02-01 10:40:00,NORMAL
188,37,243.08,10.77,10.15,0.62,2.47,0.83,38.06,88.13,2025-02-01 10:45:00,NORMAL
156,16,235.06,11.64,11.96,0.32,2.81,0.8,37.41,49.21,2025-02-01 10:50:00,NORMAL
176,15,231.93,7.76,7.96,0.2,1.85,0.81,63.6,46.03,2025-02-01 10:55:00,NORMAL
167,5,236.64,12.04,12.57,0.53,2.97,0.97,65.27,74.1,2025-02-01 11:00:00,NORMAL
177,3,242.27,10.61,10.22,0.39,2.48,0.8,54.08,37.24,2025-02-01 11:05:00,NORMAL
196,23,229.49,8.77,8.09,0.68,1.86,0.9,34.13,50.94,2025-02-01 11:10:00,NORMAL
191,10,211.23,9.81,9.03,0.78,1.91,0.84,51.29,38.69,2025-02-01 11:15:00,NORMAL
151,5,242.0,11.07,11.06,0.01,2.68,0.98,64.21,88.46,2025-02-01 11:20:00,NORMAL
136,23,227.29,10.17,10.0,0.17,2.27,0.75,41.31,47.11,2025-02-01 11:25:00,NORMAL
107,15,255.6,12.17,11.96,0.21,3.06,0.83,65.14,46.15,2025-02-01 11:30:00,NORMAL
143,18,223.97,8.5,8.51,0.01,1.91,0.74,74.03,68.06,2025-02-01 11:35:00,NORMAL
197,25,226.19,7.75,7.39,0.36,1.67,0.87,59.64,31.0,2025-02-01 11:40:00,NORMAL
104,8,237.44,8.48,7.71,0.77,1.83,0.82,54.3,69.21,2025-02-01 11:45:00,NORMAL
168,31,237.62,9.18,8.48,0.7,2.02,0.72,50.2,57.23,2025-02-01 11:50:00,NORMAL
130,21,234.23,10.27,10.15,0.12,2.38,0.95,54.51,41.05,2025-02-01 11:55:00,NORMAL
144,2,224.4,9.34,9.41,0.07,2.11,0.81,51.28,59.18,2025-02-01 12:00:00,NORMAL
108,22,218.4,7.63,8.01,0.38,1.75,0.85,26.64,89.94,2025-02-01 12:05:00,NORMAL
131,8,223.23,7.29,7.96,0.67,1.78,0.82,64.96,80.33,2025-02-01 12:10:00,NORMAL
132,23,214.83,7.44,6.97,0.47,1.5,0.85,46.29,88.45,2025-02-01 12:15:00,NORMAL
166,32,250.63,9.42,9.22,0.2,2.31,0.7,81.56,85.56,2025-02-01 12:20:00,OVERHEAT
129,8,219.75,8.38,8.18,0.2,1.8,0.94,86.49,79.22,2025-02-01 12:25:00,OVERHEAT
175,4,227.06,9.23,7.81,1.42,1.77,0.8,41.24,50.08,2025-02-01 12:30:00,LEAKAGE_WARNING
128,30,236.92,12.66,11.67,0.99,2.76,0.92,48.07,73.8,2025-02-01 12:35:00,NORMAL
102,19,230.05,7.66,7.44,0.22,1.71,0.72,38.55,53.49,2025-02-01 12:40:00,NORMAL
189,23,224.09,10.6,10.3,0.3,2.31,0.86,30.7,55.77,2025-02-01 12:45:00,NORMAL
156,18,228.51,7.63,7.98,0.35,1.82,0.97,44.14,82.4,2025-02-01 12:50:00,NORMAL
129,29,223.91,7.33,6.81,0.52,1.52,0.82,45.49,42.31,2025-02-01 12:55:00,NORMAL
108,23,227.46,10.74,10.43,0.31,2.37,0.76,25.44,47.8,2025-02-01 13:00:00,NORMAL
125,33,233.91,11.35,11.59,0.24,2.71,0.73,28.22,85.83,2025-02-01 13:05:00,NORMAL
101,47,219.63,11.58,11.26,0.32,2.47,0.96,0.4,71.98,2025-02-01 13:10:00,NORMAL
161,18,240.8,12.22,11.5,0.72,2.77,0.77,27.47,33.89,2025-02-01 13:15:00,NORMAL
102,44,230.73,9.65,8.42,1.23,1.94,0.99,57.68,37.3,2025-02-01 13:20:00,LEAKAGE_WARNING
145,33,224.17,10.55,11.11,0.56,2.49,0.77,66.65,64.77,2025-02-01 13:25:00,NORMAL
167,7,226.84,9.23,9.6,0.37,2.18,0.84,15.43,77.93,2025-02-01 13:30:00,NORMAL
124,28,241.67,12.59,12.44,0.15,3.01,0.84,24.9,77.57,2025-02-01 13:35:00,NORMAL
150,1,238.18,8.18,7.86,0.32,1.87,0.72,63.4,55.5,2025-02-01 13:40:00,NORMAL
112,39,232.4,11.0,9.96,1.04,2.31,0.86,32.2,45.51,2025-02-01 13:45:00,LEAKAGE_WARNING
143,34,224.0,7.87,7.06,0.81,1.58,0.9,38.08,77.26,2025-02-01 13:50:00,NORMAL
134,39,235.68,10.22,11.06,0.84,2.61,0.92,34.69,86.64,2025-02-01 13:55:00,NORMAL
154,19,230.14,6.79,6.8,0.01,1.56,0.86,58.75,56.65,2025-02-01 14:00:00,NORMAL
186,31,247.46,10.45,11.01,0.56,2.72,0.94,70.11,38.24,2025-02-01 14:05:00,NORMAL
108,13,229.62,13.95,14.4,0.45,3.31,0.93,46.1,66.58,2025-02-01 14:10:00,NORMAL
101,24,246.84,8.88,8.39,0.49,2.07,0.76,38.41,34.3,2025-02-01 14:15:00,NORMAL
160,5,231.95,9.52,9.25,0.27,2.15,0.82,41.68,66.69,2025-02-01 14:20:00,NORMAL
140,23,219.63,11.73,10.7,1.03,2.35,0.74,58.38,40.38,2025-02-01 14:25:00,LEAKAGE_WARNING
143,19,262.97,10.09,10.59,0.5,2.78,0.74,52.88,60.96,2025-02-01 14:30:00,VOLTAGE_FAULT
163,1,215.53,12.44,12.25,0.19,2.64,0.91,41.24,67.53,2025-02-01 14:35:00,NORMAL
130,33,210.23,10.79,10.86,0.07,2.28,0.86,44.34,56.8,2025-02-01 14:40:00,NORMAL
146,33,209.25,11.75,10.76,0.99,2.25,0.88,34.23,79.64,2025-02-01 14:45:00,NORMAL
101,32,257.4,6.04,6.29,0.25,1.62,0.92,34.97,52.48,2025-02-01 14:50:00,NORMAL
195,28,251.24,10.18,9.87,0.31,2.48,0.78,24.02,39.3,2025-02-01 14:55:00,NORMAL
181,37,231.44,7.78,8.28,0.5,1.92,0.82,62.18,57.83,2025-02-01 15:00:00,NORMAL
176,41,234.34,9.21,8.29,0.92,1.94,0.88,11.04,87.81,2025-02-01 15:05:00,NORMAL
168,12,232.51,10.86,9.74,1.12,2.26,0.73,49.18,82.81,2025-02-01 15:10:00,LEAKAGE_WARNING
157,9,212.29,9.54,9.69,0.15,2.06,0.95,44.6,48.66,2025-02-01 15:15:00,NORMAL
143,11,244.59,8.43,8.64,0.21,2.11,0.8,43.59,44.56,2025-02-01 15:20:00,NORMAL
173,33,243.28,12.51,12.18,0.33,2.96,0.9,35.82,59.0,2025-02-01 15:25:00,NORMAL
155,19,217.69,12.01,12.22,0.21,2.66,1.0,40.59,69.31,2025-02-01 15:30:00,NORMAL
142,42,233.26,7.26,6.49,0.77,1.51,0.84,71.4,85.6,2025-02-01 15:35:00,NORMAL
188,34,229.27,11.52,11.09,0.43,2.54,0.76,46.1,66.8,2025-02-01 15:40:00,NORMAL
133,7,227.89,10.34,9.51,0.83,2.17,0.76,47.42,80.17,2025-02-01 15:45:00,NORMAL
129,31,223.21,10.47,10.81,0.34,2.41,0.72,47.9,71.76,2025-02-01 15:50:00,NORMAL
170,2,228.88,13.11,13.6,0.49,3.11,0.93,34.48,36.09,2025-02-01 15:55:00,NORMAL
169,19,224.73,10.31,9.93,0.38,2.23,0.79,36.48,83.51,2025-02-01 16:00:00,NORMAL
154,38,240.64,11.43,10.39,1.04,2.5,0.75,52.91,41.97,2025-02-01 16:05:00,LEAKAGE_WARNING
166,32,229.72,10.43,10.7,0.27,2.46,0.91,32.39,52.0,2025-02-01 16:10:00,NORMAL
112,10,223.07,10.44,10.01,0.43,2.23,0.79,43.55,80.42,2025-02-01 16:15:00,NORMAL
102,41,229.75,8.15,8.28,0.13,1.9,0.88,62.42,88.75,2025-02-01 16:20:00,NORMAL
125,8,228.59,14.91,14.18,0.73,3.24,0.83,34.94,48.64,2025-02-01 16:25:00,NORMAL
156,26,228.17,3.85,4.09,0.24,0.93,0.8,43.35,52.99,2025-02-01 16:30:00,NORMAL
123,30,236.77,8.55,8.21,0.34,1.94,0.85,40.84,59.14,2025-02-01 16:35:00,NORMAL
152,11,227.23,9.02,8.26,0.76,1.88,0.79,52.54,59.88,2025-02-01 16:40:00,NORMAL
169,41,224.29,11.82,12.29,0.47,2.76,0.96,47.18,75.02,2025-02-01 16:45:00,NORMAL
142,20,216.4,7.18,6.68,0.5,1.45,0.72,34.74,79.03,2025-02-01 16:50:00,NORMAL
159,20,229.91,9.65,9.63,0.02,2.21,0.71,37.01,89.46,2025-02-01 16:55:00,NORMAL
157,9,242.45,11.57,10.95,0.62,2.65,0.82,35.4,78.25,2025-02-01 17:00:00,NORMAL
148,8,228.76,7.56,7.18,0.38,1.64,0.75,34.19,47.99,2025-02-01 17:05:00,NORMAL
141,15,224.98,9.73,9.74,0.01,2.19,0.92,18.69,51.49,2025-02-01 17:10:00,NORMAL
175,34,222.43,9.66,9.51,0.15,2.12,0.81,47.72,67.08,2025-02-01 17:15:00,NORMAL
199,24,212.76,8.8,9.52,0.72,2.03,0.78,34.96,71.2,2025-02-01 17:20:00,NORMAL
165,33,241.76,10.07,9.43,0.64,2.28,0.81,52.25,35.4,2025-02-01 17:25:00,NORMAL
110,41,234.85,9.15,8.0,1.15,1.88,0.77,46.27,50.62,2025-02-01 17:30:00,LEAKAGE_WARNING
197,41,237.7,11.94,12.01,0.07,2.85,0.79,39.34,42.16,2025-02-01 17:35:00,NORMAL
189,45,232.51,11.06,10.88,0.18,2.53,0.87,38.11,60.47,2025-02-01 17:40:00,NORMAL
117,40,221.95,9.63,8.64,0.99,1.92,0.96,25.19,40.12,2025-02-01 17:45:00,NORMAL
184,27,226.83,10.13,10.83,0.7,2.46,0.81,46.94,64.84,2025-02-01 17:50:00,NORMAL
199,21,224.99,9.22,8.77,0.45,1.97,0.8,43.75,58.04,2025-02-01 17:55:00,NORMAL
151,5,225.83,12.67,11.63,1.04,2.63,0.93,35.65,54.24,2025-02-01 18:00:00,LEAKAGE_WARNING
145,35,225.89,10.9,11.01,0.11,2.49,0.71,15.26,68.94,2025-02-01 18:05:00,NORMAL
143,21,241.05,9.72,9.79,0.07,2.36,0.79,41.91,54.98,2025-02-01 18:10:00,NORMAL
121,4,250.22,10.88,10.02,0.86,2.51,0.84,43.03,53.96,2025-02-01 18:15:00,NORMAL
152,49,221.28,13.78,14.13,0.35,3.13,0.88,61.53,69.07,2025-02-01 18:20:00,NORMAL
158,48,228.31,8.63,8.0,0.63,1.83,0.75,45.56,33.44,2025-02-01 18:25:00,NORMAL
193,16,232.17,11.77,11.38,0.39,2.64,0.83,62.87,55.95,2025-02-01 18:30:00,NORMAL
129,31,220.2,10.83,10.06,0.77,2.22,0.87,35.57,41.72,2025-02-01 18:35:00,NORMAL
107,26,230.53,9.57,9.43,0.14,2.17,0.85,41.02,32.31,2025-02-01 18:40:00,NORMAL
197,35,233.52,8.54,7.57,0.97,1.77,0.87,29.88,32.08,2025-02-01 18:45:00,NORMAL
156,6,229.22,11.72,11.71,0.01,2.68,0.9,41.02,40.06,2025-02-01 18:50:00,NORMAL
172,33,236.27,10.58,11.12,0.54,2.63,0.81,57.4,56.04,2025-02-01 18:55:00,NORMAL
119,21,230.0,12.89,13.46,0.57,3.1,0.72,57.83,64.0,2025-02-01 19:00:00,NORMAL
124,16,201.34,12.34,12.69,0.35,2.56,0.72,48.33,77.75,2025-02-01 19:05:00,NORMAL
118,47,220.39,10.6,10.06,0.54,2.22,0.96,24.82,66.46,2025-02-01 19:10:00,NORMAL
104,39,244.32,8.56,8.74,0.18,2.14,0.9,23.92,61.2,2025-02-01 19:15:00,NORMAL
174,34,235.2,14.11,13.92,0.19,3.27,0.93,41.27,32.18,2025-02-01 19:20:00,NORMAL
178,42,201.49,8.76,8.51,0.25,1.71,0.98,34.82,47.87,2025-02-01 19:25:00,NORMAL
171,15,214.9,11.66,11.85,0.19,2.55,0.93,54.95,71.54,2025-02-01 19:30:00,NORMAL
182,6,237.22,6.46,6.18,0.28,1.47,0.91,52.1,46.23,2025-02-01 19:35:00,NORMAL
186,2,224.24,13.14,12.47,0.67,2.8,0.9,50.17,65.66,2025-02-01 19:40:00,NORMAL
126,24,202.98,5.93,5.71,0.22,1.16,0.78,36.42,66.23,2025-02-01 19:45:00,NORMAL
139,49,240.59,9.37,8.71,0.66,2.1,0.99,47.21,48.31,2025-02-01 19:50:00,NORMAL
195,28,237.24,7.88,7.87,0.01,1.87,0.86,50.01,64.3,2025-02-01 19:55:00,NORMAL
125,1,221.71,12.79,12.46,0.33,2.76,0.77,39.85,36.84,2025-02-01 20:00:00,NORMAL
126,1,242.45,8.52,8.27,0.25,2.01,0.76,41.41,73.62,2025-02-01 20:05:00,NORMAL
161,28,222.09,11.06,10.32,0.74,2.29,0.94,49.55,31.35,2025-02-01 20:10:00,NORMAL
182,36,223.77,10.53,10.12,0.41,2.26,0.78,28.58,32.12,2025-02-01 20:15:00,NORMAL
149,20,225.14,7.11,7.23,0.12,1.63,0.71,36.32,82.22,2025-02-01 20:20:00,NORMAL
141,48,211.05,12.06,11.62,0.44,2.45,0.83,35.13,64.82,2025-02-01 20:25:00,NORMAL
128,8,234.13,9.97,10.25,0.28,2.4,0.95,59.77,39.77,2025-02-01 20:30:00,NORMAL
138,1,235.2,13.02,12.62,0.4,2.97,0.82,37.02,66.1,2025-02-01 20:35:00,NORMAL
159,26,225.41,11.23,11.05,0.18,2.49,0.94,45.41,52.19,2025-02-01 20:40:00,NORMAL
140,43,237.06,8.48,8.21,0.27,1.95,0.95,54.69,46.19,2025-02-01 20:45:00,NORMAL
132,49,214.09,9.6,9.42,0.18,2.02,0.96,33.62,78.68,2025-02-01 20:50:00,NORMAL
182,25,236.86,9.54,9.64,0.1,2.28,0.88,58.14,58.64,2025-02-01 20:55:00,NORMAL
182,10,233.25,11.56,11.73,0.17,2.74,0.91,59.42,47.61,2025-02-01 21:00:00,NORMAL
196,12,223.09,11.49,10.75,0.74,2.4,0.78,13.14,86.62,2025-02-01 21:05:00,NORMAL
115,41,234.14,8.65,7.51,1.14,1.76,0.73,50.35,39.9,2025-02-01 21:10:00,LEAKAGE_WARNING
122,7,221.18,11.89,11.55,0.34,2.55,0.86,60.52,38.52,2025-02-01 21:15:00,NORMAL
106,12,241.05,10.81,10.59,0.22,2.55,0.7,39.23,35.84,2025-02-01 21:20:00,NORMAL
125,47,235.27,11.34,11.75,0.41,2.76,0.84,53.1,37.47,2025-02-01 21:25:00,NORMAL
195,40,233.64,11.04,11.72,0.68,2.74,0.73,25.13,45.17,2025-02-01 21:30:00,NORMAL
111,17,225.38,11.66,12.26,0.6,2.76,0.73,21.23,71.91,2025-02-01 21:35:00,NORMAL
171,5,237.75,8.13,7.66,0.47,1.82,0.96,38.64,70.31,2025-02-01 21:40:00,NORMAL
104,14,242.04,10.38,11.07,0.69,2.68,0.89,30.36,75.81,2025-02-01 21:45:00,NORMAL
191,34,246.07,12.01,11.48,0.53,2.82,0.89,50.35,64.53,2025-02-01 21:50:00,NORMAL
168,48,224.55,12.23,12.58,0.35,2.82,0.82,49.86,59.56,2025-02-01 21:55:00,NORMAL
148,17,238.19,12.23,11.95,0.28,2.85,0.82,71.43,55.91,2025-02-01 22:00:00,NORMAL
125,35,243.95,8.23,8.23,0.0,2.01,0.79,56.96,82.48,2025-02-01 22:05:00,NORMAL
104,1,227.57,14.16,14.49,0.33,3.3,0.83,36.03,50.61,2025-02-01 22:10:00,NORMAL
121,36,244.05,13.53,14.02,0.49,3.42,0.88,45.68,83.49,2025-02-01 22:15:00,NORMAL
178,15,231.59,8.27,8.93,0.66,2.07,0.76,48.26,46.53,2025-02-01 22:20:00,NORMAL
112,19,219.81,9.4,9.74,0.34,2.14,0.78,52.92,39.44,2025-02-01 22:25:00,NORMAL
127,42,222.9,11.37,10.06,1.31,2.24,0.85,13.61,45.31,2025-02-01 22:30:00,LEAKAGE_WARNING
132,5,215.57,8.56,7.71,0.85,1.66,0.82,38.2,59.94,2025-02-01 22:35:00,NORMAL
122,19,229.61,11.16,10.87,0.29,2.5,0.95,60.63,85.55,2025-02-01 22:40:00,NORMAL
196,43,228.4,10.42,10.4,0.02,2.38,0.95,50.92,40.64,2025-02-01 22:45:00,NORMAL
117,39,231.88,12.58,12.67,0.09,2.94,0.8,45.59,64.79,2025-02-01 22:50:00,NORMAL
129,5,243.62,10.86,10.61,0.25,2.58,0.84,37.21,43.06,2025-02-01 22:55:00,NORMAL
125,12,229.84,5.94,6.03,0.09,1.39,0.99,43.03,70.66,2025-02-01 23:00:00,NORMAL
115,19,227.33,11.73,11.82,0.09,2.69,0.95,45.62,57.9,2025-02-01 23:05:00,NORMAL
176,47,228.0,12.46,12.02,0.44,2.74,0.76,31.34,74.01,2025-02-01 23:10:00,NORMAL
138,12,211.47,9.87,10.17,0.3,2.15,0.78,49.01,81.37,2025-02-01 23:15:00,NORMAL
132,36,236.83,10.3,11.34,1.04,2.69,0.73,46.05,50.08,2025-02-01 23:20:00,LEAKAGE_WARNING
125,12,228.49,10.3,10.39,0.09,2.37,0.9,38.73,86.29,2025-02-01 23:25:00,NORMAL
147,18,230.8,8.83,7.9,0.93,1.82,0.8,38.69,58.11,2025-02-01 23:30:00,NORMAL
164,49,227.99,14.94,15.55,0.61,3.55,0.86,26.31,86.2,2025-02-01 23:35:00,NORMAL
137,48,231.27,8.44,8.86,0.42,2.05,0.93,61.63,43.84,2025-02-01 23:40:00,NORMAL
101,43,216.88,11.86,11.98,0.12,2.6,0.95,52.44,83.83,2025-02-01 23:45:00,NORMAL
105,34,229.99,11.85,12.45,0.6,2.86,0.8,49.31,50.02,2025-02-01 23:50:00,NORMAL
145,48,223.96,9.08,8.13,0.95,1.82,0.77,53.07,75.05,2025-02-01 23:55:00,NORMAL
149,33,230.35,8.13,7.88,0.25,1.82,0.95,3.55,88.09,2025-02-02 00:00:00,NORMAL
137,49,219.85,9.79,10.48,0.69,2.3,0.81,70.44,84.73,2025-02-02 00:05:00,NORMAL
187,18,234.79,11.39,11.25,0.14,2.64,0.95,5.31,57.82,2025-02-02 00:10:00,NORMAL
117,29,230.21,10.61,10.43,0.18,2.4,0.74,58.35,50.69,2025-02-02 00:15:00,NORMAL
126,45,217.05,13.63,13.55,0.08,2.94,0.97,46.4,66.76,2025-02-02 00:20:00,NORMAL
140,5,239.46,8.82,8.7,0.12,2.08,0.84,29.03,72.35,2025-02-02 00:25:00,NORMAL
171,25,224.86,8.87,8.73,0.14,1.96,0.75,46.57,62.41,2025-02-02 00:30:00,NORMAL
191,24,226.41,11.76,11.41,0.35,2.58,0.86,52.29,80.91,2025-02-02 00:35:00,NORMAL
173,29,237.98,6.66,6.27,0.39,1.49,0.96,37.44,33.5,2025-02-02 00:40:00,NORMAL
116,38,240.73,8.87,9.42,0.55,2.27,0.82,63.01,65.98,2025-02-02 00:45:00,NORMAL
161,33,225.34,9.74,9.51,0.23,2.14,0.75,22.35,61.51,2025-02-02 00:50:00,NORMAL
128,10,231.11,9.97,9.68,0.29,2.24,0.87,29.05,32.36,2025-02-02 00:55:00,NORMAL
157,37,236.82,8.98,9.09,0.11,2.15,0.95,26.02,30.76,2025-02-02 01:00:00,NORMAL
169,33,242.63,6.35,5.3,1.05,1.29,0.74,23.52,66.37,2025-02-02 01:05:00,LEAKAGE_WARNING
177,23,230.89,12.83,12.67,0.16,2.93,0.71,47.49,37.08,2025-02-02 01:10:00,NORMAL
121,11,234.72,12.72,12.27,0.45,2.88,0.72,69.06,76.11,2025-02-02 01:15:00,NORMAL
105,24,220.86,6.67,6.69,0.02,1.48,0.77,57.76,86.95,2025-02-02 01:20:00,NORMAL
125,24,214.88,11.35,11.3,0.05,2.43,0.7,40.41,40.64,2025-02-02 01:25:00,NORMAL
138,7,235.55,9.73,9.36,0.37,2.2,0.83,65.84,77.91,2025-02-02 01:30:00,NORMAL
111,21,221.93,11.12,11.61,0.49,2.58,0.91,60.46,65.49,2025-02-02 01:35:00,NORMAL
198,20,220.76,10.56,9.99,0.57,2.21,0.91,34.93,56.88,2025-02-02 01:40:00,NORMAL
113,10,236.41,7.09,7.51,0.42,1.78,0.89,40.59,69.02,2025-02-02 01:45:00,NORMAL
121,25,228.53,11.6,10.96,0.64,2.5,0.79,49.34,78.14,2025-02-02 01:50:00,NORMAL
150,47,232.28,8.9,8.83,0.07,2.05,0.92,33.27,88.24,2025-02-02 01:55:00,NORMAL
122,36,217.17,4.81,3.58,1.23,0.78,0.87,30.13,69.63,2025-02-02 02:00:00,LEAKAGE_WARNING
147,48,220.89,10.4,9.71,0.69,2.14,0.96,56.07,74.82,2025-02-02 02:05:00,NORMAL
170,47,246.31,6.87,6.18,0.69,1.52,0.84,59.55,66.45,2025-02-02 02:10:00,NORMAL
149,15,223.42,12.29,12.02,0.27,2.69,0.75,29.7,63.9,2025-02-02 02:15:00,NORMAL
188,44,227.97,9.42,8.72,0.7,1.99,0.89,50.46,33.89,2025-02-02 02:20:00,NORMAL
112,40,232.37,10.16,9.58,0.58,2.23,0.75,50.21,39.3,2025-02-02 02:25:00,NORMAL
184,40,219.3,11.04,11.81,0.77,2.59,0.99,28.45,52.76,2025-02-02 02:30:00,NORMAL
109,6,243.53,10.21,10.45,0.24,2.54,0.91,49.85,68.97,2025-02-02 02:35:00,NORMAL
154,37,230.08,8.82,9.09,0.27,2.09,0.93,52.76,34.55,2025-02-02 02:40:00,NORMAL
108,2,227.64,12.26,12.45,0.19,2.83,0.9,53.47,62.66,2025-02-02 02:45:00,NORMAL
178,12,240.68,9.78,9.71,0.07,2.34,0.73,40.59,30.79,2025-02-02 02:50:00,NORMAL
151,4,239.12,7.75,7.29,0.46,1.74,0.84,49.32,75.97,2025-02-02 02:55:00,NORMAL
101,23,249.67,10.71,9.92,0.79,2.48,0.9,47.56,70.02,2025-02-02 03:00:00,NORMAL
124,13,225.63,9.84,9.34,0.5,2.11,0.77,46.03,61.24,2025-02-02 03:05:00,NORMAL
112,17,251.93,9.95,9.13,0.82,2.3,0.9,58.02,64.27,2025-02-02 03:10:00,NORMAL
197,31,236.46,10.25,10.58,0.33,2.5,0.95,30.35,85.97,2025-02-02 03:15:00,NORMAL
150,16,246.9,10.11,10.16,0.05,2.51,0.78,31.99,84.4,2025-02-02 03:20:00,NORMAL
157,41,239.86,12.91,12.84,0.07,3.08,0.76,28.74,77.57,2025-02-02 03:25:00,NORMAL
133,26,223.58,8.4,8.53,0.13,1.91,0.96,59.54,50.17,2025-02-02 03:30:00,NORMAL
134,28,221.66,5.84,6.2,0.36,1.37,0.7,44.46,36.43,2025-02-02 03:35:00,NORMAL
102,1,211.96,10.0,9.6,0.4,2.03,0.78,35.37,49.29,2025-02-02 03:40:00,NORMAL
158,47,209.89,11.66,11.81,0.15,2.48,0.82,63.68,75.12,2025-02-02 03:45:00,NORMAL
169,12,223.88,6.87,6.27,0.6,1.4,0.9,41.15,66.66,2025-02-02 03:50:00,NORMAL
147,37,242.67,10.73,11.14,0.41,2.7,1.0,12.02,72.33,2025-02-02 03:55:00,NORMAL
163,20,225.02,7.19,6.56,0.63,1.48,0.81,34.97,36.32,2025-02-02 04:00:00,NORMAL
118,2,223.24,11.69,11.38,0.31,2.54,0.98,46.09,39.51,2025-02-02 04:05:00,NORMAL
166,36,237.0,10.02,9.71,0.31,2.3,0.81,50.21,69.86,2025-02-02 04:10:00,NORMAL
181,15,221.38,8.24,7.92,0.32,1.75,0.91,34.49,52.31,2025-02-02 04:15:00,NORMAL
172,38,248.41,6.79,6.63,0.16,1.65,0.75,38.26,52.15,2025-02-02 04:20:00,NORMAL
175,22,227.38,14.36,14.19,0.17,3.23,0.84,37.23,53.56,2025-02-02 04:25:00,NORMAL
104,44,239.31,14.61,14.55,0.06,3.48,0.96,54.09,77.76,2025-02-02 04:30:00,NORMAL
166,32,228.0,7.84,7.49,0.35,1.71,0.8,64.63,71.94,2025-02-02 04:35:00,NORMAL
110,20,230.25,7.79,7.31,0.48,1.68,0.73,33.55,36.36,2025-02-02 04:40:00,NORMAL
193,36,241.27,10.16,10.19,0.03,2.46,0.86,65.68,50.66,2025-02-02 04:45:00,NORMAL
167,33,232.29,9.23,8.34,0.89,1.94,0.83,47.24,70.43,2025-02-02 04:50:00,NORMAL
168,15,244.94,9.35,9.33,0.02,2.29,0.77,42.17,88.57,2025-02-02 04:55:00,NORMAL
100,46,222.17,10.57,10.72,0.15,2.38,0.97,40.08,84.74,2025-02-02 05:00:00,NORMAL
190,3,217.01,13.84,13.72,0.12,2.98,0.88,29.93,44.9,2025-02-02 05:05:00,NORMAL
191,29,212.51,12.72,12.9,0.18,2.74,0.8,31.64,33.96,2025-02-02 05:10:00,NORMAL
162,47,242.55,9.36,8.93,0.43,2.17,1.0,29.4,64.4,2025-02-02 05:15:00,NORMAL
128,27,239.02,11.44,11.31,0.13,2.7,0.74,27.91,54.38,2025-02-02 05:20:00,NORMAL
181,5,227.34,6.31,5.74,0.57,1.3,0.95,50.19,41.0,2025-02-02 05:25:00,NORMAL
111,31,232.99,10.27,10.1,0.17,2.35,0.77,75.76,69.1,2025-02-02 05:30:00,NORMAL
176,22,240.69,9.53,9.38,0.15,2.26,0.77,32.99,39.62,2025-02-02 05:35:00,NORMAL
140,35,228.1,11.93,11.93,0.0,2.72,0.85,40.09,51.09,2025-02-02 05:40:00,NORMAL
101,7,212.4,11.24,10.63,0.61,2.26,0.9,59.06,77.67,2025-02-02 05:45:00,NORMAL
136,6,212.53,10.62,10.54,0.08,2.24,0.91,29.18,71.06,2025-02-02 05:50:00,NORMAL
144,26,219.05,10.92,10.59,0.33,2.32,0.71,23.3,66.43,2025-02-02 05:55:00,NORMAL
179,1,231.02,9.13,8.41,0.72,1.94,0.79,15.24,85.85,2025-02-02 06:00:00,NORMAL
147,19,220.58,11.94,11.78,0.16,2.6,0.9,45.13,37.52,2025-02-02 06:05:00,NORMAL
123,7,240.33,10.92,10.77,0.15,2.59,0.97,34.76,71.46,2025-02-02 06:10:00,NORMAL
198,36,217.26,9.68,9.6,0.08,2.09,0.9,24.5,37.04,2025-02-02 06:15:00,NORMAL
121,12,223.07,10.2,9.9,0.3,2.21,0.78,34.15,38.18,2025-02-02 06:20:00,NORMAL
199,20,211.79,11.69,11.09,0.6,2.35,0.85,57.2,60.39,2025-02-02 06:25:00,NORMAL
110,23,225.55,11.88,11.29,0.59,2.55,0.89,37.76,31.45,2025-02-02 06:30:00,NORMAL
157,25,230.07,9.32,8.87,0.45,2.04,0.74,56.61,60.06,2025-02-02 06:35:00,NORMAL
145,30,240.78,8.21,7.41,0.8,1.78,0.86,50.59,30.57,2025-02-02 06:40:00,NORMAL
128,29,231.2,9.09,8.85,0.24,2.05,0.84,46.22,66.14,2025-02-02 06:45:00,NORMAL
134,31,237.41,9.19,8.29,0.9,1.97,0.8,43.7,48.72,2025-02-02 06:50:00,NORMAL
114,18,240.05,10.25,9.53,0.72,2.29,0.89,53.96,35.0,2025-02-02 06:55:00,NORMAL
159,41,233.92,12.39,12.52,0.13,2.93,0.89,48.22,76.85,2025-02-02 07:00:00,NORMAL
194,19,221.03,9.06,8.47,0.59,1.87,0.99,46.73,53.4,2025-02-02 07:05:00,NORMAL
141,4,234.05,10.78,11.51,0.73,2.69,0.83,14.7,56.64,2025-02-02 07:10:00,NORMAL
142,1,244.88,9.63,8.83,0.8,2.16,0.86,39.13,52.47,2025-02-02 07:15:00,NORMAL
179,41,226.85,10.04,9.88,0.16,2.24,0.75,20.56,35.02,2025-02-02 07:20:00,NORMAL
173,15,235.55,10.61,10.8,0.19,2.54,0.86,27.58,57.6,2025-02-02 07:25:00,NORMAL
148,8,235.29,12.4,13.07,0.67,3.08,0.71,58.89,69.93,2025-02-02 07:30:00,NORMAL
163,15,226.31,10.49,10.36,0.13,2.34,0.74,41.42,84.2,2025-02-02 07:35:00,NORMAL
131,15,239.37,4.84,4.03,0.81,0.96,0.75,68.55,75.83,2025-02-02 07:40:00,NORMAL
163,39,226.15,9.6,9.28,0.32,2.1,0.89,54.6,34.76,2025-02-02 07:45:00,NORMAL
101,22,234.53,13.14,13.14,0.0,3.08,0.87,33.44,39.95,2025-02-02 07:50:00,NORMAL
123,18,227.61,12.28,12.17,0.11,2.77,0.94,37.57,32.69,2025-02-02 07:55:00,NORMAL
186,16,230.44,11.58,10.72,0.86,2.47,0.84,53.4,37.16,2025-02-02 08:00:00,NORMAL
165,2,239.34,12.36,11.81,0.55,2.83,0.84,51.89,58.83,2025-02-02 08:05:00,NORMAL
137,36,210.53,11.65,11.47,0.18,2.41,0.75,58.16,43.18,2025-02-02 08:10:00,NORMAL
130,20,236.17,12.32,11.65,0.67,2.75,0.92,10.97,68.88,2025-02-02 08:15:00,NORMAL
125,16,237.07,7.76,7.16,0.6,1.7,0.7,20.13,31.94,2025-02-02 08:20:00,NORMAL
128,3,224.25,9.88,10.12,0.24,2.27,0.83,34.64,81.43,2025-02-02 08:25:00,NORMAL
166,30,229.69,10.3,10.27,0.03,2.36,0.76,53.72,70.66,2025-02-02 08:30:00,NORMAL
177,2,220.24,10.11,9.2,0.91,2.03,0.93,55.63,88.14,2025-02-02 08:35:00,NORMAL
124,35,222.01,8.85,8.31,0.54,1.84,0.9,1.16,87.17,2025-02-02 08:40:00,NORMAL
147,26,232.71,10.29,9.2,1.09,2.14,0.91,30.53,71.58,2025-02-02 08:45:00,LEAKAGE_WARNING
164,5,256.25,6.6,6.1,0.5,1.56,0.74,52.12,39.48,2025-02-02 08:50:00,NORMAL
152,2,236.64,10.91,11.06,0.15,2.62,0.9,28.41,43.32,2025-02-02 08:55:00,NORMAL
166,20,221.52,8.65,8.46,0.19,1.87,0.91,48.0,46.65,2025-02-02 09:00:00,NORMAL
189,34,237.76,5.65,5.06,0.59,1.2,0.7,50.8,55.6,2025-02-02 09:05:00,NORMAL
117,34,235.81,10.03,9.83,0.2,2.32,0.8,36.5,64.25,2025-02-02 09:10:00,NORMAL
108,20,212.73,13.1,12.87,0.23,2.74,0.73,45.12,70.96,2025-02-02 09:15:00,NORMAL
137,25,226.84,6.2,4.98,1.22,1.13,0.9,42.02,34.54,2025-02-02 09:20:00,LEAKAGE_WARNING
186,20,228.57,9.51,9.43,0.08,2.16,0.76,51.68,66.63,2025-02-02 09:25:00,NORMAL
120,25,231.18,6.76,6.4,0.36,1.48,0.78,40.71,33.55,2025-02-02 09:30:00,NORMAL
164,14,229.68,10.51,10.18,0.33,2.34,0.72,16.79,79.62,2025-02-02 09:35:00,NORMAL
120,47,231.48,11.74,11.08,0.66,2.56,0.85,52.66,32.43,2025-02-02 09:40:00,NORMAL
126,44,220.65,8.38,8.05,0.33,1.78,0.71,43.83,53.4,2025-02-02 09:45:00,NORMAL
169,43,226.75,9.15,8.89,0.26,2.02,0.95,52.55,55.2,2025-02-02 09:50:00,NORMAL
143,43,227.34,9.7,8.49,1.21,1.93,0.71,31.62,64.22,2025-02-02 09:55:00,LEAKAGE_WARNING
199,39,241.6,12.48,12.33,0.15,2.98,0.72,40.3,35.73,2025-02-02 10:00:00,NORMAL
127,12,223.03,7.2,6.63,0.57,1.48,0.89,36.72,85.99,2025-02-02 10:05:00,NORMAL
144,48,227.56,9.09,9.53,0.44,2.17,0.98,57.9,52.99,2025-02-02 10:10:00,NORMAL
116,5,226.44,13.14,12.94,0.2,2.93,0.97,54.42,53.77,2025-02-02 10:15:00,NORMAL
139,2,245.87,8.55,8.4,0.15,2.07,0.73,66.94,44.59,2025-02-02 10:20:00,NORMAL
102,16,236.65,9.21,9.05,0.16,2.14,0.79,42.64,76.84,2025-02-02 10:25:00,NORMAL
175,30,220.66,10.36,11.02,0.66,2.43,0.86,25.59,30.47,2025-02-02 10:30:00,NORMAL
175,47,233.97,14.65,14.63,0.02,3.42,0.71,28.73,36.37,2025-02-02 10:35:00,NORMAL
165,43,219.88,7.77,8.0,0.23,1.76,0.86,58.09,58.25,2025-02-02 10:40:00,NORMAL
145,38,232.61,11.51,10.77,0.74,2.51,0.83,64.24,88.1,2025-02-02 10:45:00,NORMAL
185,45,243.66,7.62,7.85,0.23,1.91,0.88,24.55,32.14,2025-02-02 10:50:00,NORMAL
186,42,210.44,7.98,7.47,0.51,1.57,0.98,36.88,33.72,2025-02-02 10:55:00,NORMAL
129,24,219.92,8.97,8.43,0.54,1.85,0.78,27.7,72.89,2025-02-02 11:00:00,NORMAL
168,30,231.56,10.93,11.03,0.1,2.55,0.89,74.37,74.13,2025-02-02 11:05:00,NORMAL
108,37,226.04,8.9,9.13,0.23,2.06,0.83,50.2,83.82,2025-02-02 11:10:00,NORMAL
184,39,232.14,10.27,10.21,0.06,2.37,0.83,31.26,64.6,2025-02-02 11:15:00,NORMAL
110,11,229.17,8.57,8.57,0.0,1.96,0.89,30.44,54.21,2025-02-02 11:20:00,NORMAL
168,14,213.19,10.16,10.45,0.29,2.23,0.99,66.2,57.06,2025-02-02 11:25:00,NORMAL
198,23,236.22,7.4,7.35,0.05,1.74,0.96,54.07,55.89,2025-02-02 11:30:00,NORMAL
190,16,216.65,7.45,7.09,0.36,1.54,0.89,44.92,88.41,2025-02-02 11:35:00,NORMAL
165,21,232.06,8.97,9.37,0.4,2.17,0.84,37.98,52.81,2025-02-02 11:40:00,NORMAL
187,4,225.45,11.22,11.12,0.1,2.51,0.83,38.37,35.76,2025-02-02 11:45:00,NORMAL
130,33,254.01,10.39,10.45,0.06,2.65,0.94,23.61,47.38,2025-02-02 11:50:00,NORMAL
132,47,228.79,8.45,8.2,0.25,1.88,0.77,33.81,87.61,2025-02-02 11:55:00,NORMAL
138,14,233.51,7.74,6.6,1.14,1.54,0.88,37.57,55.69,2025-02-02 12:00:00,LEAKAGE_WARNING
193,19,235.54,12.07,12.63,0.56,2.97,0.85,42.38,48.96,2025-02-02 12:05:00,NORMAL
145,5,233.38,12.73,12.58,0.15,2.94,0.89,43.21,48.65,2025-02-02 12:10:00,NORMAL
136,36,229.73,11.02,10.68,0.34,2.45,0.76,58.81,30.54,2025-02-02 12:15:00,NORMAL
191,31,220.09,10.71,10.76,0.05,2.37,0.91,33.48,67.99,2025-02-02 12:20:00,NORMAL
159,45,228.88,5.72,5.34,0.38,1.22,0.89,65.49,73.46,2025-02-02 12:25:00,NORMAL
130,18,211.34,11.19,11.72,0.53,2.48,0.75,42.64,51.18,2025-02-02 12:30:00,NORMAL
110,44,234.88,13.18,13.16,0.02,3.09,0.83,49.84,82.37,2025-02-02 12:35:00,NORMAL
186,31,259.2,12.14,13.27,1.13,3.44,0.9,60.18,74.57,2025-02-02 12:40:00,LEAKAGE_WARNING
101,30,231.77,12.04,11.96,0.08,2.77,0.97,52.62,66.05,2025-02-02 12:45:00,NORMAL
126,21,233.4,6.69,7.11,0.42,1.66,0.74,55.73,72.23,2025-02-02 12:50:00,NORMAL
198,47,214.48,8.59,8.23,0.36,1.77,0.7,35.68,76.17,2025-02-02 12:55:00,NORMAL
101,30,221.84,9.71,8.8,0.91,1.95,0.75,42.2,61.62,2025-02-02 13:00:00,NORMAL
120,41,238.95,8.58,8.24,0.34,1.97,1.0,55.62,53.87,2025-02-02 13:05:00,NORMAL
157,4,215.53,7.68,7.52,0.16,1.62,0.93,55.97,37.54,2025-02-02 13:10:00,NORMAL
104,5,222.72,10.84,10.9,0.06,2.43,0.88,47.33,54.3,2025-02-02 13:15:00,NORMAL
151,41,235.68,11.99,11.93,0.06,2.81,0.74,55.51,63.01,2025-02-02 13:20:00,NORMAL
144,45,238.09,7.21,7.14,0.07,1.7,0.82,32.47,86.87,2025-02-02 13:25:00,NORMAL
184,10,228.91,12.08,11.87,0.21,2.72,0.91,54.82,39.29,2025-02-02 13:30:00,NORMAL
192,27,231.23,10.45,10.01,0.44,2.31,0.97,58.67,75.42,2025-02-02 13:35:00,NORMAL
119,16,231.2,13.25,13.43,0.18,3.11,0.81,44.9,44.44,2025-02-02 13:40:00,NORMAL
160,30,217.67,11.59,10.82,0.77,2.36,1.0,47.51,87.42,2025-02-02 13:45:00,NORMAL
137,13,229.27,10.26,10.17,0.09,2.33,0.74,14.37,65.69,2025-02-02 13:50:00,NORMAL
119,36,232.42,10.28,10.07,0.21,2.34,0.82,65.65,55.97,2025-02-02 13:55:00,NORMAL
124,21,229.12,10.0,9.16,0.84,2.1,0.96,50.1,50.81,2025-02-02 14:00:00,NORMAL
101,45,210.74,13.64,14.5,0.86,3.06,0.89,53.65,42.12,2025-02-02 14:05:00,NORMAL
131,40,245.36,11.22,12.29,1.07,3.02,0.94,49.92,72.87,2025-02-02 14:10:00,LEAKAGE_WARNING
125,45,219.07,9.26,8.87,0.39,1.94,0.97,51.84,68.16,2025-02-02 14:15:00,NORMAL
169,15,230.72,11.14,10.94,0.2,2.52,0.85,50.76,83.41,2025-02-02 14:20:00,NORMAL
140,20,233.22,10.93,9.99,0.94,2.33,0.77,67.08,65.84,2025-02-02 14:25:00,NORMAL
166,20,225.45,9.15,9.51,0.36,2.14,0.91,82.12,40.19,2025-02-02 14:30:00,OVERHEAT
196,45,232.45,8.36,7.92,0.44,1.84,0.87,61.28,70.97,2025-02-02 14:35:00,NORMAL
100,5,222.25,12.36,12.34,0.02,2.74,0.93,63.69,82.73,2025-02-02 14:40:00,NORMAL
150,32,251.47,9.48,8.81,0.67,2.22,0.85,38.25,89.43,2025-02-02 14:45:00,NORMAL
104,6,227.39,9.36,10.25,0.89,2.33,0.94,41.7,71.1,2025-02-02 14:50:00,NORMAL
112,30,238.99,11.16,11.09,0.07,2.65,0.97,50.47,47.37,2025-02-02 14:55:00,NORMAL
118,26,219.07,8.96,8.4,0.56,1.84,0.92,53.04,63.92,2025-02-02 15:00:00,NORMAL
111,37,237.21,10.46,10.66,0.2,2.53,0.92,50.61,60.9,2025-02-02 15:05:00,NORMAL
147,13,222.83,9.24,9.07,0.17,2.02,0.88,30.53,60.72,2025-02-02 15:10:00,NORMAL
124,29,216.07,4.84,4.62,0.22,1.0,0.84,38.7,34.72,2025-02-02 15:15:00,NORMAL
156,5,219.35,10.77,10.4,0.37,2.28,0.99,39.48,41.67,2025-02-02 15:20:00,NORMAL
134,25,221.52,10.52,10.86,0.34,2.41,0.89,51.93,61.45,2025-02-02 15:25:00,NORMAL
175,13,231.11,10.71,10.75,0.04,2.48,0.95,40.19,77.89,2025-02-02 15:30:00,NORMAL
193,24,258.76,5.85,5.4,0.45,1.4,0.85,41.95,40.91,2025-02-02 15:35:00,NORMAL
104,31,257.36,7.3,6.73,0.57,1.73,0.87,41.03,39.86,2025-02-02 15:40:00,NORMAL
197,20,226.78,12.33,12.04,0.29,2.73,0.9,54.4,75.59,2025-02-02 15:45:00,NORMAL
121,8,239.59,10.15,10.12,0.03,2.42,0.92,63.02,71.43,2025-02-02 15:50:00,NORMAL
176,9,217.46,6.21,5.96,0.25,1.3,0.83,33.02,59.11,2025-02-02 15:55:00,NORMAL
156,21,208.96,10.17,9.55,0.62,2.0,0.81,56.43,33.02,2025-02-02 16:00:00,NORMAL
146,20,230.31,6.86,6.56,0.3,1.51,0.77,31.42,58.36,2025-02-02 16:05:00,NORMAL
153,15,235.46,8.85,9.24,0.39,2.18,0.83,54.77,80.09,2025-02-02 16:10:00,NORMAL
102,26,237.83,10.51,10.87,0.36,2.59,0.76,26.01,30.64,2025-02-02 16:15:00,NORMAL
152,42,240.8,10.51,10.29,0.22,2.48,0.83,65.72,36.16,2025-02-02 16:20:00,NORMAL
183,11,226.7,12.01,12.64,0.63,2.87,0.96,40.9,78.56,2025-02-02 16:25:00,NORMAL
130,37,230.72,10.93,10.33,0.6,2.38,0.99,48.23,61.51,2025-02-02 16:30:00,NORMAL
168,41,238.21,11.06,11.32,0.26,2.7,0.87,46.71,69.74,2025-02-02 16:35:00,NORMAL
187,11,241.93,9.24,9.62,0.38,2.33,0.74,65.38,74.7,2025-02-02 16:40:00,NORMAL
132,27,220.93,8.3,7.26,1.04,1.6,0.83,35.11,48.01,2025-02-02 16:45:00,LEAKAGE_WARNING
171,30,232.11,10.1,10.16,0.06,2.36,0.88,44.18,47.87,2025-02-02 16:50:00,NORMAL
187,19,236.5,12.04,11.7,0.34,2.77,0.81,47.34,45.84,2025-02-02 16:55:00,NORMAL
149,34,231.48,11.65,11.15,0.5,2.58,0.76,59.61,40.04,2025-02-02 17:00:00,NORMAL
183,38,223.78,9.6,8.67,0.93,1.94,0.77,33.59,48.28,2025-02-02 17:05:00,NORMAL
115,23,230.03,9.88,9.98,0.1,2.3,0.84,12.97,87.17,2025-02-02 17:10:00,NORMAL
175,1,235.3,8.2,7.91,0.29,1.86,0.76,27.78,35.16,2025-02-02 17:15:00,NORMAL
176,3,222.39,12.3,12.16,0.14,2.7,0.77,55.86,44.44,2025-02-02 17:20:00,NORMAL
138,3,218.03,13.23,11.83,1.4,2.58,0.96,46.14,49.08,2025-02-02 17:25:00,LEAKAGE_WARNING
188,28,250.6,10.88,11.69,0.81,2.93,0.93,43.95,39.23,2025-02-02 17:30:00,NORMAL
145,14,231.88,6.73,6.61,0.12,1.53,0.72,32.31,34.64,2025-02-02 17:35:00,NORMAL
195,30,239.38,11.35,11.16,0.19,2.67,0.8,46.04,39.71,2025-02-02 17:40:00,NORMAL
187,5,232.09,13.31,13.17,0.14,3.06,0.86,52.64,61.67,2025-02-02 17:45:00,NORMAL
146,49,240.5,7.76,8.28,0.52,1.99,0.72,43.22,65.81,2025-02-02 17:50:00,NORMAL
143,15,230.79,11.69,12.42,0.73,2.87,0.9,64.45,42.92,2025-02-02 17:55:00,NORMAL
108,38,235.87,9.62,10.19,0.57,2.4,0.82,57.66,60.23,2025-02-02 18:00:00,NORMAL
186,14,218.9,12.49,11.86,0.63,2.6,0.82,43.02,30.37,2025-02-02 18:05:00,NORMAL
149,14,212.35,7.68,7.49,0.19,1.59,0.78,55.36,66.12,2025-02-02 18:10:00,NORMAL
176,49,225.24,9.13,9.81,0.68,2.21,0.8,46.03,30.08,2025-02-02 18:15:00,NORMAL
159,8,215.74,6.86,5.94,0.92,1.28,0.96,49.61,68.57,2025-02-02 18:20:00,NORMAL
195,8,208.83,10.68,9.5,1.18,1.98,0.94,41.53,59.0,2025-02-02 18:25:00,LEAKAGE_WARNING
114,19,233.02,11.11,10.76,0.35,2.51,0.98,47.69,36.56,2025-02-02 18:30:00,NORMAL
135,32,212.31,10.69,10.28,0.41,2.18,0.91,22.69,35.3,2025-02-02 18:35:00,NORMAL
162,31,239.49,8.97,8.73,0.24,2.09,0.87,33.03,30.41,2025-02-02 18:40:00,NORMAL
168,29,244.41,9.12,9.23,0.11,2.26,0.78,62.72,63.1,2025-02-02 18:45:00,NORMAL
185,41,215.57,9.35,10.07,0.72,2.17,0.9,40.18,78.39,2025-02-02 18:50:00,NORMAL
179,11,232.89,11.77,12.11,0.34,2.82,0.97,29.2,81.39,2025-02-02 18:55:00,NORMAL
140,45,248.58,7.09,6.92,0.17,1.72,0.72,69.86,64.15,2025-02-02 19:00:00,NORMAL
173,13,225.28,9.32,8.83,0.49,1.99,0.83,40.54,83.23,2025-02-02 19:05:00,NORMAL
123,27,236.11,7.06,6.98,0.08,1.65,0.74,53.03,81.72,2025-02-02 19:10:00,NORMAL
181,19,253.93,9.18,9.03,0.15,2.29,0.94,37.33,71.89,2025-02-02 19:15:00,NORMAL
148,26,213.23,9.97,9.75,0.22,2.08,0.88,58.86,51.78,2025-02-02 19:20:00,NORMAL
117,37,219.81,14.2,13.95,0.25,3.07,0.96,45.07,79.63,2025-02-02 19:25:00,NORMAL
106,48,235.64,8.66,8.75,0.09,2.06,0.72,19.87,53.5,2025-02-02 19:30:00,NORMAL
103,9,251.72,12.05,11.64,0.41,2.93,0.97,76.11,54.2,2025-02-02 19:35:00,NORMAL
189,28,222.89,6.58,6.94,0.36,1.55,0.72,36.24,70.68,2025-02-02 19:40:00,NORMAL
168,32,254.36,10.08,9.73,0.35,2.47,0.79,40.26,85.68,2025-02-02 19:45:00,NORMAL
159,3,231.32,10.08,10.64,0.56,2.46,0.75,26.85,60.0,2025-02-02 19:50:00,NORMAL
154,32,210.33,11.49,11.89,0.4,2.5,0.74,18.04,40.63,2025-02-02 19:55:00,NORMAL
115,5,245.9,8.91,9.07,0.16,2.23,0.75,61.44,38.55,2025-02-02 20:00:00,NORMAL
198,8,225.36,8.43,8.13,0.3,1.83,0.84,48.12,48.13,2025-02-02 20:05:00,NORMAL
189,14,234.49,5.84,5.52,0.32,1.29,0.94,15.97,57.46,2025-02-02 20:10:00,NORMAL
181,3,213.41,10.66,10.89,0.23,2.32,0.97,39.34,47.86,2025-02-02 20:15:00,NORMAL
128,24,222.47,8.72,9.23,0.51,2.05,0.87,50.67,72.72,2025-02-02 20:20:00,NORMAL
122,13,215.03,12.05,11.25,0.8,2.42,0.75,54.05,62.56,2025-02-02 20:25:00,NORMAL
113,43,213.97,11.02,10.79,0.23,2.31,0.72,31.72,54.4,2025-02-02 20:30:00,NORMAL
178,29,230.98,12.37,12.24,0.13,2.83,0.85,37.31,42.8,2025-02-02 20:35:00,NORMAL
148,8,235.67,8.25,7.87,0.38,1.85,0.93,34.85,66.32,2025-02-02 20:40:00,NORMAL
132,42,224.53,10.41,10.69,0.28,2.4,0.89,39.37,70.45,2025-02-02 20:45:00,NORMAL
124,31,215.63,10.38,9.64,0.74,2.08,0.87,48.38,77.05,2025-02-02 20:50:00,NORMAL
120,26,217.24,9.01,8.52,0.49,1.85,0.71,57.19,89.45,2025-02-02 20:55:00,NORMAL
116,18,233.72,12.46,12.4,0.06,2.9,0.82,48.52,43.88,2025-02-02 21:00:00,NORMAL
122,18,231.11,11.56,11.39,0.17,2.63,0.87,48.99,30.91,2025-02-02 21:05:00,NORMAL
156,7,233.88,14.06,13.98,0.08,3.27,0.88,42.11,60.03,2025-02-02 21:10:00,NORMAL
180,48,245.58,11.39,10.52,0.87,2.58,0.7,27.42,85.44,2025-02-02 21:15:00,NORMAL
157,38,235.75,13.74,13.32,0.42,3.14,0.76,42.82,44.93,2025-02-02 21:20:00,NORMAL
113,48,234.09,13.69,13.22,0.47,3.09,0.98,38.62,75.35,2025-02-02 21:25:00,NORMAL
192,16,253.69,9.02,8.79,0.23,2.23,0.85,34.69,49.17,2025-02-02 21:30:00,NORMAL
119,33,227.25,7.06,6.86,0.2,1.56,0.91,45.25,53.47,2025-02-02 21:35:00,NORMAL
129,3,253.84,13.37,12.23,1.14,3.1,0.79,21.56,86.86,2025-02-02 21:40:00,LEAKAGE_WARNING
118,38,244.24,11.39,11.37,0.02,2.78,0.88,38.03,57.66,2025-02-02 21:45:00,NORMAL
152,4,227.02,11.04,10.73,0.31,2.44,0.81,34.67,73.52,2025-02-02 21:50:00,NORMAL
155,36,238.05,9.1,7.87,1.23,1.87,0.79,32.4,62.99,2025-02-02 21:55:00,LEAKAGE_WARNING
176,4,227.85,10.79,9.93,0.86,2.26,0.82,53.69,75.83,2025-02-02 22:00:00,NORMAL
181,42,215.64,12.03,11.64,0.39,2.51,0.84,46.86,49.04,2025-02-02 22:05:00,NORMAL
122,9,229.92,11.32,11.87,0.55,2.73,0.8,52.04,82.61,2025-02-02 22:10:00,NORMAL
161,40,215.33,8.77,7.49,1.28,1.61,0.78,51.42,62.94,2025-02-02 22:15:00,LEAKAGE_WARNING
132,17,232.33,13.08,13.0,0.08,3.02,0.89,30.21,48.55,2025-02-02 22:20:00,NORMAL
117,17,238.0,10.25,10.01,0.24,2.38,0.81,61.4,32.29,2025-02-02 22:25:00,NORMAL
172,33,227.83,11.36,10.64,0.72,2.42,0.76,37.85,30.79,2025-02-02 22:30:00,NORMAL
132,20,232.31,11.68,11.58,0.1,2.69,0.93,61.94,51.2,2025-02-02 22:35:00,NORMAL
131,14,232.14,14.26,13.95,0.31,3.24,0.92,39.27,42.94,2025-02-02 22:40:00,NORMAL
160,22,238.44,10.83,10.6,0.23,2.53,0.97,25.9,33.16,2025-02-02 22:45:00,NORMAL
153,27,230.89,9.9,9.88,0.02,2.28,0.87,29.26,63.17,2025-02-02 22:50:00,NORMAL
116,43,226.85,13.83,13.45,0.38,3.05,0.78,59.23,89.33,2025-02-02 22:55:00,NORMAL
118,3,237.99,12.22,12.34,0.12,2.94,0.96,53.16,55.34,2025-02-02 23:00:00,NORMAL
190,24,231.59,10.61,10.98,0.37,2.54,0.78,33.8,63.13,2025-02-02 23:05:00,NORMAL
169,30,208.64,10.49,10.02,0.47,2.09,0.9,48.28,43.19,2025-02-02 23:10:00,NORMAL
198,8,226.5,6.08,5.25,0.83,1.19,0.76,59.58,42.29,2025-02-02 23:15:00,NORMAL
133,22,224.83,9.83,10.0,0.17,2.25,0.89,69.44,49.7,2025-02-02 23:20:00,NORMAL
183,25,231.47,7.2,7.26,0.06,1.68,0.95,47.29,80.1,2025-02-02 23:25:00,NORMAL
124,10,230.4,4.66,4.46,0.2,1.03,0.86,49.83,87.63,2025-02-02 23:30:00,NORMAL
167,49,210.5,8.81,8.61,0.2,1.81,0.84,42.56,74.38,2025-02-02 23:35:00,NORMAL
173,29,215.08,7.24,8.03,0.79,1.73,1.0,45.19,31.23,2025-02-02 23:40:00,NORMAL
173,40,220.47,9.29,9.3,0.01,2.05,0.71,53.62,56.3,2025-02-02 23:45:00,NORMAL
187,1,230.64,10.62,9.52,1.1,2.2,0.8,28.73,55.24,2025-02-02 23:50:00,LEAKAGE_WARNING
184,21,240.74,11.02,10.12,0.9,2.44,0.98,54.75,86.11,2025-02-02 23:55:00,NORMAL
110,39,213.96,9.78,8.73,1.05,1.87,0.89,39.19,74.73,2025-02-03 00:00:00,LEAKAGE_WARNING
190,24,223.28,7.42,6.91,0.51,1.54,0.86,33.93,72.86,2025-02-03 00:05:00,NORMAL
115,9,229.52,9.76,9.83,0.07,2.26,0.89,33.98,63.89,2025-02-03 00:10:00,NORMAL
189,44,220.69,7.87,7.54,0.33,1.66,0.8,73.54,68.75,2025-02-03 00:15:00,NORMAL
160,26,230.87,12.81,12.31,0.5,2.84,0.72,64.46,71.92,2025-02-03 00:20:00,NORMAL
193,9,236.4,9.7,9.66,0.04,2.28,0.78,32.05,63.15,2025-02-03 00:25:00,NORMAL
179,20,222.43,7.72,8.38,0.66,1.86,0.8,49.06,80.69,2025-02-03 00:30:00,NORMAL
106,35,233.28,7.9,7.25,0.65,1.69,0.84,48.45,32.21,2025-02-03 00:35:00,NORMAL
115,36,228.85,10.01,10.03,0.02,2.3,0.82,71.0,86.48,2025-02-03 00:40:00,NORMAL
198,42,218.51,10.12,9.61,0.51,2.1,0.86,38.4,76.42,2025-02-03 00:45:00,NORMAL
115,36,228.59,9.61,10.2,0.59,2.33,0.76,11.66,61.74,2025-02-03 00:50:00,NORMAL
139,9,234.57,11.99,12.11,0.12,2.84,0.76,43.18,81.62,2025-02-03 00:55:00,NORMAL
111,22,244.14,8.08,7.69,0.39,1.88,0.81,40.92,79.68,2025-02-03 01:00:00,NORMAL
134,1,246.44,12.01,11.49,0.52,2.83,0.84,51.85,55.16,2025-02-03 01:05:00,NORMAL
120,5,224.32,9.81,9.24,0.57,2.07,0.8,57.88,80.39,2025-02-03 01:10:00,NORMAL
149,9,223.72,11.73,11.56,0.17,2.59,0.87,62.17,41.3,2025-02-03 01:15:00,NORMAL
142,37,230.4,8.75,8.45,0.3,1.95,0.79,61.68,58.15,2025-02-03 01:20:00,NORMAL
199,38,224.57,11.56,11.17,0.39,2.51,0.75,54.74,43.94,2025-02-03 01:25:00,NORMAL
116,19,242.13,8.39,8.03,0.36,1.94,0.96,60.77,37.46,2025-02-03 01:30:00,NORMAL
131,8,231.01,13.29,12.8,0.49,2.96,0.76,24.5,83.68,2025-02-03 01:35:00,NORMAL
140,42,230.55,9.84,10.22,0.38,2.36,0.99,41.14,52.02,2025-02-03 01:40:00,NORMAL
105,43,236.43,9.14,8.01,1.13,1.89,1.0,45.09,71.06,2025-02-03 01:45:00,LEAKAGE_WARNING
187,32,231.6,7.65,7.54,0.11,1.75,0.91,51.83,52.51,2025-02-03 01:50:00,NORMAL
126,13,233.05,10.34,10.19,0.15,2.37,0.85,35.57,62.65,2025-02-03 01:55:00,NORMAL
119,20,232.63,9.7,9.65,0.05,2.24,0.94,34.94,50.88,2025-02-03 02:00:00,NORMAL
124,36,228.55,7.33,7.01,0.32,1.6,0.96,39.68,74.56,2025-02-03 02:05:00,NORMAL
165,43,220.98,8.53,9.05,0.52,2.0,0.91,51.53,77.19,2025-02-03 02:10:00,NORMAL
108,44,247.59,6.09,6.13,0.04,1.52,0.73,-5.33,55.83,2025-02-03 02:15:00,NORMAL
191,37,220.94,7.74,8.49,0.75,1.88,0.7,44.72,81.58,2025-02-03 02:20:00,NORMAL
152,30,246.54,9.75,9.78,0.03,2.41,0.76,34.16,51.32,2025-02-03 02:25:00,NORMAL
160,10,233.41,10.71,10.43,0.28,2.43,0.76,32.11,75.75,2025-02-03 02:30:00,NORMAL
137,31,223.98,9.35,8.87,0.48,1.99,0.75,49.98,69.0,2025-02-03 02:35:00,NORMAL
102,25,235.55,10.94,10.77,0.17,2.54,0.85,47.16,57.36,2025-02-03 02:40:00,NORMAL
183,29,237.86,8.08,7.74,0.34,1.84,0.86,48.07,83.34,2025-02-03 02:45:00,NORMAL
169,24,247.18,10.89,11.53,0.64,2.85,0.92,47.54,64.34,2025-02-03 02:50:00,NORMAL
196,39,216.84,9.85,9.57,0.28,2.08,0.76,66.0,80.41,2025-02-03 02:55:00,NORMAL
154,21,228.6,9.59,8.76,0.83,2.0,0.73,62.67,74.0,2025-02-03 03:00:00,NORMAL
100,41,243.77,9.99,9.56,0.43,2.33,0.9,24.1,61.95,2025-02-03 03:05:00,NORMAL
169,9,237.47,8.8,8.97,0.17,2.13,0.85,37.68,49.59,2025-02-03 03:10:00,NORMAL
144,42,234.86,6.93,6.65,0.28,1.56,0.9,39.46,87.07,2025-02-03 03:15:00,NORMAL
197,42,244.78,7.91,7.03,0.88,1.72,0.81,22.21,33.4,2025-02-03 03:20:00,NORMAL
146,2,228.2,7.18,6.7,0.48,1.53,0.93,85.87,83.67,2025-02-03 03:25:00,OVERHEAT
178,4,206.02,9.54,9.04,0.5,1.86,0.9,46.55,60.38,2025-02-03 03:30:00,NORMAL
125,8,226.33,11.37,11.56,0.19,2.62,0.9,27.22,74.92,2025-02-03 03:35:00,NORMAL
113,32,250.12,12.97,12.95,0.02,3.24,0.71,61.01,50.05,2025-02-03 03:40:00,NORMAL
153,14,232.98,9.08,8.91,0.17,2.08,0.96,47.0,53.05,2025-02-03 03:45:00,NORMAL
170,49,221.58,9.68,8.58,1.1,1.9,0.81,33.61,41.45,2025-02-03 03:50:00,LEAKAGE_WARNING
145,13,243.34,13.77,14.03,0.26,3.41,0.74,55.46,87.26,2025-02-03 03:55:00,NORMAL
130,21,238.45,9.19,8.86,0.33,2.11,0.93,58.75,32.6,2025-02-03 04:00:00,NORMAL
187,24,231.47,8.75,8.21,0.54,1.9,0.85,55.38,53.21,2025-02-03 04:05:00,NORMAL
158,18,235.85,9.74,9.17,0.57,2.16,0.71,53.22,50.08,2025-02-03 04:10:00,NORMAL
194,45,219.83,9.15,9.07,0.08,1.99,0.93,34.4,78.78,2025-02-03 04:15:00,NORMAL
128,40,226.38,8.64,8.6,0.04,1.95,0.83,20.36,60.1,2025-02-03 04:20:00,NORMAL
195,26,229.35,7.18,6.02,1.16,1.38,0.93,26.96,40.15,2025-02-03 04:25:00,LEAKAGE_WARNING
116,32,240.99,13.19,13.12,0.07,3.16,0.93,37.86,60.54,2025-02-03 04:30:00,NORMAL
113,44,224.51,11.1,11.11,0.01,2.49,0.73,18.99,44.16,2025-02-03 04:35:00,NORMAL
135,33,229.74,13.23,12.57,0.66,2.89,0.88,72.04,31.03,2025-02-03 04:40:00,NORMAL
157,31,244.41,11.91,11.65,0.26,2.85,0.81,30.07,62.67,2025-02-03 04:45:00,NORMAL
123,18,255.24,10.03,10.48,0.45,2.67,0.86,42.16,51.62,2025-02-03 04:50:00,NORMAL
162,35,221.29,6.66,5.97,0.69,1.32,0.73,47.05,44.33,2025-02-03 04:55:00,NORMAL
190,12,231.4,8.18,8.18,0.0,1.89,0.88,61.53,40.33,2025-02-03 05:00:00,NORMAL
124,25,214.92,9.3,9.3,0.0,2.0,0.93,52.33,57.22,2025-02-03 05:05:00,NORMAL
158,45,229.85,8.07,6.54,1.53,1.5,1.0,47.95,82.18,2025-02-03 05:10:00,LEAKAGE_WARNING
131,31,227.1,6.36,6.28,0.08,1.43,0.8,80.05,75.49,2025-02-03 05:15:00,OVERHEAT
181,10,242.51,8.22,7.99,0.23,1.94,0.75,69.13,30.28,2025-02-03 05:20:00,NORMAL
117,47,218.27,9.61,8.95,0.66,1.95,0.81,50.93,73.87,2025-02-03 05:25:00,NORMAL
136,34,216.9,13.18,13.45,0.27,2.92,0.71,49.35,34.36,2025-02-03 05:30:00,NORMAL
125,3,245.21,8.65,8.17,0.48,2.0,0.82,43.02,62.88,2025-02-03 05:35:00,NORMAL
108,46,223.67,11.31,10.65,0.66,2.38,0.97,55.9,76.8,2025-02-03 05:40:00,NORMAL
198,39,231.97,8.05,7.19,0.86,1.67,0.76,39.44,57.2,2025-02-03 05:45:00,NORMAL
163,8,232.95,9.55,9.02,0.53,2.1,0.84,33.89,52.6,2025-02-03 05:50:00,NORMAL
171,32,222.13,9.93,10.28,0.35,2.28,0.87,65.9,86.37,2025-02-03 05:55:00,NORMAL
119,43,222.14,13.2,12.78,0.42,2.84,0.75,33.53,31.76,2025-02-03 06:00:00,NORMAL
153,29,241.27,4.66,5.13,0.47,1.24,0.8,44.46,36.36,2025-02-03 06:05:00,NORMAL
185,22,236.77,8.38,7.56,0.82,1.79,0.97,39.18,82.22,2025-02-03 06:10:00,NORMAL
182,20,229.84,10.49,9.75,0.74,2.24,0.79,43.99,83.17,2025-02-03 06:15:00,NORMAL
129,6,228.63,10.84,10.53,0.31,2.41,0.89,48.03,52.36,2025-02-03 06:20:00,NORMAL
152,43,233.17,7.65,7.36,0.29,1.72,0.74,45.09,62.41,2025-02-03 06:25:00,NORMAL
191,49,233.82,9.92,9.72,0.2,2.27,0.9,31.86,39.86,2025-02-03 06:30:00,NORMAL
198,29,242.61,10.03,9.84,0.19,2.39,0.78,38.88,83.06,2025-02-03 06:35:00,NORMAL
162,42,229.79,12.94,12.26,0.68,2.82,0.77,54.81,58.14,2025-02-03 06:40:00,NORMAL
110,17,234.43,10.42,10.38,0.04,2.43,0.74,48.36,63.85,2025-02-03 06:45:00,NORMAL
130,31,237.18,9.72,8.42,1.3,2.0,0.71,50.93,37.08,2025-02-03 06:50:00,LEAKAGE_WARNING
148,34,237.36,8.59,8.3,0.29,1.97,0.99,58.56,66.89,2025-02-03 06:55:00,NORMAL
199,38,244.5,11.22,10.4,0.82,2.54,0.82,53.09,71.75,2025-02-03 07:00:00,NORMAL
193,37,229.87,9.49,10.12,0.63,2.33,0.93,36.01,47.68,2025-02-03 07:05:00,NORMAL
186,4,224.34,8.87,8.96,0.09,2.01,0.98,49.88,83.77,2025-02-03 07:10:00,NORMAL
118,2,226.42,8.04,7.38,0.66,1.67,0.76,49.51,42.23,2025-02-03 07:15:00,NORMAL
111,12,236.41,9.41,9.05,0.36,2.14,0.96,21.2,83.84,2025-02-03 07:20:00,NORMAL
114,35,228.92,11.4,11.19,0.21,2.56,0.91,19.91,72.2,2025-02-03 07:25:00,NORMAL
130,6,252.87,8.97,8.24,0.73,2.08,0.87,51.67,79.85,2025-02-03 07:30:00,NORMAL
142,46,230.13,10.07,8.81,1.26,2.03,0.94,36.56,71.95,2025-02-03 07:35:00,LEAKAGE_WARNING
136,8,220.45,8.89,9.27,0.38,2.04,0.73,38.08,55.71,2025-02-03 07:40:00,NORMAL
178,21,233.23,10.34,9.64,0.7,2.25,0.78,49.1,49.89,2025-02-03 07:45:00,NORMAL
128,46,245.39,10.17,10.19,0.02,2.5,0.74,45.23,74.04,2025-02-03 07:50:00,NORMAL
125,35,221.84,8.43,7.8,0.63,1.73,0.97,44.15,47.89,2025-02-03 07:55:00,NORMAL
101,48,221.55,11.66,11.69,0.03,2.59,0.73,67.44,33.71,2025-02-03 08:00:00,NORMAL
183,15,228.13,7.09,6.63,0.46,1.51,0.99,41.25,44.82,2025-02-03 08:05:00,NORMAL
114,7,223.54,12.27,11.76,0.51,2.63,0.73,48.91,75.31,2025-02-03 08:10:00,NORMAL
103,15,216.5,10.66,10.81,0.15,2.34,0.9,36.17,77.59,2025-02-03 08:15:00,NORMAL
185,45,214.59,11.18,11.22,0.04,2.41,0.9,60.53,46.6,2025-02-03 08:20:00,NORMAL
149,6,232.32,6.7,6.59,0.11,1.53,0.98,50.05,49.68,2025-02-03 08:25:00,NORMAL
137,47,237.15,9.9,10.51,0.61,2.49,0.8,71.42,62.96,2025-02-03 08:30:00,NORMAL
122,17,222.99,13.07,12.64,0.43,2.82,0.8,47.15,45.72,2025-02-03 08:35:00,NORMAL
158,4,229.29,9.71,8.77,0.94,2.01,0.95,49.64,66.37,2025-02-03 08:40:00,NORMAL
189,22,231.85,10.26,10.69,0.43,2.48,0.99,44.4,46.92,2025-02-03 08:45:00,NORMAL
174,32,218.95,7.71,7.18,0.53,1.57,0.71,68.59,37.25,2025-02-03 08:50:00,NORMAL
127,22,238.59,7.12,6.75,0.37,1.61,0.89,50.53,39.29,2025-02-03 08:55:00,NORMAL
165,27,232.12,10.46,10.6,0.14,2.46,0.77,43.77,45.03,2025-02-03 09:00:00,NORMAL
107,46,235.24,8.64,7.42,1.22,1.75,0.92,31.59,40.07,2025-02-03 09:05:00,LEAKAGE_WARNING
128,15,236.8,8.89,8.11,0.78,1.92,0.93,11.91,88.46,2025-02-03 09:10:00,NORMAL
110,44,254.26,10.13,9.31,0.82,2.37,0.93,46.37,69.5,2025-02-03 09:15:00,NORMAL
117,22,219.75,11.37,11.15,0.22,2.45,0.83,40.45,40.76,2025-02-03 09:20:00,NORMAL
154,28,221.07,11.05,11.61,0.56,2.57,0.75,-2.37,55.43,2025-02-03 09:25:00,NORMAL
149,42,246.83,10.2,9.91,0.29,2.45,0.88,38.85,46.15,2025-02-03 09:30:00,NORMAL
113,38,236.52,11.77,11.63,0.14,2.75,0.94,29.39,71.07,2025-02-03 09:35:00,NORMAL
173,9,230.69,12.09,11.38,0.71,2.63,0.97,70.01,82.04,2025-02-03 09:40:00,NORMAL
198,34,225.22,9.74,9.84,0.1,2.22,0.84,44.06,54.05,2025-02-03 09:45:00,NORMAL
108,36,227.68,13.34,12.47,0.87,2.84,0.77,63.56,55.73,2025-02-03 09:50:00,NORMAL
198,9,227.88,7.83,7.94,0.11,1.81,0.74,51.76,53.91,2025-02-03 09:55:00,NORMAL
110,15,215.05,6.93,6.38,0.55,1.37,0.94,60.26,56.95,2025-02-03 10:00:00,NORMAL
162,45,239.73,12.77,12.94,0.17,3.1,0.86,79.51,32.15,2025-02-03 10:05:00,NORMAL
175,20,209.89,8.6,8.42,0.18,1.77,0.9,57.26,65.56,2025-02-03 10:10:00,NORMAL
166,8,221.51,4.66,5.13,0.47,1.14,0.75,93.14,87.12,2025-02-03 10:15:00,OVERHEAT
152,28,225.68,9.35,9.11,0.24,2.06,0.7,54.37,77.12,2025-02-03 10:20:00,NORMAL
138,19,251.43,12.46,12.76,0.3,3.21,0.99,63.3,81.68,2025-02-03 10:25:00,NORMAL
177,16,228.99,9.39,8.91,0.48,2.04,0.94,39.98,43.75,2025-02-03 10:30:00,NORMAL
155,11,233.16,6.45,5.9,0.55,1.38,0.82,23.59,66.43,2025-02-03 10:35:00,NORMAL
127,42,221.23,9.42,9.23,0.19,2.04,0.84,7.46,83.58,2025-02-03 10:40:00,NORMAL
174,8,238.69,9.63,9.76,0.13,2.33,0.98,58.26,34.12,2025-02-03 10:45:00,NORMAL
138,33,259.52,9.33,8.93,0.4,2.32,0.76,37.71,82.64,2025-02-03 10:50:00,NORMAL
124,10,234.92,8.56,7.88,0.68,1.85,0.94,39.9,33.87,2025-02-03 10:55:00,NORMAL
120,18,226.64,8.66,8.54,0.12,1.94,0.71,39.68,88.98,2025-02-03 11:00:00,NORMAL
109,35,209.68,11.46,11.47,0.01,2.41,0.96,35.0,35.04,2025-02-03 11:05:00,NORMAL
142,43,236.94,8.84,9.27,0.43,2.2,0.88,69.86,52.08,2025-02-03 11:10:00,NORMAL
114,3,220.14,10.32,10.01,0.31,2.2,0.84,31.77,33.28,2025-02-03 11:15:00,NORMAL
182,40,222.44,10.32,9.59,0.73,2.13,0.91,52.33,33.41,2025-02-03 11:20:00,NORMAL
147,27,239.32,8.77,7.86,0.91,1.88,0.72,52.33,81.98,2025-02-03 11:25:00,NORMAL
185,28,225.26,8.5,8.18,0.32,1.84,0.76,22.74,33.82,2025-02-03 11:30:00,NORMAL
120,46,229.06,10.14,10.64,0.5,2.44,0.82,53.65,77.56,2025-02-03 11:35:00,NORMAL
159,6,237.5,6.7,6.74,0.04,1.6,0.89,27.75,84.41,2025-02-03 11:40:00,NORMAL
195,47,222.94,13.99,13.2,0.79,2.94,0.74,43.65,86.1,2025-02-03 11:45:00,NORMAL
149,14,217.11,8.85,8.24,0.61,1.79,0.81,39.25,81.84,2025-02-03 11:50:00,NORMAL
122,7,234.64,9.22,9.54,0.32,2.24,0.78,45.8,87.31,2025-02-03 11:55:00,NORMAL
112,10,237.54,11.47,10.28,1.19,2.44,0.89,54.03,33.11,2025-02-03 12:00:00,LEAKAGE_WARNING
168,15,224.22,9.66,10.0,0.34,2.24,0.98,31.79,89.8,2025-02-03 12:05:00,NORMAL
103,31,223.73,9.16,9.15,0.01,2.05,0.75,36.25,31.23,2025-02-03 12:10:00,NORMAL
191,29,219.0,7.33,6.88,0.45,1.51,0.76,20.6,39.99,2025-02-03 12:15:00,NORMAL
177,42,237.13,10.2,10.04,0.16,2.38,0.88,28.69,34.86,2025-02-03 12:20:00,NORMAL
171,17,249.19,8.91,8.87,0.04,2.21,0.84,56.4,74.64,2025-02-03 12:25:00,NORMAL
108,29,239.32,14.16,13.95,0.21,3.34,0.92,39.44,35.22,2025-02-03 12:30:00,NORMAL
134,49,229.09,9.59,8.88,0.71,2.03,0.79,58.65,47.56,2025-02-03 12:35:00,NORMAL
120,44,237.16,5.47,4.31,1.16,1.02,0.86,30.74,68.28,2025-02-03 12:40:00,LEAKAGE_WARNING
157,15,221.68,11.9,11.55,0.35,2.56,0.82,33.44,59.88,2025-02-03 12:45:00,NORMAL
117,26,233.68,8.0,8.11,0.11,1.9,0.78,61.56,38.17,2025-02-03 12:50:00,NORMAL
196,12,219.15,10.21,9.96,0.25,2.18,0.92,48.44,61.29,2025-02-03 12:55:00,NORMAL
171,25,228.78,12.81,11.62,1.19,2.66,0.94,22.63,50.44,2025-02-03 13:00:00,LEAKAGE_WARNING
180,41,240.76,9.38,8.77,0.61,2.11,0.8,36.51,65.16,2025-02-03 13:05:00,NORMAL
142,5,238.12,9.59,8.72,0.87,2.08,0.89,57.92,62.31,2025-02-03 13:10:00,NORMAL
194,4,235.68,11.87,11.25,0.62,2.65,0.75,42.47,89.37,2025-02-03 13:15:00,NORMAL
197,44,234.16,12.85,12.18,0.67,2.85,0.94,63.26,81.81,2025-02-03 13:20:00,NORMAL
105,48,222.64,9.73,9.51,0.22,2.12,0.78,25.6,30.22,2025-02-03 13:25:00,NORMAL
185,41,231.42,14.05,13.13,0.92,3.04,0.75,63.2,40.56,2025-02-03 13:30:00,NORMAL
177,31,237.83,6.52,7.74,1.22,1.84,0.98,27.27,84.79,2025-02-03 13:35:00,LEAKAGE_WARNING
166,3,227.57,8.19,7.71,0.48,1.75,0.83,48.68,62.37,2025-02-03 13:40:00,NORMAL
111,3,227.95,9.04,8.6,0.44,1.96,0.89,59.21,75.57,2025-02-03 13:45:00,NORMAL
199,26,225.3,12.11,12.34,0.23,2.78,0.94,46.95,60.21,2025-02-03 13:50:00,NORMAL
111,17,227.15,10.46,10.09,0.37,2.29,0.91,53.58,77.15,2025-02-03 13:55:00,NORMAL
165,10,222.27,8.65,8.15,0.5,1.81,0.87,60.37,37.97,2025-02-03 14:00:00,NORMAL
101,2,230.24,7.75,8.42,0.67,1.94,0.81,52.12,74.27,2025-02-03 14:05:00,NORMAL
114,24,226.8,7.01,6.63,0.38,1.5,0.98,40.32,82.18,2025-02-03 14:10:00,NORMAL
122,11,215.26,11.03,10.18,0.85,2.19,0.74,41.58,45.94,2025-02-03 14:15:00,NORMAL
128,24,256.01,9.22,8.18,1.04,2.09,0.97,32.32,52.1,2025-02-03 14:20:00,LEAKAGE_WARNING
180,35,219.63,12.03,11.52,0.51,2.53,0.91,26.75,65.43,2025-02-03 14:25:00,NORMAL
195,23,228.65,7.13,6.97,0.16,1.59,0.87,64.75,82.09,2025-02-03 14:30:00,NORMAL
106,32,230.61,10.85,10.16,0.69,2.34,0.8,54.2,84.47,2025-02-03 14:35:00,NORMAL
193,23,224.65,9.92,10.14,0.22,2.28,0.74,66.7,62.07,2025-02-03 14:40:00,NORMAL
127,34,229.1,8.77,8.17,0.6,1.87,0.83,54.13,69.48,2025-02-03 14:45:00,NORMAL
113,41,221.81,8.92,8.74,0.18,1.94,0.94,39.68,82.37,2025-02-03 14:50:00,NORMAL
143,19,237.27,10.21,9.41,0.8,2.23,0.92,27.5,43.88,2025-02-03 14:55:00,NORMAL
129,2,229.78,9.94,9.97,0.03,2.29,0.89,37.29,79.51,2025-02-03 15:00:00,NORMAL
180,2,237.18,8.22,7.15,1.07,1.7,1.0,55.12,45.71,2025-02-03 15:05:00,LEAKAGE_WARNING
131,15,244.7,11.03,10.22,0.81,2.5,0.99,34.3,64.86,2025-02-03 15:10:00,NORMAL
169,21,227.19,12.41,12.02,0.39,2.73,0.82,64.77,86.08,2025-02-03 15:15:00,NORMAL
187,35,237.73,9.51,9.16,0.35,2.18,0.76,39.58,60.69,2025-02-03 15:20:00,NORMAL
105,5,245.36,11.16,10.1,1.06,2.48,0.84,26.92,35.6,2025-02-03 15:25:00,LEAKAGE_WARNING
126,43,228.77,9.68,8.4,1.28,1.92,0.95,40.28,83.75,2025-02-03 15:30:00,LEAKAGE_WARNING
181,27,236.91,14.82,14.78,0.04,3.5,0.84,48.46,65.1,2025-02-03 15:35:00,NORMAL
187,24,225.35,10.03,9.97,0.06,2.25,0.8,70.51,34.27,2025-02-03 15:40:00,NORMAL
123,7,241.97,11.4,10.54,0.86,2.55,0.92,46.7,30.63,2025-02-03 15:45:00,NORMAL
133,6,225.0,12.33,13.3,0.97,2.99,0.9,35.67,45.68,2025-02-03 15:50:00,NORMAL
139,46,237.03,8.72,9.79,1.07,2.32,0.99,66.26,37.22,2025-02-03 15:55:00,LEAKAGE_WARNING
146,33,239.95,11.41,11.57,0.16,2.78,0.86,62.24,67.71,2025-02-03 16:00:00,NORMAL
178,49,218.21,11.72,11.35,0.37,2.48,0.99,43.38,65.8,2025-02-03 16:05:00,NORMAL
174,17,223.33,10.86,11.19,0.33,2.5,0.79,20.72,80.45,2025-02-03 16:10:00,NORMAL
185,46,222.93,11.53,11.93,0.4,2.66,0.96,36.27,60.8,2025-02-03 16:15:00,NORMAL
123,42,240.8,8.7,8.72,0.02,2.1,0.81,55.9,45.19,2025-02-03 16:20:00,NORMAL
164,30,218.25,14.29,13.38,0.91,2.92,0.94,63.73,33.02,2025-02-03 16:25:00,NORMAL
117,8,233.26,5.2,5.17,0.03,1.21,0.98,47.14,30.63,2025-02-03 16:30:00,NORMAL
143,40,237.26,8.32,7.54,0.78,1.79,0.89,43.73,85.55,2025-02-03 16:35:00,NORMAL
175,46,231.69,7.32,7.04,0.28,1.63,0.92,37.31,38.67,2025-02-03 16:40:00,NORMAL
156,7,242.75,13.45,12.45,1.0,3.02,0.99,56.19,59.95,2025-02-03 16:45:00,NORMAL
127,6,210.75,9.74,9.63,0.11,2.03,0.81,29.74,77.69,2025-02-03 16:50:00,NORMAL
170,4,236.08,8.11,7.67,0.44,1.81,0.85,36.78,85.72,2025-02-03 16:55:00,NORMAL
122,1,228.18,8.79,8.45,0.34,1.93,0.97,65.58,42.1,2025-02-03 17:00:00,NORMAL
184,15,214.95,6.95,6.79,0.16,1.46,0.9,59.59,43.92,2025-02-03 17:05:00,NORMAL
133,31,219.19,11.25,10.62,0.63,2.33,0.96,67.28,40.78,2025-02-03 17:10:00,NORMAL
110,25,245.65,11.46,10.89,0.57,2.68,0.89,35.22,39.54,2025-02-03 17:15:00,NORMAL
185,47,236.32,10.61,10.26,0.35,2.42,0.92,26.23,57.3,2025-02-03 17:20:00,NORMAL
134,33,238.02,8.57,9.3,0.73,2.21,0.7,67.21,68.15,2025-02-03 17:25:00,NORMAL
192,35,239.59,13.05,13.41,0.36,3.21,0.8,56.06,72.38,2025-02-03 17:30:00,NORMAL
141,5,216.43,11.56,11.79,0.23,2.55,0.93,60.4,49.63,2025-02-03 17:35:00,NORMAL
127,5,232.46,6.51,6.16,0.35,1.43,0.82,56.28,67.43,2025-02-03 17:40:00,NORMAL
181,36,240.98,9.61,9.4,0.21,2.27,0.81,72.84,30.14,2025-02-03 17:45:00,NORMAL
177,17,225.97,7.69,7.83,0.14,1.77,0.99,55.63,83.3,2025-02-03 17:50:00,NORMAL
181,14,243.62,12.94,13.12,0.18,3.2,0.87,48.14,82.19,2025-02-03 17:55:00,NORMAL
191,29,223.87,9.1,8.52,0.58,1.91,0.76,49.87,62.65,2025-02-03 18:00:00,NORMAL
123,8,231.25,7.24,7.37,0.13,1.7,0.84,48.48,44.6,2025-02-03 18:05:00,NORMAL
107,34,233.98,9.71,10.71,1.0,2.51,0.86,68.68,88.33,2025-02-03 18:10:00,NORMAL
152,40,237.55,13.18,12.87,0.31,3.06,1.0,63.84,78.64,2025-02-03 18:15:00,NORMAL
171,1,227.12,11.73,11.77,0.04,2.67,0.92,68.83,31.02,2025-02-03 18:20:00,NORMAL
103,29,240.12,8.96,8.35,0.61,2.01,0.86,14.97,58.18,2025-02-03 18:25:00,NORMAL
190,36,234.28,9.65,9.8,0.15,2.3,0.83,41.54,36.12,2025-02-03 18:30:00,NORMAL
199,37,213.61,11.99,11.88,0.11,2.54,0.97,31.63,37.93,2025-02-03 18:35:00,NORMAL
104,29,248.37,12.79,12.42,0.37,3.08,0.89,73.19,30.08,2025-02-03 18:40:00,NORMAL
196,5,220.42,6.9,7.77,0.87,1.71,0.81,34.17,71.26,2025-02-03 18:45:00,NORMAL
148,32,249.19,10.31,10.38,0.07,2.59,0.84,54.36,45.15,2025-02-03 18:50:00,NORMAL
197,24,228.42,9.29,9.45,0.16,2.16,0.78,75.17,48.29,2025-02-03 18:55:00,NORMAL
129,19,226.56,9.02,9.03,0.01,2.05,0.99,50.34,32.82,2025-02-03 19:00:00,NORMAL
171,12,233.99,12.68,12.71,0.03,2.97,0.91,39.89,30.48,2025-02-03 19:05:00,NORMAL
162,1,223.01,7.29,7.07,0.22,1.58,0.82,48.49,77.56,2025-02-03 19:10:00,NORMAL
146,7,211.14,11.61,11.29,0.32,2.38,0.75,25.06,69.68,2025-02-03 19:15:00,NORMAL
125,17,228.91,5.44,4.9,0.54,1.12,0.75,22.92,52.94,2025-02-03 19:20:00,NORMAL
156,34,233.75,8.55,8.07,0.48,1.89,0.84,53.69,34.19,2025-02-03 19:25:00,NORMAL
136,43,245.38,10.07,9.25,0.82,2.27,0.84,8.76,76.55,2025-02-03 19:30:00,NORMAL
197,7,218.09,7.38,6.67,0.71,1.45,0.83,44.33,85.58,2025-02-03 19:35:00,NORMAL
106,17,235.8,14.41,13.49,0.92,3.18,0.96,43.28,61.65,2025-02-03 19:40:00,NORMAL
139,3,228.96,8.57,7.73,0.84,1.77,0.99,74.71,38.34,2025-02-03 19:45:00,NORMAL
191,29,230.33,8.4,8.44,0.04,1.94,0.81,53.22,69.15,2025-02-03 19:50:00,NORMAL
138,22,239.72,8.61,8.54,0.07,2.05,0.79,41.03,34.29,2025-02-03 19:55:00,NORMAL
161,38,224.89,11.17,11.06,0.11,2.49,0.93,59.42,39.93,2025-02-03 20:00:00,NORMAL
191,43,231.68,11.81,11.0,0.81,2.55,0.83,48.03,58.24,2025-02-03 20:05:00,NORMAL
177,29,240.9,9.12,9.01,0.11,2.17,0.77,28.88,44.94,2025-02-03 20:10:00,NORMAL
152,42,240.3,10.63,10.01,0.62,2.41,0.75,49.67,85.81,2025-02-03 20:15:00,NORMAL
103,5,217.8,10.79,11.5,0.71,2.5,0.78,47.57,78.53,2025-02-03 20:20:00,NORMAL
181,30,223.87,7.12,7.94,0.82,1.78,0.7,46.53,46.61,2025-02-03 20:25:00,NORMAL
124,23,228.56,9.76,8.88,0.88,2.03,0.98,52.0,87.83,2025-02-03 20:30:00,NORMAL
106,21,238.14,8.74,8.25,0.49,1.96,0.83,61.26,52.7,2025-02-03 20:35:00,NORMAL
127,26,227.49,6.89,6.06,0.83,1.38,0.72,50.75,64.1,2025-02-03 20:40:00,NORMAL
168,47,230.83,10.43,10.95,0.52,2.53,0.75,26.07,63.84,2025-02-03 20:45:00,NORMAL
166,21,242.5,12.03,11.7,0.33,2.84,0.8,22.51,68.98,2025-02-03 20:50:00,NORMAL
194,20,226.61,10.09,10.59,0.5,2.4,0.87,39.52,44.62,2025-02-03 20:55:00,NORMAL
119,23,244.73,4.86,4.17,0.69,1.02,0.91,38.48,85.32,2025-02-03 21:00:00,NORMAL
182,4,213.95,9.09,8.83,0.26,1.89,0.79,50.57,45.94,2025-02-03 21:05:00,NORMAL
110,21,226.07,8.21,8.03,0.18,1.82,0.99,65.12,69.89,2025-02-03 21:10:00,NORMAL
166,21,216.35,13.56,12.88,0.68,2.79,0.93,68.68,75.95,2025-02-03 21:15:00,NORMAL
186,1,231.17,9.32,9.12,0.2,2.11,0.95,35.5,82.89,2025-02-03 21:20:00,NORMAL
106,15,237.51,6.77,6.59,0.18,1.57,0.8,18.62,57.42,2025-02-03 21:25:00,NORMAL
122,17,228.39,9.91,10.39,0.48,2.37,0.81,46.02,72.7,2025-02-03 21:30:00,NORMAL
160,14,225.26,11.27,10.35,0.92,2.33,0.86,61.6,35.12,2025-02-03 21:35:00,NORMAL
170,19,216.4,10.2,9.9,0.3,2.14,0.84,38.57,76.68,2025-02-03 21:40:00,NORMAL
133,34,246.81,8.39,7.88,0.51,1.94,0.78,45.94,75.34,2025-02-03 21:45:00,NORMAL
118,6,229.78,9.08,9.52,0.44,2.19,1.0,42.59,54.64,2025-02-03 21:50:00,NORMAL
157,45,225.48,11.53,10.59,0.94,2.39,0.95,68.85,48.81,2025-02-03 21:55:00,NORMAL
108,49,245.63,10.2,9.87,0.33,2.42,0.77,79.63,52.81,2025-02-03 22:00:00,NORMAL
147,6,226.48,14.05,12.95,1.1,2.93,0.97,55.05,35.43,2025-02-03 22:05:00,LEAKAGE_WARNING
181,5,220.9,10.2,9.46,0.74,2.09,0.88,55.4,68.27,2025-02-03 22:10:00,NORMAL
140,7,222.9,6.94,7.92,0.98,1.77,0.7,24.13,84.78,2025-02-03 22:15:00,NORMAL
147,33,221.43,9.6,8.97,0.63,1.99,0.8,38.72,69.94,2025-02-03 22:20:00,NORMAL
144,13,219.34,8.87,8.17,0.7,1.79,0.71,58.29,64.83,2025-02-03 22:25:00,NORMAL
124,1,223.07,6.9,6.35,0.55,1.42,0.73,51.11,89.44,2025-02-03 22:30:00,NORMAL
177,13,254.15,10.26,9.92,0.34,2.52,0.75,52.69,62.51,2025-02-03 22:35:00,NORMAL
124,43,218.5,9.16,9.03,0.13,1.97,0.85,19.39,50.75,2025-02-03 22:40:00,NORMAL
118,27,215.08,10.3,10.09,0.21,2.17,0.81,13.1,72.28,2025-02-03 22:45:00,NORMAL
138,7,232.78,13.66,12.73,0.93,2.96,0.74,74.35,61.29,2025-02-03 22:50:00,NORMAL
178,3,229.24,9.74,8.77,0.97,2.01,0.82,42.77,88.33,2025-02-03 22:55:00,NORMAL
179,25,236.6,12.05,11.91,0.14,2.82,0.79,19.99,83.88,2025-02-03 23:00:00,NORMAL
126,33,224.46,9.62,9.78,0.16,2.2,0.82,43.16,86.81,2025-02-03 23:05:00,NORMAL
173,40,221.31,10.83,9.97,0.86,2.21,0.75,23.49,30.06,2025-02-03 23:10:00,NORMAL
162,17,246.74,10.24,9.55,0.69,2.36,0.88,27.73,50.05,2025-02-03 23:15:00,NORMAL
167,45,213.88,10.53,10.2,0.33,2.18,0.71,33.85,67.63,2025-02-03 23:20:00,NORMAL
118,14,233.61,9.74,10.0,0.26,2.34,0.82,23.47,48.5,2025-02-03 23:25:00,NORMAL
127,37,236.9,12.9,13.52,0.62,3.2,0.97,-5.94,69.39,2025-02-03 23:30:00,NORMAL
184,23,238.22,11.26,10.66,0.6,2.54,0.83,56.39,72.9,2025-02-03 23:35:00,NORMAL
177,24,226.97,10.23,10.29,0.06,2.34,0.83,36.23,67.4,2025-02-03 23:40:00,NORMAL
132,29,217.52,11.82,11.89,0.07,2.59,0.72,59.26,57.5,2025-02-03 23:45:00,NORMAL
109,38,245.0,10.26,9.82,0.44,2.41,0.88,45.56,71.81,2025-02-03 23:50:00,NORMAL
182,27,225.54,12.23,12.28,0.05,2.77,0.98,17.68,76.82,2025-02-03 23:55:00,NORMAL
129,38,245.3,7.64,7.67,0.03,1.88,0.79,44.56,71.77,2025-02-04 00:00:00,NORMAL
121,40,233.68,14.26,14.4,0.14,3.36,0.82,66.22,78.72,2025-02-04 00:05:00,NORMAL
102,45,225.16,10.34,9.79,0.55,2.2,0.88,43.51,86.84,2025-02-04 00:10:00,NORMAL
181,23,233.93,7.72,7.99,0.27,1.87,0.73,34.14,36.15,2025-02-04 00:15:00,NORMAL
174,31,241.51,11.5,12.04,0.54,2.91,0.99,23.37,84.39,2025-02-04 00:20:00,NORMAL
147,36,230.82,12.59,12.87,0.28,2.97,0.84,36.33,46.41,2025-02-04 00:25:00,NORMAL
101,17,222.62,7.95,7.03,0.92,1.57,0.73,27.56,63.83,2025-02-04 00:30:00,NORMAL
175,37,212.12,9.06,9.15,0.09,1.94,0.8,37.84,86.54,2025-02-04 00:35:00,NORMAL
153,3,225.76,12.03,11.58,0.45,2.61,0.81,12.23,67.2,2025-02-04 00:40:00,NORMAL
105,36,238.08,11.13,11.08,0.05,2.64,0.8,26.75,35.05,2025-02-04 00:45:00,NORMAL
139,5,219.9,9.12,9.02,0.1,1.98,0.91,53.95,59.95,2025-02-04 00:50:00,NORMAL
192,46,236.81,9.5,8.61,0.89,2.04,0.8,47.18,83.66,2025-02-04 00:55:00,NORMAL
193,15,230.28,7.5,7.24,0.26,1.67,0.8,40.0,54.73,2025-02-04 01:00:00,NORMAL
101,49,237.45,8.02,6.99,1.03,1.66,0.8,25.97,80.88,2025-02-04 01:05:00,LEAKAGE_WARNING
172,6,206.61,6.65,5.48,1.17,1.13,0.93,69.65,77.65,2025-02-04 01:10:00,LEAKAGE_WARNING
101,10,215.8,9.3,8.31,0.99,1.79,0.79,77.63,84.39,2025-02-04 01:15:00,NORMAL
192,32,225.37,11.36,11.42,0.06,2.57,0.7,26.4,45.78,2025-02-04 01:20:00,NORMAL
196,23,248.66,9.47,9.18,0.29,2.28,0.81,57.93,59.79,2025-02-04 01:25:00,NORMAL
173,48,222.46,12.23,11.29,0.94,2.51,0.78,27.22,50.11,2025-02-04 01:30:00,NORMAL
197,17,228.73,8.71,8.11,0.6,1.86,0.97,53.01,62.06,2025-02-04 01:35:00,NORMAL
154,46,251.51,7.02,6.24,0.78,1.57,0.84,8.8,31.15,2025-02-04 01:40:00,NORMAL
171,20,234.29,12.31,11.49,0.82,2.69,0.77,35.75,44.5,2025-02-04 01:45:00,NORMAL
159,44,238.6,10.73,9.88,0.85,2.36,0.99,47.86,88.44,2025-02-04 01:50:00,NORMAL
196,41,223.58,12.45,12.74,0.29,2.85,0.77,50.83,66.19,2025-02-04 01:55:00,NORMAL
105,15,241.79,9.33,9.16,0.17,2.21,0.93,29.71,40.4,2025-02-04 02:00:00,NORMAL
118,44,243.31,13.18,13.3,0.12,3.24,0.89,53.86,60.5,2025-02-04 02:05:00,NORMAL
195,46,235.02,7.85,7.71,0.14,1.81,0.84,43.72,71.88,2025-02-04 02:10:00,NORMAL
126,22,229.14,9.43,9.12,0.31,2.09,0.82,22.98,66.22,2025-02-04 02:15:00,NORMAL
100,6,235.59,10.82,10.57,0.25,2.49,0.96,28.04,60.12,2025-02-04 02:20:00,NORMAL
132,4,213.74,9.06,9.15,0.09,1.96,0.84,69.66,70.44,2025-02-04 02:25:00,NORMAL
139,23,240.89,10.46,10.89,0.43,2.62,0.81,47.75,40.02,2025-02-04 02:30:00,NORMAL
131,44,221.51,12.5,13.06,0.56,2.89,0.81,38.44,56.29,2025-02-04 02:35:00,NORMAL
168,45,227.21,10.75,9.63,1.12,2.19,0.78,22.21,75.02,2025-02-04 02:40:00,LEAKAGE_WARNING
116,19,243.18,9.64,8.82,0.82,2.14,0.82,36.4,64.77,2025-02-04 02:45:00,NORMAL
107,45,240.98,12.45,12.08,0.37,2.91,0.74,47.93,84.38,2025-02-04 02:50:00,NORMAL
156,31,213.79,11.02,12.25,1.23,2.62,0.72,50.8,56.63,2025-02-04 02:55:00,LEAKAGE_WARNING
141,44,220.53,9.98,10.19,0.21,2.25,0.86,46.88,37.93,2025-02-04 03:00:00,NORMAL
197,3,236.4,9.84,9.39,0.45,2.22,0.84,34.76,32.93,2025-02-04 03:05:00,NORMAL
108,28,212.61,9.26,8.64,0.62,1.84,0.75,16.43,58.65,2025-02-04 03:10:00,NORMAL
186,3,244.19,11.69,11.64,0.05,2.84,0.73,43.57,56.25,2025-02-04 03:15:00,NORMAL
134,14,231.18,11.76,11.28,0.48,2.61,0.74,44.43,45.39,2025-02-04 03:20:00,NORMAL
170,18,244.13,12.53,12.38,0.15,3.02,0.79,31.84,65.43,2025-02-04 03:25:00,NORMAL
178,27,222.55,10.86,10.09,0.77,2.25,0.84,41.8,45.01,2025-02-04 03:30:00,NORMAL
152,10,223.44,8.91,8.73,0.18,1.95,0.76,46.49,42.98,2025-02-04 03:35:00,NORMAL
153,49,240.34,10.66,10.5,0.16,2.52,0.93,49.91,67.33,2025-02-04 03:40:00,NORMAL
183,15,227.04,8.88,8.93,0.05,2.03,0.76,57.26,86.7,2025-02-04 03:45:00,NORMAL
124,19,217.59,10.32,9.74,0.58,2.12,0.74,8.22,42.17,2025-02-04 03:50:00,NORMAL
166,9,235.61,12.82,12.41,0.41,2.92,1.0,51.9,40.97,2025-02-04 03:55:00,NORMAL
161,4,214.08,12.36,12.74,0.38,2.73,0.83,20.65,61.16,2025-02-04 04:00:00,NORMAL
154,15,244.42,11.81,11.42,0.39,2.79,0.75,29.2,37.17,2025-02-04 04:05:00,NORMAL
145,48,231.84,9.95,9.66,0.29,2.24,0.97,61.25,47.65,2025-02-04 04:10:00,NORMAL
123,8,221.1,11.79,11.11,0.68,2.46,0.77,26.4,89.45,2025-02-04 04:15:00,NORMAL
197,49,241.45,8.72,8.56,0.16,2.07,0.98,58.18,80.46,2025-02-04 04:20:00,NORMAL
145,1,241.63,7.08,7.37,0.29,1.78,0.74,36.07,72.37,2025-02-04 04:25:00,NORMAL
121,7,230.04,10.54,10.57,0.03,2.43,0.95,67.55,31.56,2025-02-04 04:30:00,NORMAL
110,31,252.75,9.25,8.13,1.12,2.05,0.76,24.43,45.9,2025-02-04 04:35:00,LEAKAGE_WARNING
147,18,252.52,13.57,13.48,0.09,3.4,0.98,43.65,64.18,2025-02-04 04:40:00,NORMAL
107,12,233.23,13.26,12.54,0.72,2.92,0.87,2.67,72.62,2025-02-04 04:45:00,NORMAL
138,48,240.65,8.62,9.11,0.49,2.19,0.76,46.38,70.1,2025-02-04 04:50:00,NORMAL
134,30,243.09,11.39,10.99,0.4,2.67,0.95,20.08,41.13,2025-02-04 04:55:00,NORMAL
148,33,218.65,6.05,6.62,0.57,1.45,0.82,41.17,57.98,2025-02-04 05:00:00,NORMAL
145,47,232.87,10.68,10.44,0.24,2.43,0.92,31.81,41.91,2025-02-04 05:05:00,NORMAL
137,7,223.18,10.63,10.8,0.17,2.41,0.89,72.05,85.41,2025-02-04 05:10:00,NORMAL
107,28,221.77,8.01,8.27,0.26,1.83,0.91,38.14,63.44,2025-02-04 05:15:00,NORMAL
153,49,231.22,10.33,10.65,0.32,2.46,0.8,70.05,53.42,2025-02-04 05:20:00,NORMAL
136,3,231.97,8.14,8.05,0.09,1.87,0.98,29.89,85.08,2025-02-04 05:25:00,NORMAL
190,43,213.88,11.7,12.45,0.75,2.66,0.87,-5.04,84.24,2025-02-04 05:30:00,NORMAL
191,6,233.44,10.37,10.89,0.52,2.54,0.72,56.39,60.25,2025-02-04 05:35:00,NORMAL
139,31,227.49,12.99,12.74,0.25,2.9,0.72,26.65,71.21,2025-02-04 05:40:00,NORMAL
133,38,243.98,6.94,7.61,0.67,1.86,0.92,61.71,49.13,2025-02-04 05:45:00,NORMAL
195,15,241.63,8.26,8.82,0.56,2.13,0.95,42.85,48.46,2025-02-04 05:50:00,NORMAL
178,7,221.44,9.03,7.94,1.09,1.76,0.91,53.99,62.97,2025-02-04 05:55:00,LEAKAGE_WARNING
116,43,243.13,10.98,9.99,0.99,2.43,0.78,58.38,80.8,2025-02-04 06:00:00,NORMAL
132,30,235.36,10.54,10.76,0.22,2.53,0.77,78.27,65.83,2025-02-04 06:05:00,NORMAL
146,27,227.82,10.85,10.49,0.36,2.39,0.87,60.96,57.54,2025-02-04 06:10:00,NORMAL
151,17,224.88,8.7,8.91,0.21,2.0,0.76,47.87,69.85,2025-02-04 06:15:00,NORMAL
179,18,218.52,6.19,6.38,0.19,1.39,0.81,58.01,78.74,2025-02-04 06:20:00,NORMAL
192,22,217.82,8.48,9.85,1.37,2.15,0.89,56.39,77.24,2025-02-04 06:25:00,LEAKAGE_WARNING
108,26,211.73,12.82,11.86,0.96,2.51,0.79,52.53,52.24,2025-02-04 06:30:00,NORMAL
132,27,230.21,8.76,8.28,0.48,1.91,0.81,75.39,86.14,2025-02-04 06:35:00,NORMAL
159,40,209.4,10.35,9.78,0.57,2.05,0.81,41.6,30.95,2025-02-04 06:40:00,NORMAL
192,24,221.33,10.12,9.65,0.47,2.14,0.84,47.29,57.05,2025-02-04 06:45:00,NORMAL
176,8,236.57,10.37,10.27,0.1,2.43,0.9,36.31,84.45,2025-02-04 06:50:00,NORMAL
120,21,244.93,7.33,7.37,0.04,1.81,0.93,86.48,71.76,2025-02-04 06:55:00,OVERHEAT
157,29,218.52,11.64,11.46,0.18,2.5,0.9,40.32,72.24,2025-02-04 07:00:00,NORMAL
184,43,236.1,9.8,8.87,0.93,2.09,0.71,50.31,39.39,2025-02-04 07:05:00,NORMAL
168,21,226.9,14.62,14.41,0.21,3.27,0.97,30.64,64.92,2025-02-04 07:10:00,NORMAL
109,3,224.84,9.25,8.08,1.17,1.82,0.87,38.78,88.02,2025-02-04 07:15:00,LEAKAGE_WARNING
105,31,231.55,11.95,12.14,0.19,2.81,0.98,60.26,42.69,2025-02-04 07:20:00,NORMAL
112,27,223.45,9.22,9.77,0.55,2.18,0.99,43.07,49.63,2025-02-04 07:25:00,NORMAL
164,46,229.16,13.84,14.1,0.26,3.23,0.84,62.71,53.32,2025-02-04 07:30:00,NORMAL
119,27,230.71,11.46,11.34,0.12,2.62,0.97,57.35,51.59,2025-02-04 07:35:00,NORMAL
156,9,241.61,7.43,6.54,0.89,1.58,0.81,43.43,67.62,2025-02-04 07:40:00,NORMAL
145,33,243.77,12.81,12.85,0.04,3.13,0.78,31.69,44.07,2025-02-04 07:45:00,NORMAL
107,33,224.01,11.55,12.08,0.53,2.71,0.72,49.48,60.34,2025-02-04 07:50:00,NORMAL
109,26,227.3,9.07,8.86,0.21,2.01,0.84,49.5,54.01,2025-02-04 07:55:00,NORMAL
172,28,238.04,6.77,5.96,0.81,1.42,0.91,45.24,68.67,2025-02-04 08:00:00,NORMAL
166,44,228.19,12.4,12.2,0.2,2.78,0.99,49.53,44.52,2025-02-04 08:05:00,NORMAL
110,43,237.14,13.46,13.16,0.3,3.12,0.86,34.47,63.19,2025-02-04 08:10:00,NORMAL
111,31,239.02,12.24,12.05,0.19,2.88,0.92,54.94,74.42,2025-02-04 08:15:00,NORMAL
109,1,240.19,11.74,11.65,0.09,2.8,0.97,51.38,71.58,2025-02-04 08:20:00,NORMAL
124,20,230.88,11.12,9.72,1.4,2.24,0.86,33.54,80.06,2025-02-04 08:25:00,LEAKAGE_WARNING
148,12,218.37,12.12,11.26,0.86,2.46,0.75,37.89,87.37,2025-02-04 08:30:00,NORMAL
148,17,228.32,9.48,8.34,1.14,1.9,0.95,44.18,81.24,2025-02-04 08:35:00,LEAKAGE_WARNING
188,15,224.93,6.37,4.73,1.64,1.06,0.87,38.02,86.29,2025-02-04 08:40:00,LEAKAGE_WARNING
110,34,237.77,11.52,10.68,0.84,2.54,0.93,33.36,31.05,2025-02-04 08:45:00,NORMAL
161,16,245.25,10.79,10.83,0.04,2.66,0.9,60.59,67.74,2025-02-04 08:50:00,NORMAL
135,4,245.54,7.19,6.55,0.64,1.61,0.72,58.39,46.06,2025-02-04 08:55:00,NORMAL
138,8,238.86,5.61,4.45,1.16,1.06,0.75,54.11,78.54,2025-02-04 09:00:00,LEAKAGE_WARNING
152,34,220.65,10.16,9.69,0.47,2.14,0.79,27.4,79.14,2025-02-04 09:05:00,NORMAL
189,46,244.03,9.69,9.66,0.03,2.36,0.79,72.78,32.87,2025-02-04 09:10:00,NORMAL
177,25,234.27,9.52,8.63,0.89,2.02,0.95,49.77,65.73,2025-02-04 09:15:00,NORMAL
155,15,221.75,11.16,11.6,0.44,2.57,0.88,43.13,81.05,2025-02-04 09:20:00,NORMAL
100,28,238.62,8.51,8.24,0.27,1.97,0.73,57.47,65.24,2025-02-04 09:25:00,NORMAL
155,9,227.79,11.37,10.79,0.58,2.46,0.82,43.25,55.53,2025-02-04 09:30:00,NORMAL
103,2,210.5,11.39,11.24,0.15,2.37,0.87,1.79,34.61,2025-02-04 09:35:00,NORMAL
129,17,220.2,4.68,4.17,0.51,0.92,0.78,48.96,73.82,2025-02-04 09:40:00,NORMAL
111,10,229.35,9.86,9.33,0.53,2.14,0.71,61.38,34.48,2025-02-04 09:45:00,NORMAL
134,9,228.95,10.4,9.92,0.48,2.27,0.81,50.74,65.87,2025-02-04 09:50:00,NORMAL
176,31,219.35,11.5,11.39,0.11,2.5,0.84,17.08,85.06,2025-02-04 09:55:00,NORMAL
151,2,237.51,11.1,11.1,0.0,2.64,0.97,57.78,55.15,2025-02-04 10:00:00,NORMAL
130,24,235.2,6.5,6.36,0.14,1.5,0.97,49.09,76.21,2025-02-04 10:05:00,NORMAL
186,19,215.64,10.19,10.68,0.49,2.3,0.85,50.12,77.99,2025-02-04 10:10:00,NORMAL
167,17,256.33,9.48,8.59,0.89,2.2,0.84,22.14,30.62,2025-02-04 10:15:00,NORMAL
151,43,217.85,12.15,11.68,0.47,2.54,0.89,36.69,84.9,2025-02-04 10:20:00,NORMAL
179,49,225.42,7.6,7.32,0.28,1.65,0.78,28.48,41.33,2025-02-04 10:25:00,NORMAL
106,10,233.75,9.99,10.13,0.14,2.37,0.79,58.55,46.96,2025-02-04 10:30:00,NORMAL
121,28,225.45,11.74,11.48,0.26,2.59,0.7,52.08,82.25,2025-02-04 10:35:00,NORMAL
192,38,244.54,11.52,11.27,0.25,2.76,0.72,35.53,71.2,2025-02-04 10:40:00,NORMAL
174,48,228.25,9.69,9.71,0.02,2.22,0.75,33.75,52.31,2025-02-04 10:45:00,NORMAL
155,28,220.78,12.36,11.63,0.73,2.57,0.89,40.28,35.27,2025-02-04 10:50:00,NORMAL
196,1,236.15,8.54,8.91,0.37,2.1,0.76,49.34,53.17,2025-02-04 10:55:00,NORMAL
157,3,201.01,11.46,11.72,0.26,2.36,0.74,58.33,87.98,2025-02-04 11:00:00,NORMAL
192,15,235.34,11.8,11.04,0.76,2.6,0.88,31.32,36.28,2025-02-04 11:05:00,NORMAL
163,10,242.9,7.26,6.31,0.95,1.53,0.9,50.4,80.77,2025-02-04 11:10:00,NORMAL
111,21,206.93,12.61,12.27,0.34,2.54,0.72,39.5,49.52,2025-02-04 11:15:00,NORMAL
106,37,225.96,6.7,6.99,0.29,1.58,0.93,0.83,69.27,2025-02-04 11:20:00,NORMAL
154,15,213.54,10.75,9.89,0.86,2.11,0.88,37.01,67.89,2025-02-04 11:25:00,NORMAL
161,23,230.13,9.06,8.75,0.31,2.01,0.82,51.03,49.54,2025-02-04 11:30:00,NORMAL
189,14,252.44,12.02,11.76,0.26,2.97,0.99,32.76,33.26,2025-02-04 11:35:00,NORMAL
172,15,232.29,10.66,9.69,0.97,2.25,0.7,50.24,38.93,2025-02-04 11:40:00,NORMAL
197,10,227.81,13.58,12.96,0.62,2.95,0.86,55.47,63.95,2025-02-04 11:45:00,NORMAL
176,9,201.76,12.27,12.25,0.02,2.47,0.75,62.31,86.93,2025-02-04 11:50:00,NORMAL
154,44,218.94,10.26,10.85,0.59,2.38,0.8,29.06,85.55,2025-02-04 11:55:00,NORMAL
135,39,228.67,12.41,12.37,0.04,2.83,0.74,62.63,36.81,2025-02-04 12:00:00,NORMAL
188,5,230.93,9.79,9.35,0.44,2.16,0.9,45.5,82.51,2025-02-04 12:05:00,NORMAL
123,25,233.43,7.82,7.3,0.52,1.7,0.82,21.43,44.03,2025-02-04 12:10:00,NORMAL
143,42,237.68,9.09,9.5,0.41,2.26,1.0,41.38,84.59,2025-02-04 12:15:00,NORMAL
116,26,220.94,9.77,9.89,0.12,2.19,0.9,40.56,75.51,2025-02-04 12:20:00,NORMAL
101,8,230.4,3.78,5.06,1.28,1.17,0.98,36.91,87.68,2025-02-04 12:25:00,LEAKAGE_WARNING
112,22,225.04,12.77,12.4,0.37,2.79,0.77,26.43,56.5,2025-02-04 12:30:00,NORMAL
130,25,220.62,9.81,10.47,0.66,2.31,0.8,48.58,73.9,2025-02-04 12:35:00,NORMAL
192,48,221.28,11.93,11.96,0.03,2.65,0.81,44.08,74.12,2025-02-04 12:40:00,NORMAL
127,12,235.41,10.32,10.57,0.25,2.49,0.95,36.74,59.77,2025-02-04 12:45:00,NORMAL
159,9,204.36,6.92,6.38,0.54,1.3,0.76,30.67,88.47,2025-02-04 12:50:00,NORMAL
126,10,211.45,10.16,9.77,0.39,2.07,0.98,17.53,44.62,2025-02-04 12:55:00,NORMAL
114,48,261.67,9.76,9.93,0.17,2.6,0.71,68.21,89.17,2025-02-04 13:00:00,VOLTAGE_FAULT
194,10,223.35,8.63,8.35,0.28,1.86,0.97,41.0,78.73,2025-02-04 13:05:00,NORMAL
178,9,244.69,9.22,8.68,0.54,2.12,0.84,56.91,66.97,2025-02-04 13:10:00,NORMAL
132,26,229.35,10.05,9.7,0.35,2.22,0.86,61.74,34.54,2025-02-04 13:15:00,NORMAL
119,35,224.38,5.09,6.58,1.49,1.48,1.0,60.58,45.56,2025-02-04 13:20:00,LEAKAGE_WARNING
141,27,236.57,10.72,9.37,1.35,2.22,0.96,55.06,80.48,2025-02-04 13:25:00,LEAKAGE_WARNING
111,31,230.81,11.21,10.74,0.47,2.48,0.97,48.37,73.69,2025-02-04 13:30:00,NORMAL
172,19,228.21,11.0,10.24,0.76,2.34,0.88,19.49,87.76,2025-02-04 13:35:00,NORMAL
122,43,229.56,9.44,9.6,0.16,2.2,0.99,68.65,53.81,2025-02-04 13:40:00,NORMAL
171,38,233.94,13.93,14.2,0.27,3.32,0.91,27.88,83.67,2025-02-04 13:45:00,NORMAL
195,6,223.12,11.02,11.09,0.07,2.47,0.95,67.39,81.71,2025-02-04 13:50:00,NORMAL
113,15,225.18,9.16,7.96,1.2,1.79,0.92,40.58,87.97,2025-02-04 13:55:00,LEAKAGE_WARNING
190,29,220.22,7.52,7.48,0.04,1.65,0.93,59.81,46.35,2025-02-04 14:00:00,NORMAL
124,47,217.93,7.27,7.1,0.17,1.55,0.89,57.79,59.67,2025-02-04 14:05:00,NORMAL
176,45,248.5,10.8,9.67,1.13,2.4,0.92,50.42,34.86,2025-02-04 14:10:00,LEAKAGE_WARNING
184,5,220.94,11.44,11.42,0.02,2.52,0.83,50.33,65.46,2025-02-04 14:15:00,NORMAL
130,14,239.99,10.25,10.04,0.21,2.41,0.91,42.32,73.94,2025-02-04 14:20:00,NORMAL
153,2,226.44,9.89,10.35,0.46,2.34,0.78,45.69,44.28,2025-02-04 14:25:00,NORMAL
104,23,235.4,9.32,8.15,1.17,1.92,0.89,45.58,40.18,2025-02-04 14:30:00,LEAKAGE_WARNING
112,44,229.98,10.99,11.17,0.18,2.57,0.86,47.45,68.37,2025-02-04 14:35:00,NORMAL
127,46,212.09,8.45,8.34,0.11,1.77,0.97,43.01,53.59,2025-02-04 14:40:00,NORMAL
142,19,230.29,9.96,11.43,1.47,2.63,0.9,25.03,55.59,2025-02-04 14:45:00,LEAKAGE_WARNING
188,24,236.06,10.19,10.08,0.11,2.38,0.88,38.73,58.27,2025-02-04 14:50:00,NORMAL
198,20,220.45,11.15,10.99,0.16,2.42,0.79,51.4,60.69,2025-02-04 14:55:00,NORMAL
146,47,253.22,8.36,8.37,0.01,2.12,0.96,43.0,41.73,2025-02-04 15:00:00,NORMAL
170,27,238.12,7.99,8.66,0.67,2.06,0.72,45.15,64.66,2025-02-04 15:05:00,NORMAL
137,24,238.21,10.1,9.63,0.47,2.29,0.97,35.9,34.15,2025-02-04 15:10:00,NORMAL
195,17,239.27,10.41,11.16,0.75,2.67,0.9,53.6,36.81,2025-02-04 15:15:00,NORMAL
166,25,206.66,9.99,10.62,0.63,2.19,0.76,54.37,72.69,2025-02-04 15:20:00,NORMAL
161,46,237.05,4.57,4.5,0.07,1.07,0.97,10.06,73.89,2025-02-04 15:25:00,NORMAL
138,31,252.76,10.67,9.86,0.81,2.49,0.8,21.61,45.98,2025-02-04 15:30:00,NORMAL
136,28,237.59,15.14,14.96,0.18,3.55,0.75,42.28,41.08,2025-02-04 15:35:00,NORMAL
185,28,227.37,11.84,11.49,0.35,2.61,0.8,52.53,33.24,2025-02-04 15:40:00,NORMAL
107,22,218.85,6.09,6.23,0.14,1.36,0.99,49.49,55.13,2025-02-04 15:45:00,NORMAL
180,5,217.88,9.19,9.33,0.14,2.03,0.93,42.92,60.54,2025-02-04 15:50:00,NORMAL
151,44,216.68,9.61,8.97,0.64,1.94,0.98,57.49,83.97,2025-02-04 15:55:00,NORMAL
190,42,226.0,9.36,8.54,0.82,1.93,0.79,54.09,30.15,2025-02-04 16:00:00,NORMAL
132,8,219.32,7.52,6.76,0.76,1.48,0.72,42.02,54.35,2025-02-04 16:05:00,NORMAL
180,38,228.48,8.21,7.7,0.51,1.76,0.87,42.9,55.16,2025-02-04 16:10:00,NORMAL
141,28,232.04,11.87,11.51,0.36,2.67,0.84,25.37,83.19,2025-02-04 16:15:00,NORMAL
175,47,212.8,11.49,12.01,0.52,2.56,0.92,46.51,41.76,2025-02-04 16:20:00,NORMAL
126,12,222.35,9.78,9.86,0.08,2.19,0.86,53.43,33.97,2025-02-04 16:25:00,NORMAL
107,25,224.21,11.9,12.06,0.16,2.7,0.82,34.18,52.9,2025-02-04 16:30:00,NORMAL
122,38,223.93,8.69,8.45,0.24,1.89,0.7,45.58,66.74,2025-02-04 16:35:00,NORMAL
163,44,230.18,9.31,8.72,0.59,2.01,0.84,50.05,81.49,2025-02-04 16:40:00,NORMAL
192,15,231.25,9.27,9.24,0.03,2.14,0.74,58.07,46.14,2025-02-04 16:45:00,NORMAL
119,44,225.76,6.9,7.95,1.05,1.79,0.98,40.38,45.08,2025-02-04 16:50:00,LEAKAGE_WARNING
115,41,223.28,9.49,8.66,0.83,1.93,0.98,32.08,49.56,2025-02-04 16:55:00,NORMAL
116,34,229.79,13.28,13.53,0.25,3.11,0.94,39.95,37.09,2025-02-04 17:00:00,NORMAL
179,45,244.42,13.06,13.28,0.22,3.25,0.75,49.38,88.63,2025-02-04 17:05:00,NORMAL
118,13,215.45,10.23,9.71,0.52,2.09,0.74,48.54,62.44,2025-02-04 17:10:00,NORMAL
107,8,241.32,9.56,9.62,0.06,2.32,0.87,21.93,46.33,2025-02-04 17:15:00,NORMAL
